text,label,user_id,timestamp,parent_user_id,url
Weekend plans include reading. Should be fun!,0,user_000475,2025-08-31T21:17:46Z,,
Beautiful sunset today in London! 🌅 #photography,0,user_000206,2026-01-25T14:14:13Z,,https://wikipedia.org/article/4495
Reading about technology trends - fascinating developments in the field,0,user_000025,2025-12-01T13:15:33Z,,
Weather update: It's cloudy in Tokyo today,0,user_000374,2025-09-20T03:41:13Z,,
Reminder: presentation is coming up next week. Looking forward to it!,0,user_000440,2026-01-04T20:25:09Z,,
Great meeting with the sales team today. Productive discussions!,0,user_000232,2025-12-27T09:22:13Z,,https://techcrunch.com/article/4729
Weekend plans include hiking. Should be fun!,0,user_000629,2026-01-14T06:00:26Z,,
Reading about climate change - fascinating developments in the field,0,user_000166,2026-02-04T12:16:48Z,,
Celebrating achievement with the family today! 🎉,0,user_000113,2025-09-23T09:02:20Z,,
Weekend plans include hiking. Should be fun!,0,user_000653,2026-01-06T13:03:42Z,,
Reminder: webinar is coming up next week. Looking forward to it!,0,user_000087,2025-12-06T11:14:03Z,,https://medium.com/article/2143
Just finished reading an interesting article about renewable energy. Thoughts?,0,user_000008,2026-01-16T02:14:47Z,,https://wikipedia.org/article/4629
Beautiful sunset today in Sydney! 🌅 #photography,0,user_000363,2025-08-24T16:56:47Z,,
Just finished reading an interesting article about renewable energy. Thoughts?,0,user_000183,2025-11-23T22:58:26Z,,https://techcrunch.com/article/9842
Your Netflix payment failed. Update info to avoid suspension: https://claim-reward.org/secure875,1,user_000103,2025-12-06T12:26:54Z,,https://claim-reward.org/secure875
Weather update: It's sunny in New York today,0,user_000811,2025-11-02T00:12:56Z,,https://twitter.com/article/8989
BREAKING: Microsoft is giving away smart TV! Get yours: https://tinyurl.com/confirm748,1,user_000209,2025-09-21T09:46:10Z,,https://tinyurl.com/confirm748
Beautiful sunset today in Tokyo! 🌅 #photography,0,user_000110,2026-02-05T22:08:54Z,,https://techcrunch.com/article/4651
Great meeting with the sales team today. Productive discussions!,0,user_000768,2025-11-19T15:00:31Z,,https://linkedin.com/article/3578
Just finished reading an interesting article about climate change. Thoughts?,0,user_000545,2025-11-26T23:17:27Z,,https://linkedin.com/article/3639
Great meeting with the product team today. Productive discussions!,0,user_000759,2025-12-24T17:45:24Z,,https://medium.com/article/8723
Reading about climate change - fascinating developments in the field,0,user_000784,2025-09-06T08:21:17Z,,https://medium.com/article/7315
Your package could not be delivered. Reschedule: https://verify-now.net/verify195,1,user_000588,2026-02-08T19:44:56Z,,https://verify-now.net/verify195
Weather update: It's snowy in California today,0,user_000642,2025-09-13T15:30:40Z,,
Weekend plans include hiking. Should be fun!,0,user_000370,2025-12-23T17:58:36Z,,
⚠️ Account Locked: Your Microsoft needs immediate verification: https://claim-reward.org/update367,1,user_000192,2025-12-28T19:25:23Z,,https://claim-reward.org/update367
Reading about technology trends - fascinating developments in the field,0,user_000199,2025-09-10T18:33:02Z,,
Beautiful sunset today in Sydney! 🌅 #photography,0,user_000895,2025-11-18T05:42:21Z,,
Weather update: It's snowy in Tokyo today,0,user_000281,2025-11-22T15:29:40Z,,
Coffee break thoughts: innovation drives progress What do you think?,0,user_000023,2025-09-04T12:17:15Z,,https://youtube.com/article/9364
Celebrating graduation with the family today! 🎉,0,user_000171,2025-10-01T14:11:03Z,,
Just finished reading an interesting article about AI. Thoughts?,0,user_000286,2026-02-04T18:33:12Z,,https://youtube.com/article/9294
Celebrating anniversary with the family today! 🎉,0,user_000512,2025-10-31T22:57:26Z,,
Weather update: It's cloudy in Sydney today,0,user_000684,2026-01-11T01:10:35Z,,
Weather update: It's rainy in California today,0,user_000468,2025-09-27T00:31:53Z,,https://wikipedia.org/article/5408
Congratulations! You've won a vacation package! Claim now: https://urgent-action.com/confirm106 Limited time offer!,1,user_000532,2025-11-22T06:02:35Z,,https://urgent-action.com/confirm106
Reading about technology trends - fascinating developments in the field,0,user_000294,2025-11-19T12:42:14Z,,
Working on a new website project. Exciting times ahead!,0,user_000378,2025-10-20T20:12:48Z,,
Great meeting with the sales team today. Productive discussions!,0,user_000632,2026-01-31T13:01:08Z,,
Weekend plans include reading. Should be fun!,0,user_000593,2026-01-22T02:15:27Z,,
Coffee break thoughts: learning never stops What do you think?,0,user_000376,2025-09-19T08:47:57Z,,
Reading about technology trends - fascinating developments in the field,0,user_000333,2025-12-14T05:45:34Z,,https://wikipedia.org/article/6903
Great meeting with the sales team today. Productive discussions!,0,user_000643,2025-09-15T18:36:46Z,,
Weekend plans include coding. Should be fun!,0,user_000936,2025-10-09T14:04:57Z,,
Weather update: It's rainy in California today,0,user_000858,2025-09-20T01:25:47Z,,
Coffee break thoughts: collaboration is key What do you think?,0,user_000212,2025-10-02T04:26:49Z,,https://twitter.com/article/7504
Coffee break thoughts: learning never stops What do you think?,0,user_000264,2025-12-01T08:49:59Z,,https://github.com/article/6846
Weekend plans include cooking. Should be fun!,0,user_000292,2025-10-28T16:14:40Z,,
Security Alert: Suspicious activity on your PayPal. Confirm identity: https://secure-verify.net/update580,1,user_000984,2026-01-14T08:46:48Z,,https://secure-verify.net/update580
Coffee break thoughts: collaboration is key What do you think?,0,user_000553,2025-12-18T01:47:14Z,,https://wikipedia.org/article/8161
Great meeting with the engineering team today. Productive discussions!,0,user_000936,2025-11-14T13:37:08Z,,
Working on a new machine learning project. Exciting times ahead!,0,user_000358,2025-09-05T03:55:09Z,,
Reading about AI - fascinating developments in the field,0,user_000740,2025-11-17T22:36:49Z,,
Just finished reading an interesting article about climate change. Thoughts?,0,user_000803,2025-12-25T23:23:33Z,,
Weather update: It's windy in Sydney today,0,user_000155,2026-02-06T23:42:42Z,,
⚠️ Account Locked: Your Apple needs immediate verification: https://secure-verify.net/verify271,1,user_000744,2025-08-20T09:11:13Z,,https://secure-verify.net/verify271
Weekend plans include hiking. Should be fun!,0,user_000895,2025-10-26T16:24:11Z,,
Reminder: conference is coming up next week. Looking forward to it!,0,user_000908,2025-11-20T21:14:33Z,,
Weekend plans include traveling. Should be fun!,0,user_000450,2025-11-13T21:51:10Z,,
Coffee break thoughts: collaboration is key What do you think?,0,user_000449,2025-09-24T12:25:35Z,,
Great meeting with the marketing team today. Productive discussions!,0,user_000870,2025-09-26T21:19:38Z,,
Celebrating anniversary with the family today! 🎉,0,user_000334,2025-12-23T23:35:03Z,,
Just finished reading an interesting article about renewable energy. Thoughts?,0,user_000973,2025-09-02T18:46:33Z,,
Coffee break thoughts: collaboration is key What do you think?,0,user_000314,2025-12-27T14:56:02Z,,https://news.bbc.co.uk/article/9621
Working on a new research project. Exciting times ahead!,0,user_000215,2026-01-29T16:52:33Z,,
Weekend plans include cooking. Should be fun!,0,user_000238,2026-01-06T16:26:09Z,,
Great meeting with the design team today. Productive discussions!,0,user_000552,2026-02-14T10:40:55Z,,
Working on a new mobile app project. Exciting times ahead!,0,user_000101,2026-02-12T21:12:36Z,,
Working on a new research project. Exciting times ahead!,0,user_000782,2026-02-13T15:48:12Z,,
Beautiful sunset today in New York! 🌅 #photography,0,user_000191,2025-12-06T08:15:20Z,,
Celebrating promotion with the family today! 🎉,0,user_000719,2025-10-22T22:13:41Z,,
Great meeting with the product team today. Productive discussions!,0,user_000831,2025-12-07T14:09:53Z,,
Celebrating graduation with the family today! 🎉,0,user_000797,2025-10-24T13:10:23Z,,
Weather update: It's rainy in New York today,0,user_000875,2025-08-29T05:44:11Z,,
Great meeting with the marketing team today. Productive discussions!,0,user_000463,2025-09-27T05:21:14Z,,
Working on a new website project. Exciting times ahead!,0,user_000462,2025-08-28T22:57:57Z,,
Weather update: It's windy in Tokyo today,0,user_000218,2025-09-23T20:20:19Z,,https://medium.com/article/7332
Just finished reading an interesting article about space exploration. Thoughts?,0,user_000483,2025-12-18T01:21:30Z,,
Great meeting with the engineering team today. Productive discussions!,0,user_000863,2026-01-07T09:06:11Z,,
Reminder: meetup is coming up next week. Looking forward to it!,0,user_000581,2025-09-14T13:23:03Z,,https://news.bbc.co.uk/article/3502
Great meeting with the design team today. Productive discussions!,0,user_000924,2025-09-10T15:17:44Z,,
Celebrating anniversary with the family today! 🎉,0,user_000792,2025-10-09T11:14:26Z,,
Just finished reading an interesting article about climate change. Thoughts?,0,user_000553,2025-09-14T08:25:35Z,,https://wikipedia.org/article/8808
Just finished reading an interesting article about climate change. Thoughts?,0,user_000083,2025-10-20T17:41:39Z,,
Weekend plans include traveling. Should be fun!,0,user_000231,2025-11-14T08:13:26Z,,
Coffee break thoughts: collaboration is key What do you think?,0,user_000113,2026-02-06T09:09:44Z,,
Weekend plans include traveling. Should be fun!,0,user_000302,2025-12-02T18:00:45Z,,
Limited Time: Get vacation package absolutely FREE! Click here: https://claim-reward.org/secure565,1,user_000026,2025-09-05T08:33:10Z,,https://claim-reward.org/secure565
Celebrating graduation with the family today! 🎉,0,user_000619,2026-02-02T03:54:57Z,,
Celebrating anniversary with the family today! 🎉,0,user_000592,2025-08-21T00:27:47Z,,
Weekend plans include reading. Should be fun!,0,user_000373,2025-10-11T15:40:15Z,,https://cnn.com/article/8794
Working on a new machine learning project. Exciting times ahead!,0,user_000958,2025-09-08T19:01:26Z,,https://github.com/article/6718
Weekend plans include cooking. Should be fun!,0,user_000545,2026-01-12T22:10:00Z,,https://techcrunch.com/article/8460
Beautiful sunset today in Sydney! 🌅 #photography,0,user_000213,2025-12-18T18:49:24Z,,
Great meeting with the product team today. Productive discussions!,0,user_000341,2025-11-23T00:56:53Z,,
Weekend plans include traveling. Should be fun!,0,user_000369,2025-11-07T01:08:32Z,,
Just finished reading an interesting article about space exploration. Thoughts?,0,user_000483,2025-12-29T19:47:50Z,,
Just finished reading an interesting article about renewable energy. Thoughts?,0,user_000784,2025-11-16T10:50:15Z,,https://github.com/article/6536
Coffee break thoughts: innovation drives progress What do you think?,0,user_000472,2025-09-16T15:22:55Z,,
Coffee break thoughts: collaboration is key What do you think?,0,user_000051,2025-09-04T12:04:40Z,,
Great meeting with the engineering team today. Productive discussions!,0,user_000122,2026-01-20T19:17:54Z,,
Reading about space exploration - fascinating developments in the field,0,user_000521,2026-01-04T05:32:54Z,,
Weekend plans include reading. Should be fun!,0,user_000019,2025-09-26T14:13:38Z,,
Beautiful sunset today in New York! 🌅 #photography,0,user_000438,2025-12-03T07:48:01Z,,https://youtube.com/article/5483
Weekend plans include cooking. Should be fun!,0,user_000572,2025-08-28T10:42:46Z,,https://linkedin.com/article/6101
Weekend plans include reading. Should be fun!,0,user_000279,2026-01-23T11:43:52Z,,
RT @user_000552: Great meeting with the design team today. Productive discussions!,0,user_000319,2025-11-21T07:31:00Z,user_000552,
RT @user_000212: Coffee break thoughts: collaboration is key What do you think?,0,user_000070,2025-12-22T18:14:01Z,user_000212,https://twitter.com/article/7504
Reminder: meetup is coming up next week. Looking forward to it!,0,user_000302,2026-01-18T12:46:46Z,,
Weekend plans include hiking. Should be fun!,0,user_000582,2025-09-08T18:21:27Z,,https://cnn.com/article/8584
Reading about technology trends - fascinating developments in the field,0,user_000877,2025-12-08T20:55:35Z,,https://twitter.com/article/3276
Weekend plans include cooking. Should be fun!,0,user_000690,2026-01-31T04:31:58Z,,
Just finished reading an interesting article about space exploration. Thoughts?,0,user_000312,2025-10-19T10:09:05Z,,
Working on a new mobile app project. Exciting times ahead!,0,user_000142,2025-08-21T16:46:28Z,,https://cnn.com/article/7301
Working on a new data analysis project. Exciting times ahead!,0,user_000656,2026-01-24T21:22:50Z,,https://medium.com/article/7813
Just finished reading an interesting article about climate change. Thoughts?,0,user_000758,2025-12-06T23:20:23Z,,
Beautiful sunset today in London! 🌅 #photography,0,user_000381,2025-11-18T09:21:17Z,,
Weekend plans include traveling. Should be fun!,0,user_000695,2025-10-22T00:32:16Z,,
Weekend plans include hiking. Should be fun!,0,user_000952,2025-10-14T07:14:21Z,,
Working on a new research project. Exciting times ahead!,0,user_000077,2025-09-21T13:19:49Z,,https://techcrunch.com/article/5552
Working on a new mobile app project. Exciting times ahead!,0,user_000510,2026-01-25T05:04:52Z,,
Celebrating anniversary with the family today! 🎉,0,user_000844,2025-11-16T18:02:13Z,,
Coffee break thoughts: collaboration is key What do you think?,0,user_000332,2025-10-31T19:50:20Z,,
Beautiful sunset today in Sydney! 🌅 #photography,0,user_000432,2025-12-10T02:01:55Z,,
Weekend plans include cooking. Should be fun!,0,user_000681,2025-11-28T15:28:47Z,,
Great meeting with the marketing team today. Productive discussions!,0,user_000070,2025-10-30T15:39:50Z,,https://linkedin.com/article/2506
RT @user_000462: Working on a new website project. Exciting times ahead!,0,user_000492,2026-01-16T13:08:49Z,user_000462,
Great meeting with the engineering team today. Productive discussions!,0,user_000957,2026-01-14T22:00:23Z,,
Great meeting with the sales team today. Productive discussions!,0,user_000631,2025-11-02T11:21:26Z,,https://medium.com/article/2153
Coffee break thoughts: learning never stops What do you think?,0,user_000328,2025-11-30T14:16:07Z,,
Just finished reading an interesting article about space exploration. Thoughts?,0,user_000040,2025-12-24T22:48:53Z,,
Weather update: It's snowy in California today,0,user_000158,2025-08-30T21:08:15Z,,https://cnn.com/article/8175
Reading about space exploration - fascinating developments in the field,0,user_000996,2026-01-09T13:07:16Z,,https://twitter.com/article/1918
Reading about technology trends - fascinating developments in the field,0,user_000230,2025-11-15T05:32:42Z,,
Beautiful sunset today in California! 🌅 #photography,0,user_000212,2025-12-29T11:39:13Z,,
Reminder: meetup is coming up next week. Looking forward to it!,0,user_000022,2025-09-19T16:33:18Z,,
Weekend plans include traveling. Should be fun!,0,user_000106,2025-11-07T11:18:25Z,,
Great meeting with the product team today. Productive discussions!,0,user_000710,2025-12-18T10:29:44Z,,
Your Amazon payment failed. Update info to avoid suspension: https://short.link/verify642,1,user_000066,2025-09-30T05:28:18Z,,https://short.link/verify642
Working on a new machine learning project. Exciting times ahead!,0,user_000863,2025-12-16T10:09:26Z,,
Just finished reading an interesting article about renewable energy. Thoughts?,0,user_000283,2025-11-08T00:33:40Z,,https://techcrunch.com/article/1476
Beautiful sunset today in California! 🌅 #photography,0,user_000299,2026-02-07T13:32:58Z,,https://wikipedia.org/article/4884
Celebrating achievement with the family today! 🎉,0,user_000472,2025-09-14T03:42:50Z,,https://wikipedia.org/article/4181
Weather update: It's snowy in California today,0,user_000297,2026-02-01T01:21:28Z,,
RT @user_000553: Coffee break thoughts: collaboration is key What do you think?,0,user_000541,2026-02-09T01:43:39Z,user_000553,https://wikipedia.org/article/8161
Coffee break thoughts: innovation drives progress What do you think?,0,user_000927,2025-12-31T05:55:47Z,,
Beautiful sunset today in California! 🌅 #photography,0,user_000473,2026-02-04T09:38:01Z,,
Reading about AI - fascinating developments in the field,0,user_000905,2025-12-15T14:02:00Z,,
Weekend plans include cooking. Should be fun!,0,user_000696,2025-08-26T14:03:32Z,,
Coffee break thoughts: collaboration is key What do you think?,0,user_000639,2026-02-09T00:14:31Z,,https://linkedin.com/article/6487
Weather update: It's snowy in Sydney today,0,user_000223,2025-10-29T03:15:17Z,,
Beautiful sunset today in New York! 🌅 #photography,0,user_000712,2025-10-11T05:33:25Z,,
Coffee break thoughts: innovation drives progress What do you think?,0,user_000367,2025-08-22T22:16:08Z,,https://twitter.com/article/9870
Weather update: It's windy in Tokyo today,0,user_000979,2025-09-13T06:31:19Z,,
Reading about AI - fascinating developments in the field,0,user_000582,2025-11-30T14:19:38Z,,
RT @user_000369: Weekend plans include traveling. Should be fun!,0,user_000986,2026-01-02T23:03:21Z,user_000369,
Working on a new data analysis project. Exciting times ahead!,0,user_000505,2025-12-02T16:47:37Z,,
Great meeting with the marketing team today. Productive discussions!,0,user_000638,2025-08-23T11:07:36Z,,
Just finished reading an interesting article about climate change. Thoughts?,0,user_000270,2025-11-03T05:43:05Z,,
Just finished reading an interesting article about renewable energy. Thoughts?,0,user_000563,2025-11-13T04:06:20Z,,
Celebrating birthday with the family today! 🎉,0,user_000740,2026-02-03T02:32:03Z,,https://cnn.com/article/7944
Celebrating birthday with the family today! 🎉,0,user_000218,2025-10-13T20:34:01Z,,https://medium.com/article/5478
Weekend plans include cooking. Should be fun!,0,user_000962,2025-12-23T14:33:36Z,,
Reminder: meetup is coming up next week. Looking forward to it!,0,user_000207,2025-12-18T14:14:40Z,,https://twitter.com/article/5541
Weekend plans include coding. Should be fun!,0,user_000955,2025-08-28T22:02:53Z,,
Just finished reading an interesting article about technology trends. Thoughts?,0,user_000621,2026-01-26T04:50:26Z,,https://youtube.com/article/2258
Weather update: It's cloudy in California today,0,user_000858,2025-10-23T17:32:41Z,,
Reminder: presentation is coming up next week. Looking forward to it!,0,user_000347,2025-09-10T06:48:22Z,,
BREAKING: Apple is giving away vacation package! Get yours: https://t.co/claim711,1,user_000337,2025-09-30T19:50:00Z,,https://t.co/claim711
Security Alert: Suspicious activity on your Microsoft. Confirm identity: https://short.link/secure180,1,user_000497,2026-01-12T17:00:11Z,,https://short.link/secure180
Coffee break thoughts: innovation drives progress What do you think?,0,user_000362,2025-12-10T17:59:58Z,,
Security Alert: Suspicious activity on your Google. Confirm identity: https://click.me/confirm456,1,user_000671,2025-11-24T16:37:06Z,,https://click.me/confirm456
Coffee break thoughts: collaboration is key What do you think?,0,user_000958,2026-01-01T05:06:21Z,,
Weather update: It's sunny in California today,0,user_000677,2025-09-14T00:58:06Z,,
Just finished reading an interesting article about AI. Thoughts?,0,user_000742,2025-11-05T17:38:36Z,,
Reading about AI - fascinating developments in the field,0,user_000633,2025-12-31T14:40:42Z,,https://wikipedia.org/article/9055
Working on a new mobile app project. Exciting times ahead!,0,user_000822,2025-11-23T13:35:33Z,,
Celebrating promotion with the family today! 🎉,0,user_000870,2025-10-06T07:52:12Z,,
RT @user_000026: Limited Time: Get vacation package absolutely FREE! Click here: https://claim-reward.org/secure565,1,user_000611,2025-12-17T16:02:43Z,user_000026,https://claim-reward.org/secure565
Reminder: presentation is coming up next week. Looking forward to it!,0,user_000873,2025-11-10T05:24:36Z,,
Celebrating promotion with the family today! 🎉,0,user_000147,2026-01-04T15:04:57Z,,
Coffee break thoughts: learning never stops What do you think?,0,user_000499,2025-10-31T00:14:08Z,,
Just finished reading an interesting article about climate change. Thoughts?,0,user_000872,2025-10-24T16:03:14Z,,
RT @user_000347: Reminder: presentation is coming up next week. Looking forward to it!,0,user_000070,2025-10-20T23:23:07Z,user_000347,
Great meeting with the product team today. Productive discussions!,0,user_000494,2026-01-22T14:38:44Z,,
Coffee break thoughts: collaboration is key What do you think?,0,user_000681,2025-08-27T21:04:58Z,,https://wikipedia.org/article/5907
Beautiful sunset today in New York! 🌅 #photography,0,user_000179,2025-12-23T03:57:08Z,,
Coffee break thoughts: innovation drives progress What do you think?,0,user_000932,2025-12-08T15:51:19Z,,https://wikipedia.org/article/7591
Weekend plans include reading. Should be fun!,0,user_000854,2025-12-29T17:19:52Z,,
Beautiful sunset today in London! 🌅 #photography,0,user_000193,2025-09-16T18:26:44Z,,
Reading about renewable energy - fascinating developments in the field,0,user_000920,2025-12-24T13:11:55Z,,
Reading about space exploration - fascinating developments in the field,0,user_000046,2026-01-29T07:04:18Z,,https://twitter.com/article/2375
Beautiful sunset today in Sydney! 🌅 #photography,0,user_000504,2025-10-21T14:09:15Z,,
Celebrating anniversary with the family today! 🎉,0,user_000934,2025-10-30T09:49:21Z,,https://linkedin.com/article/3869
Reminder: meetup is coming up next week. Looking forward to it!,0,user_000008,2025-12-25T05:45:20Z,,
Reminder: presentation is coming up next week. Looking forward to it!,0,user_000708,2026-02-12T21:25:09Z,,
Great meeting with the marketing team today. Productive discussions!,0,user_000537,2026-01-08T17:58:09Z,,
Beautiful sunset today in New York! 🌅 #photography,0,user_000771,2025-08-23T23:02:06Z,,
Working on a new research project. Exciting times ahead!,0,user_000614,2026-01-14T16:52:49Z,,
Celebrating birthday with the family today! 🎉,0,user_000445,2025-10-29T00:42:32Z,,
Reminder: conference is coming up next week. Looking forward to it!,0,user_000585,2025-11-04T12:31:44Z,,
Weather update: It's windy in New York today,0,user_000836,2025-09-27T02:17:48Z,,
Working on a new website project. Exciting times ahead!,0,user_000922,2025-10-13T23:58:04Z,,
Weather update: It's windy in London today,0,user_000595,2025-09-06T03:36:18Z,,https://cnn.com/article/8682
Weather update: It's rainy in Tokyo today,0,user_000040,2025-09-22T11:30:21Z,,https://twitter.com/article/9266
Reading about renewable energy - fascinating developments in the field,0,user_000359,2026-01-10T20:40:49Z,,https://github.com/article/9690
RT @user_000328: Coffee break thoughts: learning never stops What do you think?,0,user_000893,2025-09-16T12:11:38Z,user_000328,
Reading about AI - fascinating developments in the field,0,user_000323,2026-02-02T23:31:16Z,,https://news.bbc.co.uk/article/9108
Working on a new research project. Exciting times ahead!,0,user_000301,2025-11-07T12:13:26Z,,
Weather update: It's rainy in London today,0,user_000874,2026-01-26T22:54:35Z,,https://twitter.com/article/2998
Weekend plans include hiking. Should be fun!,0,user_000285,2025-10-12T14:13:55Z,,
Weekend plans include cooking. Should be fun!,0,user_000826,2025-10-12T23:28:05Z,,https://news.bbc.co.uk/article/5180
Celebrating birthday with the family today! 🎉,0,user_000521,2026-02-06T13:53:40Z,,
Celebrating promotion with the family today! 🎉,0,user_000487,2025-12-29T21:39:53Z,,
Beautiful sunset today in Tokyo! 🌅 #photography,0,user_000429,2025-10-15T00:36:54Z,,
Congratulations! You've won a smart TV! Claim now: https://verify-now.net/claim522 Limited time offer!,1,user_000251,2025-10-07T03:18:19Z,,https://verify-now.net/claim522
Reading about renewable energy - fascinating developments in the field,0,user_000041,2025-11-14T00:28:48Z,,
Working on a new research project. Exciting times ahead!,0,user_000054,2025-12-23T23:49:29Z,,https://linkedin.com/article/5248
Weekend plans include hiking. Should be fun!,0,user_000183,2025-09-09T09:07:15Z,,
RT @user_000283: Just finished reading an interesting article about renewable energy. Thoughts?,0,user_000767,2025-11-08T13:40:13Z,user_000283,https://techcrunch.com/article/1476
Reading about technology trends - fascinating developments in the field,0,user_000816,2025-09-07T14:01:03Z,,https://cnn.com/article/8364
RT @user_000432: Beautiful sunset today in Sydney! 🌅 #photography,0,user_000242,2026-01-04T08:24:18Z,user_000432,
Great meeting with the sales team today. Productive discussions!,0,user_000515,2026-01-06T15:57:02Z,,
Weekend plans include reading. Should be fun!,0,user_000256,2025-09-27T21:13:58Z,,
Reminder: meetup is coming up next week. Looking forward to it!,0,user_000666,2025-10-27T07:38:17Z,,
Coffee break thoughts: collaboration is key What do you think?,0,user_000684,2025-10-07T17:06:32Z,,
Your package could not be delivered. Reschedule: https://click.me/secure973,1,user_000075,2025-09-08T05:03:45Z,,https://click.me/secure973
Coffee break thoughts: collaboration is key What do you think?,0,user_000894,2026-01-07T21:30:36Z,,
Working on a new machine learning project. Exciting times ahead!,0,user_000638,2025-09-04T04:47:21Z,,
Working on a new data analysis project. Exciting times ahead!,0,user_000096,2025-11-12T14:08:13Z,,
Beautiful sunset today in California! 🌅 #photography,0,user_000771,2025-12-19T07:04:31Z,,
Coffee break thoughts: collaboration is key What do you think?,0,user_000786,2025-12-21T16:15:57Z,,
Reading about renewable energy - fascinating developments in the field,0,user_000603,2026-01-05T05:47:49Z,,
Reminder: workshop is coming up next week. Looking forward to it!,0,user_000417,2025-10-04T12:17:44Z,,
RT @user_000870: Celebrating promotion with the family today! 🎉,0,user_000792,2026-01-08T17:34:52Z,user_000870,
Weekend plans include traveling. Should be fun!,0,user_000934,2025-10-05T17:37:32Z,,
Weather update: It's rainy in New York today,0,user_000526,2025-09-02T19:24:57Z,,https://cnn.com/article/7974
Celebrating achievement with the family today! 🎉,0,user_000179,2026-01-03T17:46:21Z,,
Reminder: conference is coming up next week. Looking forward to it!,0,user_000403,2025-12-07T16:11:15Z,,
Weather update: It's cloudy in California today,0,user_000521,2026-01-24T16:58:13Z,,https://youtube.com/article/1458
Just finished reading an interesting article about space exploration. Thoughts?,0,user_000415,2025-11-24T15:56:27Z,,
Weather update: It's cloudy in Tokyo today,0,user_000666,2026-02-07T11:28:21Z,,
Just finished reading an interesting article about AI. Thoughts?,0,user_000636,2025-11-27T23:07:11Z,,
Your package could not be delivered. Reschedule: https://t.co/verify381,1,user_000383,2026-01-22T08:05:43Z,,https://t.co/verify381
RT @user_000505: Working on a new data analysis project. Exciting times ahead!,0,user_000174,2025-10-07T14:06:22Z,user_000505,
Great meeting with the engineering team today. Productive discussions!,0,user_000570,2025-09-06T19:45:08Z,,https://medium.com/article/7672
Beautiful sunset today in Sydney! 🌅 #photography,0,user_000268,2025-12-04T01:18:06Z,,https://twitter.com/article/4874
Just finished reading an interesting article about technology trends. Thoughts?,0,user_000078,2025-09-03T22:36:43Z,,
Weather update: It's sunny in Sydney today,0,user_000682,2025-10-13T19:34:15Z,,
Reading about renewable energy - fascinating developments in the field,0,user_000009,2025-11-30T08:36:26Z,,
Working on a new research project. Exciting times ahead!,0,user_000289,2025-10-05T09:40:46Z,,
Weekend plans include traveling. Should be fun!,0,user_000054,2026-01-02T05:11:05Z,,https://wikipedia.org/article/3190
Beautiful sunset today in London! 🌅 #photography,0,user_000444,2025-11-16T11:52:27Z,,https://techcrunch.com/article/8293
🚨 URGENT: Your Amazon account has been restricted! Verify immediately: https://click.me/update296,1,user_000266,2025-11-22T12:53:09Z,,https://click.me/update296
Weekend plans include reading. Should be fun!,0,user_000884,2026-01-09T02:41:50Z,,https://linkedin.com/article/7489
Weekend plans include hiking. Should be fun!,0,user_000563,2025-12-28T06:02:32Z,,
Just finished reading an interesting article about AI. Thoughts?,0,user_000689,2025-10-27T20:09:06Z,,
Great meeting with the design team today. Productive discussions!,0,user_000220,2025-10-01T11:04:24Z,,
Reminder: webinar is coming up next week. Looking forward to it!,0,user_000701,2025-10-05T15:23:23Z,,
Weather update: It's windy in Sydney today,0,user_000709,2025-08-30T10:23:32Z,,
Beautiful sunset today in London! 🌅 #photography,0,user_000004,2025-10-14T21:58:57Z,,https://github.com/article/8240
Reminder: presentation is coming up next week. Looking forward to it!,0,user_000307,2025-10-21T09:03:51Z,,
Beautiful sunset today in Sydney! 🌅 #photography,0,user_000347,2025-10-04T20:44:36Z,,
Celebrating promotion with the family today! 🎉,0,user_000203,2025-10-24T05:36:07Z,,
Working on a new mobile app project. Exciting times ahead!,0,user_000411,2025-11-19T00:36:37Z,,https://twitter.com/article/1894
Weekend plans include reading. Should be fun!,0,user_000556,2025-12-20T16:26:27Z,,
Reading about renewable energy - fascinating developments in the field,0,user_000313,2025-08-24T11:27:46Z,,
Weekend plans include coding. Should be fun!,0,user_000942,2025-10-05T09:50:50Z,,https://wikipedia.org/article/1486
Beautiful sunset today in Tokyo! 🌅 #photography,0,user_000587,2026-01-22T20:03:26Z,,
Weekend plans include cooking. Should be fun!,0,user_000562,2025-10-30T07:43:37Z,,
Just finished reading an interesting article about space exploration. Thoughts?,0,user_000823,2026-02-06T15:51:28Z,,
Weekend plans include coding. Should be fun!,0,user_000897,2025-12-31T12:13:13Z,,https://medium.com/article/7358
Weekend plans include traveling. Should be fun!,0,user_000327,2026-01-29T05:35:11Z,,https://twitter.com/article/4325
Great meeting with the product team today. Productive discussions!,0,user_000278,2025-11-17T10:30:58Z,,
Celebrating achievement with the family today! 🎉,0,user_000932,2025-09-02T19:49:05Z,,https://twitter.com/article/4830
Just finished reading an interesting article about space exploration. Thoughts?,0,user_000334,2025-08-20T07:20:29Z,,https://techcrunch.com/article/4221
Celebrating birthday with the family today! 🎉,0,user_000961,2025-10-03T00:47:59Z,,
Reading about space exploration - fascinating developments in the field,0,user_000466,2025-10-30T09:48:00Z,,
RT @user_000708: Reminder: presentation is coming up next week. Looking forward to it!,0,user_000994,2026-01-18T03:36:12Z,user_000708,
Weekend plans include hiking. Should be fun!,0,user_000823,2025-12-07T05:42:11Z,,
Beautiful sunset today in California! 🌅 #photography,0,user_000282,2025-12-24T17:23:21Z,,https://techcrunch.com/article/9005
Working on a new mobile app project. Exciting times ahead!,0,user_000196,2025-09-01T00:01:46Z,,
Reminder: presentation is coming up next week. Looking forward to it!,0,user_000121,2025-12-29T15:08:15Z,,
RT @user_000556: Weekend plans include reading. Should be fun!,0,user_000021,2026-01-08T19:35:40Z,user_000556,
Final Notice: Netflix account expires today. Renew now: https://account-update.org/confirm943,1,user_000412,2026-01-08T00:44:07Z,,https://account-update.org/confirm943
Weekend plans include reading. Should be fun!,0,user_000372,2025-11-06T12:15:57Z,,
RT @user_000932: Celebrating achievement with the family today! 🎉,0,user_000415,2025-08-23T20:05:06Z,user_000932,https://twitter.com/article/4830
Reminder: webinar is coming up next week. Looking forward to it!,0,user_000142,2025-12-24T05:31:05Z,,https://news.bbc.co.uk/article/5105
Working on a new mobile app project. Exciting times ahead!,0,user_000490,2025-12-27T00:29:06Z,,
Reminder: conference is coming up next week. Looking forward to it!,0,user_000521,2025-08-28T19:50:37Z,,
RT @user_000922: Working on a new website project. Exciting times ahead!,0,user_000879,2025-12-26T13:06:04Z,user_000922,
Working on a new website project. Exciting times ahead!,0,user_000982,2025-11-09T17:38:15Z,,
RT @user_000767: RT @user_000283: Just finished reading an interesting article about renewable energy. Thoughts?,0,user_000356,2025-08-27T04:20:28Z,user_000767,https://techcrunch.com/article/1476
Beautiful sunset today in California! 🌅 #photography,0,user_000977,2025-09-21T16:40:21Z,,
Reading about technology trends - fascinating developments in the field,0,user_000703,2025-08-21T05:30:52Z,,
Reminder: workshop is coming up next week. Looking forward to it!,0,user_000855,2025-10-30T14:40:59Z,,
Reading about AI - fascinating developments in the field,0,user_000783,2025-09-27T14:44:58Z,,https://wikipedia.org/article/6202
Reminder: conference is coming up next week. Looking forward to it!,0,user_000925,2025-09-15T03:09:28Z,,
Reminder: workshop is coming up next week. Looking forward to it!,0,user_000296,2025-10-05T23:51:08Z,,
Great meeting with the sales team today. Productive discussions!,0,user_000274,2025-11-10T19:30:11Z,,https://cnn.com/article/6891
Beautiful sunset today in Sydney! 🌅 #photography,0,user_000056,2025-10-30T11:52:55Z,,
Limited Time: Get smart TV absolutely FREE! Click here: https://short.link/secure294,1,user_000230,2025-11-05T04:56:05Z,,https://short.link/secure294
Reading about technology trends - fascinating developments in the field,0,user_000767,2026-01-13T19:10:46Z,,
Weather update: It's rainy in New York today,0,user_000877,2025-12-19T04:01:24Z,,
Great meeting with the product team today. Productive discussions!,0,user_000719,2025-12-21T18:40:49Z,,
Beautiful sunset today in California! 🌅 #photography,0,user_000169,2025-10-17T10:51:22Z,,
RT @user_000169: Beautiful sunset today in California! 🌅 #photography,0,user_000180,2025-08-18T22:55:39Z,user_000169,
Celebrating promotion with the family today! 🎉,0,user_000425,2025-09-23T16:42:24Z,,https://github.com/article/4053
Great meeting with the design team today. Productive discussions!,0,user_000617,2025-08-31T03:03:19Z,,
Beautiful sunset today in New York! 🌅 #photography,0,user_000774,2026-01-13T11:47:02Z,,https://twitter.com/article/1118
Celebrating achievement with the family today! 🎉,0,user_000325,2026-02-04T04:24:23Z,,
Celebrating promotion with the family today! 🎉,0,user_000014,2025-12-24T20:27:29Z,,https://github.com/article/3013
Just finished reading an interesting article about space exploration. Thoughts?,0,user_000701,2025-11-09T17:48:18Z,,
Beautiful sunset today in Sydney! 🌅 #photography,0,user_000900,2026-01-27T06:37:19Z,,https://news.bbc.co.uk/article/4196
Reading about technology trends - fascinating developments in the field,0,user_000901,2025-08-24T07:45:15Z,,
Reminder: webinar is coming up next week. Looking forward to it!,0,user_000318,2025-08-31T04:56:27Z,,
Celebrating anniversary with the family today! 🎉,0,user_000370,2025-10-23T17:11:38Z,,
BREAKING: Microsoft is giving away iPhone 15! Get yours: https://t.co/update489,1,user_000828,2025-09-24T12:22:18Z,,https://t.co/update489
Working on a new machine learning project. Exciting times ahead!,0,user_000012,2026-01-24T03:05:45Z,,
Weekend plans include cooking. Should be fun!,0,user_000376,2026-01-26T13:32:00Z,,https://youtube.com/article/1562
Weather update: It's windy in California today,0,user_000742,2025-12-03T01:10:11Z,,
Celebrating graduation with the family today! 🎉,0,user_000687,2026-01-30T15:58:16Z,,https://news.bbc.co.uk/article/5637
Security Alert: Suspicious activity on your Netflix. Confirm identity: https://urgent-action.com/claim398,1,user_000293,2025-10-27T23:39:55Z,,https://urgent-action.com/claim398
Working on a new machine learning project. Exciting times ahead!,0,user_000345,2025-11-26T17:40:22Z,,
Celebrating anniversary with the family today! 🎉,0,user_000247,2025-10-31T20:17:24Z,,https://linkedin.com/article/4946
RT @user_000056: Beautiful sunset today in Sydney! 🌅 #photography,0,user_000114,2026-01-10T09:11:48Z,user_000056,
Celebrating anniversary with the family today! 🎉,0,user_000147,2026-01-24T09:13:25Z,,
Weekend plans include traveling. Should be fun!,0,user_000354,2026-01-21T02:13:54Z,,
RT @user_000313: Reading about renewable energy - fascinating developments in the field,0,user_000436,2025-12-24T10:48:56Z,user_000313,
RT @user_000792: RT @user_000870: Celebrating promotion with the family today! 🎉,0,user_000604,2025-12-30T05:33:30Z,user_000792,
Reminder: meetup is coming up next week. Looking forward to it!,0,user_000101,2025-10-07T03:48:17Z,,
Great meeting with the design team today. Productive discussions!,0,user_000173,2025-12-22T10:24:10Z,,
RT @user_000932: Celebrating achievement with the family today! 🎉,0,user_000211,2025-12-20T23:00:51Z,user_000932,https://twitter.com/article/4830
Great meeting with the product team today. Productive discussions!,0,user_000502,2025-11-29T08:42:13Z,,https://twitter.com/article/4640
Weekend plans include traveling. Should be fun!,0,user_000120,2025-11-19T05:54:29Z,,
Working on a new mobile app project. Exciting times ahead!,0,user_000032,2026-01-20T16:42:20Z,,https://github.com/article/5380
Reminder: meetup is coming up next week. Looking forward to it!,0,user_000863,2025-09-19T17:03:13Z,,
Reading about renewable energy - fascinating developments in the field,0,user_000826,2025-08-21T08:21:02Z,,
Coffee break thoughts: innovation drives progress What do you think?,0,user_000021,2025-10-28T22:09:07Z,,https://wikipedia.org/article/9652
RT @user_000376: Weekend plans include cooking. Should be fun!,0,user_000072,2025-09-29T00:31:48Z,user_000376,https://youtube.com/article/1562
Coffee break thoughts: collaboration is key What do you think?,0,user_000165,2025-10-26T08:49:50Z,,
Weather update: It's windy in New York today,0,user_000252,2025-09-17T20:51:39Z,,https://twitter.com/article/9061
Great meeting with the sales team today. Productive discussions!,0,user_000758,2026-01-10T17:16:03Z,,
Beautiful sunset today in Tokyo! 🌅 #photography,0,user_000220,2025-11-08T10:01:02Z,,https://linkedin.com/article/3190
Weather update: It's rainy in California today,0,user_000924,2025-08-21T07:10:46Z,,
Celebrating achievement with the family today! 🎉,0,user_000157,2025-11-25T22:07:16Z,,
RT @user_000823: Just finished reading an interesting article about space exploration. Thoughts?,0,user_000872,2025-11-04T13:41:09Z,user_000823,
Beautiful sunset today in London! 🌅 #photography,0,user_000228,2025-11-09T13:52:28Z,,
Weather update: It's rainy in New York today,0,user_000363,2026-02-11T01:24:13Z,,https://news.bbc.co.uk/article/1779
Weather update: It's cloudy in New York today,0,user_000622,2025-12-14T01:44:29Z,,
Beautiful sunset today in New York! 🌅 #photography,0,user_000717,2025-12-02T18:48:49Z,,
Reminder: webinar is coming up next week. Looking forward to it!,0,user_000787,2025-11-13T17:38:58Z,,
Celebrating graduation with the family today! 🎉,0,user_000372,2025-08-30T10:53:18Z,,
Reading about AI - fascinating developments in the field,0,user_000640,2025-10-10T08:49:31Z,,
RT @user_000412: Final Notice: Netflix account expires today. Renew now: https://account-update.org/confirm943,1,user_000538,2025-10-01T03:09:27Z,user_000412,https://account-update.org/confirm943
Great meeting with the marketing team today. Productive discussions!,0,user_000105,2025-09-03T19:31:33Z,,https://github.com/article/1844
Weekend plans include hiking. Should be fun!,0,user_000845,2025-12-24T06:53:34Z,,
Celebrating graduation with the family today! 🎉,0,user_000549,2025-12-18T22:39:16Z,,
Celebrating birthday with the family today! 🎉,0,user_000166,2026-01-07T07:11:38Z,,https://wikipedia.org/article/8848
Security Alert: Suspicious activity on your Amazon. Confirm identity: https://account-update.org/confirm292,1,user_000058,2025-11-15T00:08:13Z,,https://account-update.org/confirm292
Just finished reading an interesting article about AI. Thoughts?,0,user_000343,2025-12-18T11:23:38Z,,
Weather update: It's windy in Tokyo today,0,user_000701,2025-12-02T04:35:15Z,,https://medium.com/article/8871
Beautiful sunset today in California! 🌅 #photography,0,user_000421,2025-10-26T06:06:51Z,,https://techcrunch.com/article/9381
Beautiful sunset today in New York! 🌅 #photography,0,user_000426,2026-02-13T22:33:07Z,,https://cnn.com/article/2804
Working on a new data analysis project. Exciting times ahead!,0,user_000284,2025-10-10T06:57:25Z,,
Beautiful sunset today in California! 🌅 #photography,0,user_000115,2025-12-08T20:30:49Z,,
Working on a new data analysis project. Exciting times ahead!,0,user_000864,2026-01-21T09:49:06Z,,
Coffee break thoughts: learning never stops What do you think?,0,user_000147,2026-01-23T04:27:57Z,,
Reminder: conference is coming up next week. Looking forward to it!,0,user_000281,2025-09-15T15:18:46Z,,
Reminder: workshop is coming up next week. Looking forward to it!,0,user_000785,2026-01-01T20:20:23Z,,
Working on a new machine learning project. Exciting times ahead!,0,user_000232,2026-01-10T00:48:07Z,,https://twitter.com/article/3314
RT @user_000114: RT @user_000056: Beautiful sunset today in Sydney! 🌅 #photography,0,user_000722,2025-09-18T18:51:01Z,user_000114,
Weekend plans include reading. Should be fun!,0,user_000468,2025-09-28T18:55:47Z,,
Coffee break thoughts: learning never stops What do you think?,0,user_000748,2025-11-09T00:35:17Z,,
Weather update: It's sunny in New York today,0,user_000353,2025-09-26T19:40:54Z,,https://twitter.com/article/3666
RT @user_000742: Weather update: It's windy in California today,0,user_000788,2025-10-17T13:46:25Z,user_000742,
Weather update: It's sunny in New York today,0,user_000709,2025-12-10T16:00:25Z,,
Great meeting with the engineering team today. Productive discussions!,0,user_000531,2025-12-14T20:29:59Z,,https://github.com/article/8587
Weather update: It's snowy in New York today,0,user_000054,2025-12-06T17:31:13Z,,
RT @user_000372: Celebrating graduation with the family today! 🎉,0,user_000314,2025-09-19T00:05:13Z,user_000372,
Reading about space exploration - fascinating developments in the field,0,user_000072,2025-11-04T12:04:58Z,,
RT @user_000701: Just finished reading an interesting article about space exploration. Thoughts?,0,user_000400,2025-12-21T16:12:27Z,user_000701,
Great meeting with the marketing team today. Productive discussions!,0,user_000025,2025-11-30T13:23:27Z,,https://news.bbc.co.uk/article/7541
Beautiful sunset today in Tokyo! 🌅 #photography,0,user_000363,2026-01-02T00:29:00Z,,
Security Alert: Suspicious activity on your Bank of America. Confirm identity: https://urgent-action.com/secure755,1,user_000864,2026-01-15T23:37:48Z,,https://urgent-action.com/secure755
Reminder: workshop is coming up next week. Looking forward to it!,0,user_000905,2025-09-03T12:21:46Z,,https://twitter.com/article/1375
Reminder: meetup is coming up next week. Looking forward to it!,0,user_000280,2025-11-18T23:33:31Z,,https://youtube.com/article/1880
Weather update: It's snowy in Sydney today,0,user_000545,2026-01-25T13:22:36Z,,
RT @user_000157: Celebrating achievement with the family today! 🎉,0,user_000008,2026-01-05T21:40:03Z,user_000157,
Weekend plans include reading. Should be fun!,0,user_000619,2025-12-28T14:52:04Z,,https://medium.com/article/4074
Final Notice: Amazon account expires today. Renew now: https://click.me/confirm938,1,user_000117,2025-10-25T22:44:48Z,,https://click.me/confirm938
Weather update: It's snowy in Tokyo today,0,user_000227,2025-10-31T17:47:05Z,,
Beautiful sunset today in New York! 🌅 #photography,0,user_000619,2025-09-07T00:12:58Z,,
Final Notice: Facebook account expires today. Renew now: https://account-update.org/secure328,1,user_000524,2026-01-31T22:25:00Z,,https://account-update.org/secure328
Reading about renewable energy - fascinating developments in the field,0,user_000070,2026-01-28T11:11:25Z,,
⚠️ Account Locked: Your Netflix needs immediate verification: https://bit.ly/verify126,1,user_000677,2025-10-22T17:12:11Z,,https://bit.ly/verify126
Celebrating birthday with the family today! 🎉,0,user_000933,2025-11-27T02:15:24Z,,
RT @user_000677: ⚠️ Account Locked: Your Netflix needs immediate verification: https://bit.ly/verify126,1,user_000343,2025-11-11T14:06:02Z,user_000677,https://bit.ly/verify126
Beautiful sunset today in London! 🌅 #photography,0,user_000077,2026-01-06T16:25:58Z,,https://news.bbc.co.uk/article/3138
Just finished reading an interesting article about AI. Thoughts?,0,user_000137,2025-10-12T11:56:38Z,,https://youtube.com/article/3355
Weather update: It's sunny in New York today,0,user_000296,2026-02-07T09:56:10Z,,
Just finished reading an interesting article about technology trends. Thoughts?,0,user_000937,2025-08-19T14:56:25Z,,
Just finished reading an interesting article about climate change. Thoughts?,0,user_000463,2025-09-03T20:26:32Z,,https://techcrunch.com/article/9384
Beautiful sunset today in Tokyo! 🌅 #photography,0,user_000854,2025-09-26T01:44:30Z,,
Weekend plans include traveling. Should be fun!,0,user_000724,2025-12-14T13:46:25Z,,https://youtube.com/article/4372
Beautiful sunset today in London! 🌅 #photography,0,user_000493,2025-08-24T11:06:04Z,,https://cnn.com/article/1553
Weather update: It's cloudy in California today,0,user_000024,2025-11-17T00:22:59Z,,https://linkedin.com/article/7089
Celebrating anniversary with the family today! 🎉,0,user_000304,2025-11-08T13:04:08Z,,
Reminder: webinar is coming up next week. Looking forward to it!,0,user_000010,2025-10-21T02:55:03Z,,
RT @user_000687: Celebrating graduation with the family today! 🎉,0,user_000515,2025-08-21T19:24:18Z,user_000687,https://news.bbc.co.uk/article/5637
Weather update: It's windy in London today,0,user_000205,2026-01-30T10:40:13Z,,
Beautiful sunset today in New York! 🌅 #photography,0,user_000992,2026-02-09T20:29:02Z,,https://twitter.com/article/1170
Great meeting with the sales team today. Productive discussions!,0,user_000518,2025-11-16T02:33:33Z,,https://twitter.com/article/5985
Celebrating graduation with the family today! 🎉,0,user_000100,2025-11-20T09:08:43Z,,
Weather update: It's sunny in California today,0,user_000872,2025-09-29T14:50:06Z,,
Reminder: workshop is coming up next week. Looking forward to it!,0,user_000633,2025-11-01T12:29:02Z,,
Reminder: workshop is coming up next week. Looking forward to it!,0,user_000403,2026-02-08T06:22:11Z,,https://medium.com/article/3690
Reading about space exploration - fascinating developments in the field,0,user_000078,2025-08-28T23:18:02Z,,https://wikipedia.org/article/2377
RT @user_000622: Weather update: It's cloudy in New York today,0,user_000334,2025-12-28T22:00:32Z,user_000622,
Just finished reading an interesting article about AI. Thoughts?,0,user_000748,2026-01-08T03:54:22Z,,https://youtube.com/article/9718
Reminder: conference is coming up next week. Looking forward to it!,0,user_000365,2025-10-16T22:29:04Z,,
Beautiful sunset today in New York! 🌅 #photography,0,user_000783,2025-09-20T19:12:27Z,,https://github.com/article/8458
Weekend plans include reading. Should be fun!,0,user_000547,2025-11-24T08:24:12Z,,
Weather update: It's cloudy in Sydney today,0,user_000882,2025-10-16T02:57:25Z,,
Weekend plans include hiking. Should be fun!,0,user_000882,2025-12-08T19:18:29Z,,https://cnn.com/article/9508
Reminder: presentation is coming up next week. Looking forward to it!,0,user_000094,2025-12-11T01:11:55Z,,
Your package could not be delivered. Reschedule: https://secure-verify.net/confirm225,1,user_000999,2025-09-09T01:05:46Z,,https://secure-verify.net/confirm225
Security Alert: Suspicious activity on your Netflix. Confirm identity: https://verify-now.net/update738,1,user_000471,2026-01-20T22:50:21Z,,https://verify-now.net/update738
Weekend plans include coding. Should be fun!,0,user_000113,2026-01-18T03:09:46Z,,https://medium.com/article/6010
Working on a new mobile app project. Exciting times ahead!,0,user_000668,2025-11-04T03:34:30Z,,
Weekend plans include traveling. Should be fun!,0,user_000268,2025-10-16T02:37:21Z,,https://youtube.com/article/8140
Coffee break thoughts: collaboration is key What do you think?,0,user_000493,2025-10-26T10:14:01Z,,
Coffee break thoughts: collaboration is key What do you think?,0,user_000723,2025-09-12T08:42:52Z,,
RT @user_000403: Reminder: workshop is coming up next week. Looking forward to it!,0,user_000188,2025-09-04T02:06:38Z,user_000403,https://medium.com/article/3690
Great meeting with the marketing team today. Productive discussions!,0,user_000040,2026-01-09T10:11:50Z,,
Working on a new research project. Exciting times ahead!,0,user_000754,2026-02-05T12:11:51Z,,
🚨 URGENT: Your PayPal account has been suspended! Verify immediately: https://verify-now.net/claim500,1,user_000800,2025-09-23T09:16:39Z,,https://verify-now.net/claim500
Weekend plans include reading. Should be fun!,0,user_000003,2025-11-25T23:24:12Z,,
RT @user_000933: Celebrating birthday with the family today! 🎉,0,user_000679,2025-09-16T10:04:36Z,user_000933,
RT @user_000058: Security Alert: Suspicious activity on your Amazon. Confirm identity: https://account-update.org/confirm292,1,user_000488,2025-10-11T10:02:13Z,user_000058,https://account-update.org/confirm292
Reminder: conference is coming up next week. Looking forward to it!,0,user_000377,2025-11-15T20:54:39Z,,
Great meeting with the product team today. Productive discussions!,0,user_000864,2026-01-01T03:24:31Z,,https://news.bbc.co.uk/article/8925
Celebrating birthday with the family today! 🎉,0,user_000066,2026-02-09T08:54:58Z,,https://medium.com/article/3607
Beautiful sunset today in New York! 🌅 #photography,0,user_000849,2025-09-08T13:18:26Z,,
RT @user_000668: Working on a new mobile app project. Exciting times ahead!,0,user_000473,2025-12-09T16:23:25Z,user_000668,
Just finished reading an interesting article about technology trends. Thoughts?,0,user_000682,2025-12-07T09:41:16Z,,
Coffee break thoughts: collaboration is key What do you think?,0,user_000071,2025-09-07T05:51:34Z,,
Just finished reading an interesting article about space exploration. Thoughts?,0,user_000151,2025-12-08T08:55:24Z,,
Celebrating graduation with the family today! 🎉,0,user_000503,2025-09-26T14:01:15Z,,
BREAKING: Apple is giving away smart TV! Get yours: https://bit.ly/secure605,1,user_000201,2025-09-01T09:21:02Z,,https://bit.ly/secure605
Coffee break thoughts: collaboration is key What do you think?,0,user_000816,2025-11-19T09:18:49Z,,
Just finished reading an interesting article about climate change. Thoughts?,0,user_000180,2026-01-14T07:54:19Z,,
Working on a new website project. Exciting times ahead!,0,user_000237,2025-09-05T12:16:44Z,,
Coffee break thoughts: collaboration is key What do you think?,0,user_000199,2025-08-27T03:19:05Z,,
Celebrating graduation with the family today! 🎉,0,user_000980,2026-01-04T03:00:55Z,,
RT @user_000468: Weekend plans include reading. Should be fun!,0,user_000889,2025-10-11T23:27:29Z,user_000468,
Reminder: webinar is coming up next week. Looking forward to it!,0,user_000768,2025-10-10T03:15:12Z,,
Just finished reading an interesting article about renewable energy. Thoughts?,0,user_000974,2025-10-31T07:21:45Z,,
Just finished reading an interesting article about AI. Thoughts?,0,user_000438,2026-01-26T16:06:24Z,,
Just finished reading an interesting article about space exploration. Thoughts?,0,user_000894,2025-10-31T16:30:57Z,,
Final Notice: Apple account expires today. Renew now: https://tinyurl.com/secure889,1,user_000470,2025-12-16T04:13:44Z,,https://tinyurl.com/secure889
Weekend plans include cooking. Should be fun!,0,user_000657,2025-10-27T07:20:39Z,,https://twitter.com/article/6259
Weekend plans include reading. Should be fun!,0,user_000476,2025-12-19T01:09:34Z,,https://medium.com/article/6145
Working on a new machine learning project. Exciting times ahead!,0,user_000770,2025-12-28T09:05:13Z,,
Your Facebook payment failed. Update info to avoid suspension: https://secure-verify.net/verify179,1,user_000448,2025-09-27T06:28:30Z,,https://secure-verify.net/verify179
Beautiful sunset today in New York! 🌅 #photography,0,user_000971,2025-10-14T18:00:14Z,,
Working on a new research project. Exciting times ahead!,0,user_000114,2025-12-24T05:41:21Z,,https://twitter.com/article/4464
Beautiful sunset today in Sydney! 🌅 #photography,0,user_000865,2025-12-24T15:39:18Z,,
Weekend plans include reading. Should be fun!,0,user_000010,2026-01-07T22:39:30Z,,
Coffee break thoughts: learning never stops What do you think?,0,user_000099,2025-10-05T05:05:32Z,,
Weekend plans include reading. Should be fun!,0,user_000678,2025-11-22T14:42:39Z,,
Reading about space exploration - fascinating developments in the field,0,user_000673,2025-09-20T01:32:50Z,,https://twitter.com/article/7858
Celebrating graduation with the family today! 🎉,0,user_000404,2025-12-16T09:16:22Z,,
Weather update: It's rainy in Tokyo today,0,user_000124,2025-09-17T05:08:13Z,,
Reading about climate change - fascinating developments in the field,0,user_000544,2025-08-28T00:36:32Z,,
Celebrating achievement with the family today! 🎉,0,user_000520,2026-02-05T10:43:41Z,,
Great meeting with the product team today. Productive discussions!,0,user_000066,2025-09-06T06:51:05Z,,
🚨 URGENT: Your Bank of America account has been suspended! Verify immediately: https://verify-now.net/confirm918,1,user_000848,2025-09-27T02:16:34Z,,https://verify-now.net/confirm918
Working on a new data analysis project. Exciting times ahead!,0,user_000228,2025-12-26T12:00:40Z,,https://cnn.com/article/2795
Reminder: webinar is coming up next week. Looking forward to it!,0,user_000930,2025-09-07T03:38:58Z,,
Coffee break thoughts: collaboration is key What do you think?,0,user_000417,2025-09-17T01:18:00Z,,
RT @user_000099: Coffee break thoughts: learning never stops What do you think?,0,user_000808,2025-09-22T05:38:49Z,user_000099,
Reminder: meetup is coming up next week. Looking forward to it!,0,user_000584,2025-12-02T04:03:37Z,,
Great meeting with the engineering team today. Productive discussions!,0,user_000748,2025-12-31T23:40:47Z,,
Reading about AI - fascinating developments in the field,0,user_000880,2025-10-08T10:44:22Z,,
Celebrating promotion with the family today! 🎉,0,user_000159,2025-12-07T19:38:26Z,,
Weekend plans include hiking. Should be fun!,0,user_000696,2025-08-28T04:55:49Z,,https://wikipedia.org/article/9843
Coffee break thoughts: learning never stops What do you think?,0,user_000442,2025-10-05T22:36:51Z,,
Coffee break thoughts: innovation drives progress What do you think?,0,user_000995,2025-10-10T13:19:05Z,,
Great meeting with the product team today. Productive discussions!,0,user_000652,2025-09-25T09:00:00Z,,https://medium.com/article/9265
Just finished reading an interesting article about AI. Thoughts?,0,user_000897,2025-11-05T13:12:33Z,,https://youtube.com/article/4320
Coffee break thoughts: innovation drives progress What do you think?,0,user_000898,2025-11-03T19:20:58Z,,
Great meeting with the sales team today. Productive discussions!,0,user_000117,2025-11-04T22:35:45Z,,https://wikipedia.org/article/2370
Reminder: meetup is coming up next week. Looking forward to it!,0,user_000422,2025-11-05T14:09:28Z,,
RT @user_000205: Weather update: It's windy in London today,0,user_000706,2026-01-01T10:20:16Z,user_000205,
Working on a new data analysis project. Exciting times ahead!,0,user_000545,2026-02-04T09:42:29Z,,
Great meeting with the engineering team today. Productive discussions!,0,user_000025,2026-01-04T09:15:53Z,,
Weather update: It's windy in London today,0,user_000805,2026-01-01T20:37:58Z,,https://github.com/article/8763
Just finished reading an interesting article about AI. Thoughts?,0,user_000444,2026-01-25T00:33:49Z,,
Weekend plans include reading. Should be fun!,0,user_000528,2025-09-22T06:37:36Z,,
RT @user_000228: Working on a new data analysis project. Exciting times ahead!,0,user_000434,2025-09-29T16:16:13Z,user_000228,https://cnn.com/article/2795
Just finished reading an interesting article about climate change. Thoughts?,0,user_000498,2025-10-04T09:39:13Z,,https://wikipedia.org/article/1855
Weather update: It's rainy in Sydney today,0,user_000880,2025-12-05T11:37:27Z,,
Coffee break thoughts: learning never stops What do you think?,0,user_000904,2026-02-04T19:24:02Z,,
Just finished reading an interesting article about technology trends. Thoughts?,0,user_000144,2025-11-24T06:45:27Z,,
Reading about space exploration - fascinating developments in the field,0,user_000860,2025-11-18T14:00:01Z,,https://news.bbc.co.uk/article/5145
Just finished reading an interesting article about climate change. Thoughts?,0,user_000840,2025-09-06T13:50:21Z,,https://wikipedia.org/article/3509
RT @user_000493: Coffee break thoughts: collaboration is key What do you think?,0,user_000878,2025-12-26T16:19:29Z,user_000493,
Working on a new mobile app project. Exciting times ahead!,0,user_000505,2025-10-23T22:51:17Z,,https://cnn.com/article/4255
Reading about climate change - fascinating developments in the field,0,user_000715,2025-12-20T12:36:46Z,,https://medium.com/article/2483
Great meeting with the design team today. Productive discussions!,0,user_000184,2025-10-18T22:05:54Z,,
Great meeting with the product team today. Productive discussions!,0,user_000860,2026-01-26T17:19:16Z,,
Celebrating achievement with the family today! 🎉,0,user_000101,2026-01-19T21:15:14Z,,
Just finished reading an interesting article about climate change. Thoughts?,0,user_000834,2025-12-24T11:29:36Z,,
Weather update: It's cloudy in London today,0,user_000024,2025-09-23T19:08:33Z,,https://twitter.com/article/8790
Weekend plans include cooking. Should be fun!,0,user_000938,2025-08-26T10:35:07Z,,
Coffee break thoughts: collaboration is key What do you think?,0,user_000868,2026-02-06T19:24:14Z,,
Working on a new website project. Exciting times ahead!,0,user_000674,2025-08-18T19:30:01Z,,
RT @user_000995: Coffee break thoughts: innovation drives progress What do you think?,0,user_000215,2025-10-24T14:02:40Z,user_000995,
Reading about climate change - fascinating developments in the field,0,user_000165,2026-01-24T20:04:26Z,,
Weather update: It's rainy in New York today,0,user_000553,2025-11-24T00:31:29Z,,
Beautiful sunset today in California! 🌅 #photography,0,user_000556,2025-09-16T22:06:19Z,,https://linkedin.com/article/4079
Great meeting with the design team today. Productive discussions!,0,user_000681,2025-10-19T14:20:19Z,,https://news.bbc.co.uk/article/7524
Reading about AI - fascinating developments in the field,0,user_000147,2026-01-17T07:18:39Z,,
Beautiful sunset today in Tokyo! 🌅 #photography,0,user_000993,2025-11-26T15:09:41Z,,
Just finished reading an interesting article about renewable energy. Thoughts?,0,user_000248,2025-10-15T03:42:14Z,,
RT @user_000679: RT @user_000933: Celebrating birthday with the family today! 🎉,0,user_000450,2025-09-21T16:13:07Z,user_000679,
RT @user_000144: Just finished reading an interesting article about technology trends. Thoughts?,0,user_000792,2025-10-30T00:55:22Z,user_000144,
Beautiful sunset today in Tokyo! 🌅 #photography,0,user_000142,2026-01-19T18:13:25Z,,
Coffee break thoughts: collaboration is key What do you think?,0,user_000950,2025-11-24T01:01:27Z,,
Great meeting with the design team today. Productive discussions!,0,user_000170,2025-09-30T15:00:50Z,,https://youtube.com/article/4393
Weekend plans include coding. Should be fun!,0,user_000752,2025-10-19T17:12:51Z,,
RT @user_000792: RT @user_000144: Just finished reading an interesting article about technology trends. Thoughts?,0,user_000510,2025-10-24T16:46:54Z,user_000792,
Weather update: It's snowy in California today,0,user_000115,2025-11-07T07:26:32Z,,
Limited Time: Get smart TV absolutely FREE! Click here: https://short.link/claim650,1,user_000842,2025-11-03T11:53:53Z,,https://short.link/claim650
Working on a new data analysis project. Exciting times ahead!,0,user_000501,2026-02-06T10:50:28Z,,
Coffee break thoughts: collaboration is key What do you think?,0,user_000859,2025-08-19T07:07:26Z,,
Beautiful sunset today in Tokyo! 🌅 #photography,0,user_000868,2025-12-17T00:36:31Z,,
Just finished reading an interesting article about climate change. Thoughts?,0,user_000556,2025-11-25T22:34:00Z,,
Reminder: meetup is coming up next week. Looking forward to it!,0,user_000293,2025-11-15T19:33:53Z,,
Working on a new website project. Exciting times ahead!,0,user_000264,2025-08-24T22:12:17Z,,
Celebrating promotion with the family today! 🎉,0,user_000127,2025-08-30T06:11:42Z,,
Just finished reading an interesting article about technology trends. Thoughts?,0,user_000970,2026-01-05T20:18:27Z,,
Reminder: webinar is coming up next week. Looking forward to it!,0,user_000654,2025-11-12T23:53:34Z,,https://cnn.com/article/2591
Weekend plans include coding. Should be fun!,0,user_000726,2025-10-14T04:44:47Z,,
Reading about climate change - fascinating developments in the field,0,user_000534,2026-01-30T21:08:29Z,,
BREAKING: Amazon is giving away $1000 gift card! Get yours: https://verify-now.net/confirm515,1,user_000506,2025-12-10T15:49:12Z,,https://verify-now.net/confirm515
Reading about renewable energy - fascinating developments in the field,0,user_000422,2025-09-27T17:36:03Z,,
RT @user_000897: Just finished reading an interesting article about AI. Thoughts?,0,user_000577,2025-12-18T06:48:57Z,user_000897,https://youtube.com/article/4320
Coffee break thoughts: learning never stops What do you think?,0,user_000218,2025-12-23T00:33:08Z,,
Just finished reading an interesting article about AI. Thoughts?,0,user_000706,2025-10-05T00:24:59Z,,
Just finished reading an interesting article about AI. Thoughts?,0,user_000308,2025-12-01T23:11:34Z,,
Weekend plans include coding. Should be fun!,0,user_000352,2025-12-13T10:05:03Z,,
RT @user_000215: RT @user_000995: Coffee break thoughts: innovation drives progress What do you think?,0,user_000031,2025-11-21T07:51:37Z,user_000215,
Celebrating birthday with the family today! 🎉,0,user_000366,2025-10-16T22:45:45Z,,https://youtube.com/article/8261
Weekend plans include traveling. Should be fun!,0,user_000324,2025-09-18T03:51:43Z,,
Celebrating graduation with the family today! 🎉,0,user_000850,2025-10-17T11:02:00Z,,https://youtube.com/article/5306
⚠️ Account Locked: Your Netflix needs immediate verification: https://bit.ly/claim462,1,user_000865,2025-09-28T03:45:33Z,,https://bit.ly/claim462
RT @user_000228: Working on a new data analysis project. Exciting times ahead!,0,user_000952,2025-09-08T09:27:21Z,user_000228,https://cnn.com/article/2795
RT @user_000880: Weather update: It's rainy in Sydney today,0,user_000781,2025-09-07T08:18:54Z,user_000880,
RT @user_000898: Coffee break thoughts: innovation drives progress What do you think?,0,user_000444,2025-12-05T17:55:05Z,user_000898,
Great meeting with the design team today. Productive discussions!,0,user_000508,2025-10-20T00:47:03Z,,
Great meeting with the sales team today. Productive discussions!,0,user_000102,2025-08-30T08:31:32Z,,
Just finished reading an interesting article about space exploration. Thoughts?,0,user_000041,2025-09-05T12:59:26Z,,
Beautiful sunset today in New York! 🌅 #photography,0,user_000437,2025-09-22T22:13:55Z,,
Celebrating birthday with the family today! 🎉,0,user_000285,2025-09-16T20:55:40Z,,
Coffee break thoughts: collaboration is key What do you think?,0,user_000528,2025-09-22T21:49:34Z,,
Working on a new website project. Exciting times ahead!,0,user_000559,2025-10-10T06:53:08Z,,
Security Alert: Suspicious activity on your Microsoft. Confirm identity: https://urgent-action.com/verify954,1,user_000744,2025-08-28T04:55:33Z,,https://urgent-action.com/verify954
Weekend plans include cooking. Should be fun!,0,user_000674,2025-12-14T02:22:07Z,,https://medium.com/article/3868
Beautiful sunset today in Sydney! 🌅 #photography,0,user_000205,2026-02-01T03:46:41Z,,
RT @user_000868: Beautiful sunset today in Tokyo! 🌅 #photography,0,user_000600,2025-12-06T06:42:03Z,user_000868,
Just finished reading an interesting article about climate change. Thoughts?,0,user_000490,2025-11-27T08:25:13Z,,
Working on a new website project. Exciting times ahead!,0,user_000108,2025-08-24T04:22:33Z,,
Celebrating graduation with the family today! 🎉,0,user_000809,2025-11-08T04:22:00Z,,
Celebrating birthday with the family today! 🎉,0,user_000757,2025-12-01T12:05:18Z,,
RT @user_000995: Coffee break thoughts: innovation drives progress What do you think?,0,user_000669,2025-12-24T15:42:42Z,user_000995,
Beautiful sunset today in London! 🌅 #photography,0,user_000181,2025-10-21T07:54:02Z,,https://linkedin.com/article/4024
Just finished reading an interesting article about climate change. Thoughts?,0,user_000502,2025-08-20T22:09:18Z,,
Weekend plans include coding. Should be fun!,0,user_000084,2026-01-14T21:05:30Z,,
Great meeting with the design team today. Productive discussions!,0,user_000049,2025-11-09T11:16:21Z,,
Reading about climate change - fascinating developments in the field,0,user_000434,2025-11-03T20:19:33Z,,https://medium.com/article/5844
Reminder: presentation is coming up next week. Looking forward to it!,0,user_000653,2025-12-01T09:37:25Z,,https://twitter.com/article/6798
Working on a new research project. Exciting times ahead!,0,user_000567,2025-11-02T08:02:30Z,,
Working on a new mobile app project. Exciting times ahead!,0,user_000272,2025-09-15T13:41:17Z,,https://youtube.com/article/5117
Reminder: workshop is coming up next week. Looking forward to it!,0,user_000869,2025-09-14T22:04:12Z,,
Working on a new machine learning project. Exciting times ahead!,0,user_000787,2025-12-12T20:32:01Z,,
Weekend plans include traveling. Should be fun!,0,user_000968,2026-02-04T19:09:21Z,,https://cnn.com/article/6593
Beautiful sunset today in Sydney! 🌅 #photography,0,user_000853,2025-09-08T01:47:31Z,,
Great meeting with the marketing team today. Productive discussions!,0,user_000991,2025-09-30T15:18:51Z,,
Reading about technology trends - fascinating developments in the field,0,user_000847,2026-01-28T09:53:32Z,,
Reminder: conference is coming up next week. Looking forward to it!,0,user_000514,2025-08-25T21:17:26Z,,
Tax refund of $850 pending. Claim here: https://t.co/verify745,1,user_000669,2026-01-07T05:13:27Z,,https://t.co/verify745
Weather update: It's snowy in Tokyo today,0,user_000090,2025-11-04T13:51:41Z,,https://linkedin.com/article/1783
Weather update: It's windy in London today,0,user_000995,2025-12-20T19:44:25Z,,
Reading about renewable energy - fascinating developments in the field,0,user_000680,2025-10-17T22:44:03Z,,
Coffee break thoughts: learning never stops What do you think?,0,user_000630,2025-10-26T08:23:48Z,,https://techcrunch.com/article/2244
Great meeting with the product team today. Productive discussions!,0,user_000149,2025-10-01T05:40:13Z,,
Reminder: webinar is coming up next week. Looking forward to it!,0,user_000794,2025-11-06T17:08:16Z,,https://github.com/article/4992
Celebrating graduation with the family today! 🎉,0,user_000524,2025-09-02T14:36:19Z,,
Reminder: presentation is coming up next week. Looking forward to it!,0,user_000022,2025-10-25T06:57:57Z,,
Reminder: webinar is coming up next week. Looking forward to it!,0,user_000818,2025-12-05T09:10:03Z,,https://cnn.com/article/1871
Working on a new research project. Exciting times ahead!,0,user_000196,2026-01-14T01:46:14Z,,
Coffee break thoughts: learning never stops What do you think?,0,user_000737,2025-08-28T22:25:59Z,,
Beautiful sunset today in California! 🌅 #photography,0,user_000533,2025-09-10T20:28:53Z,,
Celebrating graduation with the family today! 🎉,0,user_000604,2025-11-10T05:11:52Z,,
RT @user_000031: RT @user_000215: RT @user_000995: Coffee break thoughts: innovation drives progress What do you think?,0,user_000290,2025-12-04T19:58:38Z,user_000031,
Coffee break thoughts: learning never stops What do you think?,0,user_000573,2025-12-17T05:02:45Z,,https://twitter.com/article/7303
Security Alert: Suspicious activity on your Netflix. Confirm identity: https://claim-reward.org/update687,1,user_000744,2026-01-23T18:46:13Z,,https://claim-reward.org/update687
Beautiful sunset today in London! 🌅 #photography,0,user_000599,2025-12-13T20:06:01Z,,
Coffee break thoughts: collaboration is key What do you think?,0,user_000418,2025-09-24T05:17:58Z,,
Reading about AI - fascinating developments in the field,0,user_000090,2025-12-21T13:05:35Z,,
Great meeting with the sales team today. Productive discussions!,0,user_000482,2025-12-15T00:48:26Z,,
Just finished reading an interesting article about climate change. Thoughts?,0,user_000931,2025-08-27T23:03:43Z,,
Weather update: It's sunny in Sydney today,0,user_000741,2025-09-23T17:01:14Z,,https://techcrunch.com/article/8107
Reminder: conference is coming up next week. Looking forward to it!,0,user_000232,2025-10-29T20:12:31Z,,https://twitter.com/article/7250
Reminder: workshop is coming up next week. Looking forward to it!,0,user_000124,2025-10-30T21:07:56Z,,
Weekend plans include hiking. Should be fun!,0,user_000954,2026-02-09T20:12:26Z,,
Great meeting with the marketing team today. Productive discussions!,0,user_000617,2026-01-30T00:20:01Z,,https://news.bbc.co.uk/article/5693
Limited Time: Get $1000 gift card absolutely FREE! Click here: https://tinyurl.com/verify334,1,user_000411,2025-10-04T14:12:57Z,,https://tinyurl.com/verify334
Weekend plans include reading. Should be fun!,0,user_000256,2026-02-01T13:04:23Z,,
Just finished reading an interesting article about space exploration. Thoughts?,0,user_000069,2026-02-03T20:17:49Z,,
Working on a new machine learning project. Exciting times ahead!,0,user_000559,2026-01-05T13:15:44Z,,
Congratulations! You've won a iPhone 15! Claim now: https://short.link/verify490 Limited time offer!,1,user_000022,2025-09-10T21:08:36Z,,https://short.link/verify490
Just finished reading an interesting article about renewable energy. Thoughts?,0,user_000098,2025-10-24T16:04:08Z,,
RT @user_000041: Just finished reading an interesting article about space exploration. Thoughts?,0,user_000286,2026-01-09T08:14:48Z,user_000041,
Coffee break thoughts: collaboration is key What do you think?,0,user_000123,2025-11-02T01:50:44Z,,
Coffee break thoughts: learning never stops What do you think?,0,user_000028,2025-10-17T05:49:25Z,,https://linkedin.com/article/4128
Reading about technology trends - fascinating developments in the field,0,user_000323,2025-11-01T06:29:39Z,,
Reminder: workshop is coming up next week. Looking forward to it!,0,user_000593,2025-10-19T02:31:27Z,,
Reading about technology trends - fascinating developments in the field,0,user_000815,2025-10-22T00:30:46Z,,
Working on a new research project. Exciting times ahead!,0,user_000500,2025-09-21T16:08:45Z,,
Working on a new data analysis project. Exciting times ahead!,0,user_000928,2026-01-30T07:30:45Z,,
Reading about climate change - fascinating developments in the field,0,user_000663,2026-01-24T11:30:07Z,,
Just finished reading an interesting article about technology trends. Thoughts?,0,user_000529,2025-10-15T22:09:33Z,,
Reminder: conference is coming up next week. Looking forward to it!,0,user_000506,2026-01-30T22:41:47Z,,https://wikipedia.org/article/2361
Just finished reading an interesting article about climate change. Thoughts?,0,user_000884,2025-10-10T15:04:52Z,,
Weather update: It's windy in New York today,0,user_000654,2025-12-31T15:50:56Z,,https://techcrunch.com/article/1174
Coffee break thoughts: collaboration is key What do you think?,0,user_000130,2025-09-03T19:48:19Z,,
Weather update: It's rainy in California today,0,user_000278,2025-12-07T16:51:32Z,,
Just finished reading an interesting article about technology trends. Thoughts?,0,user_000281,2025-08-29T13:19:31Z,,
Working on a new data analysis project. Exciting times ahead!,0,user_000407,2025-12-18T02:23:13Z,,
Reading about technology trends - fascinating developments in the field,0,user_000955,2025-10-08T18:27:31Z,,
Beautiful sunset today in California! 🌅 #photography,0,user_000727,2025-10-13T01:38:43Z,,https://linkedin.com/article/6265
Coffee break thoughts: learning never stops What do you think?,0,user_000963,2025-08-30T09:04:25Z,,
Reading about AI - fascinating developments in the field,0,user_000258,2026-01-28T16:58:25Z,,
Reading about space exploration - fascinating developments in the field,0,user_000824,2025-11-16T22:22:14Z,,
Celebrating anniversary with the family today! 🎉,0,user_000451,2025-10-31T17:17:27Z,,
Celebrating graduation with the family today! 🎉,0,user_000506,2025-08-22T20:36:36Z,,https://github.com/article/4013
Coffee break thoughts: innovation drives progress What do you think?,0,user_000984,2025-08-31T15:22:32Z,,https://youtube.com/article/8971
Your package could not be delivered. Reschedule: https://urgent-action.com/secure526,1,user_000575,2025-12-19T01:43:22Z,,https://urgent-action.com/secure526
RT @user_000794: Reminder: webinar is coming up next week. Looking forward to it!,0,user_000235,2025-08-30T21:45:16Z,user_000794,https://github.com/article/4992
Reminder: meetup is coming up next week. Looking forward to it!,0,user_000797,2026-01-17T10:04:05Z,,
Reminder: conference is coming up next week. Looking forward to it!,0,user_000747,2025-11-29T09:59:14Z,,
Great meeting with the marketing team today. Productive discussions!,0,user_000311,2025-08-19T05:47:59Z,,
RT @user_000084: Weekend plans include coding. Should be fun!,0,user_000340,2026-01-08T01:33:19Z,user_000084,
Celebrating anniversary with the family today! 🎉,0,user_000923,2025-12-21T16:46:25Z,,
Working on a new research project. Exciting times ahead!,0,user_000115,2025-09-26T01:17:44Z,,
Weather update: It's windy in Tokyo today,0,user_000898,2025-11-10T23:22:02Z,,https://twitter.com/article/6349
Just finished reading an interesting article about technology trends. Thoughts?,0,user_000592,2025-09-17T01:56:16Z,,
Weather update: It's snowy in London today,0,user_000560,2025-12-21T06:39:46Z,,
Reminder: presentation is coming up next week. Looking forward to it!,0,user_000530,2025-08-26T20:07:28Z,,https://cnn.com/article/5272
RT @user_000654: Weather update: It's windy in New York today,0,user_000634,2025-08-31T20:17:40Z,user_000654,https://techcrunch.com/article/1174
Just finished reading an interesting article about technology trends. Thoughts?,0,user_000704,2026-02-12T08:42:54Z,,
Coffee break thoughts: learning never stops What do you think?,0,user_000884,2025-10-13T01:32:45Z,,https://news.bbc.co.uk/article/4302
Coffee break thoughts: learning never stops What do you think?,0,user_000565,2026-01-24T11:04:33Z,,https://news.bbc.co.uk/article/2846
Weekend plans include cooking. Should be fun!,0,user_000175,2025-10-21T05:10:24Z,,https://youtube.com/article/1390
RT @user_000196: Working on a new research project. Exciting times ahead!,0,user_000559,2026-02-01T02:15:13Z,user_000196,
RT @user_000567: Working on a new research project. Exciting times ahead!,0,user_000009,2026-01-15T06:05:55Z,user_000567,
Reminder: conference is coming up next week. Looking forward to it!,0,user_000497,2025-12-31T14:07:34Z,,
Beautiful sunset today in New York! 🌅 #photography,0,user_000068,2025-12-08T15:28:13Z,,https://github.com/article/7513
Great meeting with the engineering team today. Productive discussions!,0,user_000212,2025-08-27T05:11:57Z,,
Reminder: webinar is coming up next week. Looking forward to it!,0,user_000480,2025-12-03T15:31:44Z,,https://twitter.com/article/2448
Working on a new mobile app project. Exciting times ahead!,0,user_000809,2025-12-13T13:48:07Z,,
Reading about climate change - fascinating developments in the field,0,user_000040,2026-01-27T05:01:58Z,,
Reminder: conference is coming up next week. Looking forward to it!,0,user_000923,2025-12-03T12:50:49Z,,https://news.bbc.co.uk/article/7864
Weather update: It's snowy in Tokyo today,0,user_000816,2026-01-11T14:07:11Z,,https://cnn.com/article/7116
Reminder: workshop is coming up next week. Looking forward to it!,0,user_000628,2026-01-25T21:25:49Z,,
Just finished reading an interesting article about climate change. Thoughts?,0,user_000314,2025-12-25T02:46:50Z,,https://twitter.com/article/2983
Great meeting with the sales team today. Productive discussions!,0,user_000057,2025-08-24T16:13:45Z,,
Coffee break thoughts: innovation drives progress What do you think?,0,user_000097,2025-11-18T20:38:01Z,,
Beautiful sunset today in California! 🌅 #photography,0,user_000275,2026-01-31T14:29:31Z,,
Security Alert: Suspicious activity on your Facebook. Confirm identity: https://claim-reward.org/verify618,1,user_000197,2025-10-10T23:57:26Z,,https://claim-reward.org/verify618
Just finished reading an interesting article about technology trends. Thoughts?,0,user_000925,2025-10-22T00:04:46Z,,
Reading about climate change - fascinating developments in the field,0,user_000757,2025-10-02T01:32:29Z,,https://cnn.com/article/7345
Beautiful sunset today in Tokyo! 🌅 #photography,0,user_000727,2025-11-07T22:30:10Z,,https://github.com/article/1387
Beautiful sunset today in Tokyo! 🌅 #photography,0,user_000249,2025-12-07T09:55:25Z,,https://medium.com/article/6859
Weather update: It's sunny in Sydney today,0,user_000270,2025-10-15T23:16:16Z,,https://techcrunch.com/article/2094
🚨 URGENT: Your Apple account has been restricted! Verify immediately: https://tinyurl.com/confirm781,1,user_000037,2026-02-05T14:27:38Z,,https://tinyurl.com/confirm781
Reminder: conference is coming up next week. Looking forward to it!,0,user_000419,2025-09-16T00:30:14Z,,
Reading about AI - fascinating developments in the field,0,user_000502,2025-08-30T05:40:02Z,,
Just finished reading an interesting article about space exploration. Thoughts?,0,user_000146,2026-02-07T05:25:07Z,,
Reading about AI - fascinating developments in the field,0,user_000790,2025-11-03T00:19:46Z,,
Weather update: It's snowy in Sydney today,0,user_000984,2026-01-18T05:44:20Z,,
Weather update: It's snowy in London today,0,user_000049,2026-02-14T14:51:51Z,,
Final Notice: Microsoft account expires today. Renew now: https://short.link/update630,1,user_000788,2025-12-26T16:31:38Z,,https://short.link/update630
Final Notice: Google account expires today. Renew now: https://short.link/update829,1,user_000254,2025-09-21T07:44:46Z,,https://short.link/update829
Weather update: It's cloudy in London today,0,user_000625,2025-10-23T22:36:27Z,,
⚠️ Account Locked: Your Amazon needs immediate verification: https://verify-now.net/claim103,1,user_000230,2025-12-03T13:45:31Z,,https://verify-now.net/claim103
Great meeting with the sales team today. Productive discussions!,0,user_000401,2025-09-22T19:34:48Z,,
Beautiful sunset today in New York! 🌅 #photography,0,user_000113,2025-10-23T04:55:41Z,,
Reminder: conference is coming up next week. Looking forward to it!,0,user_000898,2026-01-22T02:27:10Z,,
Working on a new data analysis project. Exciting times ahead!,0,user_000682,2025-11-15T21:01:36Z,,
Just finished reading an interesting article about renewable energy. Thoughts?,0,user_000400,2025-11-05T23:28:48Z,,
Weekend plans include cooking. Should be fun!,0,user_000507,2025-12-16T04:39:03Z,,https://news.bbc.co.uk/article/5451
Beautiful sunset today in California! 🌅 #photography,0,user_000574,2025-10-31T07:54:29Z,,https://news.bbc.co.uk/article/7619
Weekend plans include cooking. Should be fun!,0,user_000721,2025-11-21T23:35:54Z,,
Great meeting with the engineering team today. Productive discussions!,0,user_000361,2026-01-22T23:06:24Z,,https://wikipedia.org/article/7006
Reminder: presentation is coming up next week. Looking forward to it!,0,user_000830,2025-11-14T15:10:25Z,,
Working on a new machine learning project. Exciting times ahead!,0,user_000088,2026-01-17T17:05:05Z,,
Celebrating achievement with the family today! 🎉,0,user_000926,2025-12-04T02:46:54Z,,https://github.com/article/4201
Working on a new website project. Exciting times ahead!,0,user_000592,2025-09-13T20:28:45Z,,
"Tax refund of $1,200 pending. Claim here: https://secure-verify.net/confirm901",1,user_000532,2026-01-03T13:23:07Z,,https://secure-verify.net/confirm901
Just finished reading an interesting article about climate change. Thoughts?,0,user_000545,2026-01-06T16:04:15Z,,
RT @user_000022: Congratulations! You've won a iPhone 15! Claim now: https://short.link/verify490 Limited time offer!,1,user_000313,2026-01-21T22:23:28Z,user_000022,https://short.link/verify490
RT @user_000068: Beautiful sunset today in New York! 🌅 #photography,0,user_000991,2026-01-11T08:16:31Z,user_000068,https://github.com/article/7513
Weekend plans include coding. Should be fun!,0,user_000625,2025-11-04T04:09:37Z,,
Working on a new machine learning project. Exciting times ahead!,0,user_000122,2026-02-06T21:30:26Z,,
Coffee break thoughts: innovation drives progress What do you think?,0,user_000253,2025-09-07T07:40:32Z,,
Coffee break thoughts: innovation drives progress What do you think?,0,user_000203,2026-01-21T05:32:42Z,,https://wikipedia.org/article/7609
Celebrating promotion with the family today! 🎉,0,user_000220,2025-09-15T06:19:23Z,,https://techcrunch.com/article/9978
Celebrating promotion with the family today! 🎉,0,user_000301,2025-12-02T21:02:11Z,,https://linkedin.com/article/5962
Just finished reading an interesting article about AI. Thoughts?,0,user_000009,2025-12-16T10:03:34Z,,
Great meeting with the product team today. Productive discussions!,0,user_000023,2025-10-01T13:44:02Z,,
Coffee break thoughts: innovation drives progress What do you think?,0,user_000341,2026-01-29T15:10:15Z,,
Working on a new data analysis project. Exciting times ahead!,0,user_000694,2025-10-04T17:40:32Z,,
Weather update: It's cloudy in California today,0,user_000610,2025-10-03T09:55:48Z,,
Reminder: presentation is coming up next week. Looking forward to it!,0,user_000472,2025-12-11T21:13:47Z,,
Just finished reading an interesting article about renewable energy. Thoughts?,0,user_000343,2025-10-14T05:42:02Z,,
Weather update: It's sunny in New York today,0,user_000687,2026-01-18T23:06:23Z,,https://medium.com/article/6075
Great meeting with the engineering team today. Productive discussions!,0,user_000963,2025-09-18T05:04:48Z,,
Great meeting with the design team today. Productive discussions!,0,user_000314,2026-01-02T16:10:22Z,,
Great meeting with the marketing team today. Productive discussions!,0,user_000936,2025-11-13T19:41:26Z,,https://wikipedia.org/article/8557
Weather update: It's cloudy in Tokyo today,0,user_000232,2025-08-25T05:15:31Z,,
Just finished reading an interesting article about renewable energy. Thoughts?,0,user_000641,2025-10-18T18:35:27Z,,
Great meeting with the product team today. Productive discussions!,0,user_000021,2026-01-05T14:40:10Z,,https://news.bbc.co.uk/article/6481
Weather update: It's rainy in Tokyo today,0,user_000876,2025-11-29T17:36:00Z,,
"RT @user_000532: Tax refund of $1,200 pending. Claim here: https://secure-verify.net/confirm901",1,user_000943,2025-10-22T05:37:27Z,user_000532,https://secure-verify.net/confirm901
Celebrating promotion with the family today! 🎉,0,user_000734,2026-02-07T18:19:24Z,,
RT @user_000506: Celebrating graduation with the family today! 🎉,0,user_000954,2025-11-10T03:33:58Z,user_000506,https://github.com/article/4013
Coffee break thoughts: innovation drives progress What do you think?,0,user_000930,2026-01-31T17:14:58Z,,https://news.bbc.co.uk/article/6016
Coffee break thoughts: innovation drives progress What do you think?,0,user_000483,2025-12-24T07:32:35Z,,https://linkedin.com/article/8036
RT @user_000930: Coffee break thoughts: innovation drives progress What do you think?,0,user_000206,2025-10-04T03:57:40Z,user_000930,https://news.bbc.co.uk/article/6016
Working on a new research project. Exciting times ahead!,0,user_000853,2025-12-15T22:43:26Z,,
Security Alert: Suspicious activity on your Apple. Confirm identity: https://account-update.org/secure658,1,user_000085,2025-09-19T03:54:25Z,,https://account-update.org/secure658
Reminder: webinar is coming up next week. Looking forward to it!,0,user_000420,2025-09-20T04:17:04Z,,
Beautiful sunset today in Sydney! 🌅 #photography,0,user_000341,2025-11-14T14:16:54Z,,
Weather update: It's sunny in London today,0,user_000075,2026-01-14T09:58:22Z,,
Coffee break thoughts: innovation drives progress What do you think?,0,user_000327,2025-10-15T22:37:41Z,,https://wikipedia.org/article/1532
RT @user_000727: Beautiful sunset today in Tokyo! 🌅 #photography,0,user_000715,2025-08-23T01:30:38Z,user_000727,https://github.com/article/1387
Working on a new machine learning project. Exciting times ahead!,0,user_000622,2025-12-08T13:50:32Z,,
Coffee break thoughts: collaboration is key What do you think?,0,user_000770,2026-01-11T17:33:06Z,,
Weather update: It's sunny in New York today,0,user_000412,2026-01-22T20:07:01Z,,
Coffee break thoughts: learning never stops What do you think?,0,user_000356,2026-01-25T07:11:13Z,,https://linkedin.com/article/3758
Coffee break thoughts: learning never stops What do you think?,0,user_000783,2025-11-02T01:50:15Z,,
Weekend plans include traveling. Should be fun!,0,user_000946,2025-08-18T22:20:26Z,,
Working on a new mobile app project. Exciting times ahead!,0,user_000539,2025-09-01T16:02:37Z,,
Beautiful sunset today in New York! 🌅 #photography,0,user_000734,2026-01-06T07:07:10Z,,
Celebrating graduation with the family today! 🎉,0,user_000133,2026-02-01T06:40:11Z,,
Celebrating graduation with the family today! 🎉,0,user_000355,2025-09-09T02:08:56Z,,https://twitter.com/article/8099
Just finished reading an interesting article about technology trends. Thoughts?,0,user_000898,2025-12-30T07:53:28Z,,
Reading about climate change - fascinating developments in the field,0,user_000730,2025-09-15T17:53:06Z,,
Great meeting with the marketing team today. Productive discussions!,0,user_000420,2026-01-12T18:52:50Z,,
Coffee break thoughts: collaboration is key What do you think?,0,user_000079,2025-08-18T22:22:38Z,,
Celebrating achievement with the family today! 🎉,0,user_000362,2025-10-31T10:08:00Z,,
Weather update: It's windy in Sydney today,0,user_000252,2025-09-02T11:00:24Z,,
RT @user_000559: RT @user_000196: Working on a new research project. Exciting times ahead!,0,user_000768,2025-09-06T10:57:12Z,user_000559,
Weekend plans include traveling. Should be fun!,0,user_000192,2026-01-10T14:07:46Z,,
Coffee break thoughts: learning never stops What do you think?,0,user_000124,2025-10-02T04:19:20Z,,
Weather update: It's cloudy in New York today,0,user_000009,2025-10-03T03:06:47Z,,
Reminder: workshop is coming up next week. Looking forward to it!,0,user_000592,2026-01-12T13:31:58Z,,https://github.com/article/2003
Beautiful sunset today in California! 🌅 #photography,0,user_000979,2026-01-14T02:00:53Z,,
Your Google payment failed. Update info to avoid suspension: https://t.co/update830,1,user_000521,2025-12-24T21:48:05Z,,https://t.co/update830
Reading about technology trends - fascinating developments in the field,0,user_000224,2025-09-05T07:46:36Z,,
Just finished reading an interesting article about technology trends. Thoughts?,0,user_000920,2025-09-22T13:27:54Z,,
Just finished reading an interesting article about technology trends. Thoughts?,0,user_000923,2025-09-05T19:28:57Z,,
Just finished reading an interesting article about climate change. Thoughts?,0,user_000462,2025-11-08T14:48:13Z,,
Reading about space exploration - fascinating developments in the field,0,user_000258,2025-09-19T16:10:19Z,,
Your Google payment failed. Update info to avoid suspension: https://urgent-action.com/verify549,1,user_000623,2025-10-26T06:14:23Z,,https://urgent-action.com/verify549
Great meeting with the product team today. Productive discussions!,0,user_000390,2026-02-11T09:39:36Z,,https://youtube.com/article/2393
Coffee break thoughts: innovation drives progress What do you think?,0,user_000587,2025-08-19T04:35:57Z,,
Beautiful sunset today in Sydney! 🌅 #photography,0,user_000137,2025-09-16T15:14:01Z,,
Just finished reading an interesting article about climate change. Thoughts?,0,user_000765,2025-09-28T00:31:55Z,,
Weekend plans include coding. Should be fun!,0,user_000079,2025-09-11T10:02:41Z,,
Coffee break thoughts: innovation drives progress What do you think?,0,user_000979,2025-10-31T01:35:17Z,,
Great meeting with the engineering team today. Productive discussions!,0,user_000430,2025-10-15T10:25:31Z,,https://linkedin.com/article/2073
Working on a new mobile app project. Exciting times ahead!,0,user_000191,2026-01-25T06:32:25Z,,
Weather update: It's cloudy in California today,0,user_000158,2025-09-24T20:49:38Z,,
Celebrating anniversary with the family today! 🎉,0,user_000068,2025-09-08T19:23:07Z,,
Great meeting with the design team today. Productive discussions!,0,user_000719,2025-10-04T00:32:21Z,,
Weather update: It's rainy in Sydney today,0,user_000704,2025-09-06T00:19:18Z,,
Beautiful sunset today in Sydney! 🌅 #photography,0,user_000427,2025-10-20T08:57:14Z,,https://techcrunch.com/article/4254
Beautiful sunset today in Sydney! 🌅 #photography,0,user_000210,2026-01-16T21:34:12Z,,
Security Alert: Suspicious activity on your PayPal. Confirm identity: https://short.link/verify930,1,user_000257,2025-09-09T09:35:48Z,,https://short.link/verify930
Celebrating anniversary with the family today! 🎉,0,user_000455,2025-09-29T03:29:35Z,,
Just finished reading an interesting article about AI. Thoughts?,0,user_000908,2025-10-02T13:44:15Z,,
RT @user_000356: Coffee break thoughts: learning never stops What do you think?,0,user_000055,2025-09-16T08:45:08Z,user_000356,https://linkedin.com/article/3758
Beautiful sunset today in California! 🌅 #photography,0,user_000043,2025-10-03T19:05:37Z,,
Just finished reading an interesting article about AI. Thoughts?,0,user_000235,2025-10-27T19:27:13Z,,
Just finished reading an interesting article about AI. Thoughts?,0,user_000289,2025-08-28T18:09:03Z,,https://news.bbc.co.uk/article/8465
Beautiful sunset today in Tokyo! 🌅 #photography,0,user_000464,2026-01-11T05:15:18Z,,
Just finished reading an interesting article about climate change. Thoughts?,0,user_000790,2025-08-27T14:30:29Z,,
Beautiful sunset today in Sydney! 🌅 #photography,0,user_000588,2025-10-13T03:19:46Z,,
Great meeting with the product team today. Productive discussions!,0,user_000764,2025-12-21T06:20:21Z,,
Reading about space exploration - fascinating developments in the field,0,user_000831,2025-10-21T19:07:52Z,,
Great meeting with the design team today. Productive discussions!,0,user_000058,2025-12-05T08:39:18Z,,
Coffee break thoughts: learning never stops What do you think?,0,user_000187,2025-10-01T22:38:31Z,,https://cnn.com/article/2928
Weather update: It's sunny in California today,0,user_000028,2025-09-10T12:34:59Z,,
Just finished reading an interesting article about climate change. Thoughts?,0,user_000492,2026-01-17T19:24:55Z,,
Beautiful sunset today in New York! 🌅 #photography,0,user_000137,2025-10-06T13:39:08Z,,https://linkedin.com/article/8895
Weekend plans include hiking. Should be fun!,0,user_000170,2026-01-31T03:08:48Z,,
Beautiful sunset today in California! 🌅 #photography,0,user_000159,2025-08-31T12:11:23Z,,https://twitter.com/article/7343
Great meeting with the engineering team today. Productive discussions!,0,user_000581,2025-12-21T07:50:56Z,,
Great meeting with the sales team today. Productive discussions!,0,user_000143,2026-01-06T15:04:29Z,,https://youtube.com/article/9114
Weather update: It's rainy in Tokyo today,0,user_000671,2026-01-14T23:53:52Z,,
Coffee break thoughts: learning never stops What do you think?,0,user_000169,2025-09-20T21:38:47Z,,https://youtube.com/article/4199
Coffee break thoughts: innovation drives progress What do you think?,0,user_000721,2025-09-30T03:35:02Z,,
Weather update: It's rainy in Sydney today,0,user_000964,2026-02-07T17:47:54Z,,
Working on a new machine learning project. Exciting times ahead!,0,user_000996,2025-11-14T08:49:31Z,,https://wikipedia.org/article/7481
Your package could not be delivered. Reschedule: https://tinyurl.com/secure574,1,user_000973,2025-08-21T08:52:42Z,,https://tinyurl.com/secure574
Weekend plans include traveling. Should be fun!,0,user_000188,2026-01-08T06:48:44Z,,
Reminder: meetup is coming up next week. Looking forward to it!,0,user_000256,2026-01-11T08:05:17Z,,https://techcrunch.com/article/2883
Coffee break thoughts: learning never stops What do you think?,0,user_000359,2026-01-17T02:06:08Z,,
Your package could not be delivered. Reschedule: https://t.co/verify774,1,user_000108,2025-12-27T12:05:36Z,,https://t.co/verify774
Just finished reading an interesting article about renewable energy. Thoughts?,0,user_000687,2026-01-15T04:27:04Z,,
Tax refund of $500 pending. Claim here: https://account-update.org/claim873,1,user_000862,2025-10-03T07:46:18Z,,https://account-update.org/claim873
Just finished reading an interesting article about space exploration. Thoughts?,0,user_000449,2025-10-14T07:46:20Z,,https://github.com/article/1619
Weekend plans include cooking. Should be fun!,0,user_000215,2025-12-31T15:48:43Z,,
RT @user_000187: Coffee break thoughts: learning never stops What do you think?,0,user_000087,2026-01-17T03:47:23Z,user_000187,https://cnn.com/article/2928
Reading about renewable energy - fascinating developments in the field,0,user_000776,2026-01-05T04:12:31Z,,
Reading about technology trends - fascinating developments in the field,0,user_000015,2025-12-31T16:50:36Z,,
Celebrating birthday with the family today! 🎉,0,user_000663,2025-09-21T19:21:28Z,,
Working on a new mobile app project. Exciting times ahead!,0,user_000046,2025-10-05T12:55:32Z,,
Great meeting with the marketing team today. Productive discussions!,0,user_000695,2025-09-03T02:33:57Z,,
Reading about space exploration - fascinating developments in the field,0,user_000632,2025-09-30T19:25:34Z,,
Reminder: webinar is coming up next week. Looking forward to it!,0,user_000892,2025-08-21T16:25:23Z,,https://techcrunch.com/article/7409
RT @user_000588: Beautiful sunset today in Sydney! 🌅 #photography,0,user_000352,2025-09-19T15:39:50Z,user_000588,
Just finished reading an interesting article about climate change. Thoughts?,0,user_000526,2026-01-26T08:27:47Z,,
RT @user_000964: Weather update: It's rainy in Sydney today,0,user_000740,2025-08-27T12:58:40Z,user_000964,
Beautiful sunset today in New York! 🌅 #photography,0,user_000658,2025-12-31T19:32:00Z,,
Working on a new research project. Exciting times ahead!,0,user_000486,2025-10-21T21:38:42Z,,https://cnn.com/article/6914
BREAKING: Amazon is giving away laptop! Get yours: https://claim-reward.org/confirm525,1,user_000235,2026-02-02T03:32:38Z,,https://claim-reward.org/confirm525
Great meeting with the product team today. Productive discussions!,0,user_000745,2025-10-16T18:50:17Z,,
Celebrating achievement with the family today! 🎉,0,user_000406,2025-10-03T13:22:25Z,,https://wikipedia.org/article/1102
Weather update: It's rainy in London today,0,user_000217,2025-09-23T00:26:48Z,,https://wikipedia.org/article/1091
Coffee break thoughts: learning never stops What do you think?,0,user_000984,2025-10-14T11:30:12Z,,
Coffee break thoughts: learning never stops What do you think?,0,user_000832,2025-09-13T14:46:41Z,,
Just finished reading an interesting article about AI. Thoughts?,0,user_000434,2025-09-18T17:55:39Z,,
Security Alert: Suspicious activity on your Amazon. Confirm identity: https://urgent-action.com/claim631,1,user_000305,2025-11-19T20:54:13Z,,https://urgent-action.com/claim631
Great meeting with the product team today. Productive discussions!,0,user_000832,2026-02-09T08:15:01Z,,https://cnn.com/article/3535
Coffee break thoughts: learning never stops What do you think?,0,user_000799,2026-01-07T01:42:39Z,,
Just finished reading an interesting article about technology trends. Thoughts?,0,user_000652,2025-12-24T06:33:51Z,,https://wikipedia.org/article/3542
Coffee break thoughts: collaboration is key What do you think?,0,user_000628,2025-10-09T10:50:51Z,,https://github.com/article/3728
Reading about space exploration - fascinating developments in the field,0,user_000784,2025-12-15T08:01:44Z,,https://linkedin.com/article/7440
Weekend plans include cooking. Should be fun!,0,user_000593,2026-02-11T11:34:12Z,,https://cnn.com/article/3856
Weather update: It's sunny in Sydney today,0,user_000737,2025-11-03T18:20:19Z,,
Working on a new data analysis project. Exciting times ahead!,0,user_000107,2025-11-11T18:31:22Z,,
Weather update: It's rainy in Sydney today,0,user_000712,2025-10-03T12:44:58Z,,
Weekend plans include traveling. Should be fun!,0,user_000275,2026-01-16T23:00:05Z,,https://wikipedia.org/article/2088
Beautiful sunset today in California! 🌅 #photography,0,user_000839,2025-09-03T16:44:15Z,,https://youtube.com/article/5541
RT @user_000526: Just finished reading an interesting article about climate change. Thoughts?,0,user_000301,2025-09-14T18:19:02Z,user_000526,
Beautiful sunset today in California! 🌅 #photography,0,user_000831,2025-10-24T05:46:55Z,,
Reminder: workshop is coming up next week. Looking forward to it!,0,user_000857,2026-02-04T22:05:34Z,,https://linkedin.com/article/4153
Great meeting with the engineering team today. Productive discussions!,0,user_000885,2025-10-21T01:49:12Z,,https://github.com/article/5660
Just finished reading an interesting article about space exploration. Thoughts?,0,user_000553,2025-09-12T13:02:29Z,,
Congratulations! You've won a $1000 gift card! Claim now: https://short.link/claim221 Limited time offer!,1,user_000367,2025-12-03T09:20:06Z,,https://short.link/claim221
Working on a new mobile app project. Exciting times ahead!,0,user_000154,2025-10-27T21:47:10Z,,
Just finished reading an interesting article about AI. Thoughts?,0,user_000768,2025-09-12T21:21:25Z,,
Beautiful sunset today in New York! 🌅 #photography,0,user_000437,2025-12-16T06:58:41Z,,
Reading about space exploration - fascinating developments in the field,0,user_000697,2025-11-09T05:00:25Z,,
RT @user_000553: Just finished reading an interesting article about space exploration. Thoughts?,0,user_000805,2025-09-27T21:17:00Z,user_000553,
Celebrating achievement with the family today! 🎉,0,user_000467,2025-09-06T13:37:11Z,,
Weekend plans include hiking. Should be fun!,0,user_000112,2025-11-14T14:31:55Z,,
Congratulations! You've won a vacation package! Claim now: https://bit.ly/update469 Limited time offer!,1,user_000303,2025-09-21T15:02:22Z,,https://bit.ly/update469
Working on a new data analysis project. Exciting times ahead!,0,user_000073,2025-09-27T08:53:54Z,,
Reminder: webinar is coming up next week. Looking forward to it!,0,user_000042,2025-11-28T12:27:29Z,,https://news.bbc.co.uk/article/8200
Just finished reading an interesting article about renewable energy. Thoughts?,0,user_000726,2026-01-20T01:01:16Z,,
Beautiful sunset today in California! 🌅 #photography,0,user_000535,2025-10-18T19:47:46Z,,https://youtube.com/article/5303
Just finished reading an interesting article about technology trends. Thoughts?,0,user_000213,2025-11-22T08:17:56Z,,
Reading about renewable energy - fascinating developments in the field,0,user_000213,2025-09-29T15:31:31Z,,
Great meeting with the product team today. Productive discussions!,0,user_000143,2025-12-07T00:47:53Z,,https://linkedin.com/article/3854
Final Notice: Netflix account expires today. Renew now: https://t.co/claim968,1,user_000270,2025-11-26T18:18:25Z,,https://t.co/claim968
Celebrating graduation with the family today! 🎉,0,user_000993,2025-11-26T06:06:55Z,,
Congratulations! You've won a iPhone 15! Claim now: https://tinyurl.com/claim122 Limited time offer!,1,user_000274,2025-11-04T03:03:11Z,,https://tinyurl.com/claim122
Beautiful sunset today in Sydney! 🌅 #photography,0,user_000441,2025-08-20T21:19:23Z,,
RT @user_000768: Just finished reading an interesting article about AI. Thoughts?,0,user_000940,2025-11-04T22:45:23Z,user_000768,
Reading about technology trends - fascinating developments in the field,0,user_000278,2026-01-30T07:13:19Z,,
RT @user_000712: Weather update: It's rainy in Sydney today,0,user_000143,2025-11-09T14:13:57Z,user_000712,
Coffee break thoughts: learning never stops What do you think?,0,user_000800,2026-02-14T12:06:07Z,,https://techcrunch.com/article/7183
RT @user_000301: RT @user_000526: Just finished reading an interesting article about climate change. Thoughts?,0,user_000893,2025-11-12T20:30:40Z,user_000301,
Weather update: It's sunny in London today,0,user_000345,2025-10-09T06:50:22Z,,
Just finished reading an interesting article about renewable energy. Thoughts?,0,user_000715,2025-08-22T22:21:13Z,,https://news.bbc.co.uk/article/5235
Congratulations! You've won a laptop! Claim now: https://claim-reward.org/secure466 Limited time offer!,1,user_000289,2025-09-29T01:49:29Z,,https://claim-reward.org/secure466
Reminder: conference is coming up next week. Looking forward to it!,0,user_000273,2026-02-10T15:50:11Z,,
Weekend plans include cooking. Should be fun!,0,user_000366,2025-11-17T22:08:41Z,,
Beautiful sunset today in Sydney! 🌅 #photography,0,user_000291,2025-11-16T07:21:56Z,,https://techcrunch.com/article/5238
Great meeting with the engineering team today. Productive discussions!,0,user_000314,2025-11-08T15:05:45Z,,
Weekend plans include traveling. Should be fun!,0,user_000726,2025-10-18T12:50:46Z,,
Weekend plans include cooking. Should be fun!,0,user_000368,2025-11-08T16:28:49Z,,https://github.com/article/8827
RT @user_000831: Beautiful sunset today in California! 🌅 #photography,0,user_000765,2025-12-13T01:24:52Z,user_000831,
Weekend plans include cooking. Should be fun!,0,user_000143,2025-12-29T03:49:28Z,,
Weekend plans include coding. Should be fun!,0,user_000320,2025-11-08T21:38:47Z,,
Just finished reading an interesting article about space exploration. Thoughts?,0,user_000849,2025-10-04T17:46:48Z,,
Celebrating promotion with the family today! 🎉,0,user_000820,2025-12-14T18:10:31Z,,
Celebrating promotion with the family today! 🎉,0,user_000025,2025-12-24T03:45:15Z,,
Beautiful sunset today in London! 🌅 #photography,0,user_000474,2025-12-20T19:28:26Z,,https://news.bbc.co.uk/article/2295
Coffee break thoughts: learning never stops What do you think?,0,user_000020,2025-12-12T06:54:56Z,,https://twitter.com/article/9458
Just finished reading an interesting article about renewable energy. Thoughts?,0,user_000266,2025-09-27T05:46:17Z,,
Weather update: It's snowy in Tokyo today,0,user_000809,2025-10-09T01:17:18Z,,
Coffee break thoughts: learning never stops What do you think?,0,user_000999,2025-10-28T23:54:21Z,,
Reminder: presentation is coming up next week. Looking forward to it!,0,user_000050,2025-11-11T18:36:31Z,,https://medium.com/article/4171
RT @user_000143: Great meeting with the product team today. Productive discussions!,0,user_000869,2026-01-04T08:03:44Z,user_000143,https://linkedin.com/article/3854
Celebrating birthday with the family today! 🎉,0,user_000925,2025-12-02T12:56:24Z,,
Weather update: It's windy in New York today,0,user_000851,2025-10-13T07:15:01Z,,
Working on a new data analysis project. Exciting times ahead!,0,user_000991,2025-08-31T10:57:16Z,,https://youtube.com/article/6889
Coffee break thoughts: learning never stops What do you think?,0,user_000744,2025-10-07T06:05:08Z,,https://medium.com/article/6251
Weekend plans include cooking. Should be fun!,0,user_000149,2026-01-02T04:08:59Z,,
Working on a new research project. Exciting times ahead!,0,user_000353,2026-02-10T07:07:09Z,,
Working on a new research project. Exciting times ahead!,0,user_000642,2025-09-21T03:01:28Z,,https://techcrunch.com/article/2690
Coffee break thoughts: innovation drives progress What do you think?,0,user_000455,2025-12-30T22:57:47Z,,https://linkedin.com/article/2984
Just finished reading an interesting article about technology trends. Thoughts?,0,user_000247,2025-09-24T10:00:34Z,,
Reminder: presentation is coming up next week. Looking forward to it!,0,user_000926,2025-12-21T05:14:42Z,,https://techcrunch.com/article/6231
Weekend plans include reading. Should be fun!,0,user_000999,2025-10-29T12:10:02Z,,
RT @user_000474: Beautiful sunset today in London! 🌅 #photography,0,user_000578,2025-09-05T12:27:00Z,user_000474,https://news.bbc.co.uk/article/2295
Beautiful sunset today in London! 🌅 #photography,0,user_000392,2026-01-24T11:28:13Z,,
Just finished reading an interesting article about space exploration. Thoughts?,0,user_000854,2025-09-14T23:52:15Z,,
Just finished reading an interesting article about technology trends. Thoughts?,0,user_000538,2025-09-01T18:08:03Z,,https://techcrunch.com/article/8101
Weather update: It's rainy in Tokyo today,0,user_000930,2025-09-13T10:00:09Z,,
Coffee break thoughts: collaboration is key What do you think?,0,user_000869,2025-09-14T16:17:26Z,,
Beautiful sunset today in New York! 🌅 #photography,0,user_000099,2025-09-06T09:37:44Z,,
Great meeting with the design team today. Productive discussions!,0,user_000979,2025-11-19T09:00:44Z,,
Great meeting with the design team today. Productive discussions!,0,user_000276,2026-01-17T00:18:53Z,,https://wikipedia.org/article/3160
Weather update: It's rainy in New York today,0,user_000995,2025-08-28T21:49:42Z,,
Reading about technology trends - fascinating developments in the field,0,user_000969,2025-12-23T05:52:35Z,,
Great meeting with the design team today. Productive discussions!,0,user_000408,2026-01-18T07:59:59Z,,https://cnn.com/article/3232
Just finished reading an interesting article about AI. Thoughts?,0,user_000296,2026-01-24T06:47:21Z,,
Reminder: conference is coming up next week. Looking forward to it!,0,user_000157,2025-12-08T02:36:58Z,,https://twitter.com/article/2161
Reminder: presentation is coming up next week. Looking forward to it!,0,user_000755,2025-09-13T04:25:43Z,,
RT @user_000467: Celebrating achievement with the family today! 🎉,0,user_000697,2026-01-15T20:05:28Z,user_000467,
Coffee break thoughts: innovation drives progress What do you think?,0,user_000124,2025-10-23T03:56:45Z,,https://news.bbc.co.uk/article/4001
Final Notice: Microsoft account expires today. Renew now: https://verify-now.net/claim139,1,user_000214,2025-09-30T04:19:18Z,,https://verify-now.net/claim139
Coffee break thoughts: innovation drives progress What do you think?,0,user_000255,2025-10-21T21:26:08Z,,
Just finished reading an interesting article about technology trends. Thoughts?,0,user_000953,2025-09-23T03:21:04Z,,
Weather update: It's sunny in New York today,0,user_000547,2026-01-16T21:33:02Z,,https://wikipedia.org/article/9083
Just finished reading an interesting article about space exploration. Thoughts?,0,user_000307,2025-12-17T05:33:32Z,,
Great meeting with the sales team today. Productive discussions!,0,user_000007,2025-08-20T16:51:25Z,,
Just finished reading an interesting article about space exploration. Thoughts?,0,user_000855,2025-08-24T20:39:28Z,,
Reading about renewable energy - fascinating developments in the field,0,user_000691,2025-12-26T01:20:45Z,,
Great meeting with the marketing team today. Productive discussions!,0,user_000138,2026-02-05T04:41:03Z,,
Great meeting with the product team today. Productive discussions!,0,user_000393,2025-10-24T20:33:06Z,,https://medium.com/article/5913
Weather update: It's snowy in New York today,0,user_000364,2025-08-22T09:08:59Z,,https://github.com/article/7355
Coffee break thoughts: learning never stops What do you think?,0,user_000572,2025-12-28T17:37:00Z,,https://twitter.com/article/7338
Great meeting with the sales team today. Productive discussions!,0,user_000662,2025-10-22T12:56:09Z,,
Just finished reading an interesting article about renewable energy. Thoughts?,0,user_000545,2025-11-30T23:17:08Z,,
Weekend plans include hiking. Should be fun!,0,user_000203,2026-02-08T10:42:50Z,,https://github.com/article/4626
Your package could not be delivered. Reschedule: https://verify-now.net/claim622,1,user_000085,2025-09-04T19:28:50Z,,https://verify-now.net/claim622
Just finished reading an interesting article about space exploration. Thoughts?,0,user_000748,2026-02-01T18:44:27Z,,
Celebrating promotion with the family today! 🎉,0,user_000544,2025-11-27T18:01:32Z,,https://youtube.com/article/1760
Just finished reading an interesting article about AI. Thoughts?,0,user_000303,2025-11-10T10:16:09Z,,https://github.com/article/8289
Working on a new research project. Exciting times ahead!,0,user_000334,2025-11-10T20:55:18Z,,
Weather update: It's windy in Sydney today,0,user_000383,2025-12-04T14:46:44Z,,
Weather update: It's snowy in California today,0,user_000143,2025-11-19T18:37:51Z,,
Great meeting with the engineering team today. Productive discussions!,0,user_000397,2025-09-29T03:43:29Z,,
Reminder: conference is coming up next week. Looking forward to it!,0,user_000434,2025-09-28T16:52:16Z,,
Beautiful sunset today in Sydney! 🌅 #photography,0,user_000092,2025-12-19T18:25:45Z,,
RT @user_000092: Beautiful sunset today in Sydney! 🌅 #photography,0,user_000863,2025-09-25T07:30:19Z,user_000092,
Weather update: It's snowy in California today,0,user_000470,2025-11-15T21:27:24Z,,
Working on a new machine learning project. Exciting times ahead!,0,user_000307,2025-08-26T14:04:11Z,,
Reminder: presentation is coming up next week. Looking forward to it!,0,user_000526,2025-09-19T03:29:19Z,,
Beautiful sunset today in New York! 🌅 #photography,0,user_000925,2026-01-11T21:28:16Z,,
RT @user_000854: Just finished reading an interesting article about space exploration. Thoughts?,0,user_000147,2025-12-24T00:52:43Z,user_000854,
Weekend plans include reading. Should be fun!,0,user_000833,2025-09-24T11:58:33Z,,
Beautiful sunset today in California! 🌅 #photography,0,user_000149,2025-09-17T00:42:21Z,,https://medium.com/article/3406
Just finished reading an interesting article about technology trends. Thoughts?,0,user_000018,2025-09-04T02:00:01Z,,
Reminder: webinar is coming up next week. Looking forward to it!,0,user_000692,2025-10-03T10:42:45Z,,
Just finished reading an interesting article about technology trends. Thoughts?,0,user_000627,2025-11-02T10:59:12Z,,https://linkedin.com/article/6993
Reading about space exploration - fascinating developments in the field,0,user_000681,2026-02-01T02:37:42Z,,
RT @user_000470: Weather update: It's snowy in California today,0,user_000496,2025-10-29T11:36:43Z,user_000470,
Weekend plans include traveling. Should be fun!,0,user_000508,2025-11-03T18:04:26Z,,
Reminder: meetup is coming up next week. Looking forward to it!,0,user_000613,2025-09-11T10:38:51Z,,
RT @user_000662: Great meeting with the sales team today. Productive discussions!,0,user_000157,2026-01-22T20:32:55Z,user_000662,
RT @user_000692: Reminder: webinar is coming up next week. Looking forward to it!,0,user_000748,2025-09-10T23:57:49Z,user_000692,
Coffee break thoughts: collaboration is key What do you think?,0,user_000270,2026-01-29T13:33:19Z,,
Working on a new mobile app project. Exciting times ahead!,0,user_000138,2025-11-10T03:23:53Z,,
Just finished reading an interesting article about AI. Thoughts?,0,user_000186,2025-12-22T16:29:22Z,,https://medium.com/article/2014
Reading about AI - fascinating developments in the field,0,user_000101,2025-12-13T23:25:05Z,,
Celebrating birthday with the family today! 🎉,0,user_000875,2025-10-24T19:24:36Z,,
Just finished reading an interesting article about renewable energy. Thoughts?,0,user_000411,2025-09-16T10:58:19Z,,
Reminder: conference is coming up next week. Looking forward to it!,0,user_000712,2025-10-01T10:29:08Z,,
Just finished reading an interesting article about AI. Thoughts?,0,user_000228,2026-01-18T15:30:28Z,,
Reminder: webinar is coming up next week. Looking forward to it!,0,user_000391,2025-12-28T06:12:43Z,,https://news.bbc.co.uk/article/1231
Reading about space exploration - fascinating developments in the field,0,user_000745,2025-09-13T02:11:15Z,,
Working on a new machine learning project. Exciting times ahead!,0,user_000763,2025-12-26T19:38:31Z,,
RT @user_000953: Just finished reading an interesting article about technology trends. Thoughts?,0,user_000530,2025-12-24T01:10:13Z,user_000953,
Reading about technology trends - fascinating developments in the field,0,user_000975,2025-11-20T22:28:34Z,,https://linkedin.com/article/2879
Beautiful sunset today in New York! 🌅 #photography,0,user_000081,2025-12-25T13:53:46Z,,
RT @user_000266: Just finished reading an interesting article about renewable energy. Thoughts?,0,user_000970,2025-12-24T17:56:27Z,user_000266,
Beautiful sunset today in New York! 🌅 #photography,0,user_000823,2025-10-19T23:43:41Z,,
RT @user_000745: Reading about space exploration - fascinating developments in the field,0,user_000087,2025-11-22T23:42:22Z,user_000745,
Reminder: webinar is coming up next week. Looking forward to it!,0,user_000290,2025-12-06T15:09:41Z,,
Reading about climate change - fascinating developments in the field,0,user_000737,2025-12-17T08:36:40Z,,https://cnn.com/article/4037
Reminder: workshop is coming up next week. Looking forward to it!,0,user_000214,2025-10-02T22:14:40Z,,https://youtube.com/article/2502
RT @user_000455: Coffee break thoughts: innovation drives progress What do you think?,0,user_000534,2026-01-03T16:54:52Z,user_000455,https://linkedin.com/article/2984
Great meeting with the product team today. Productive discussions!,0,user_000756,2026-02-06T11:06:02Z,,
Weather update: It's windy in London today,0,user_000953,2026-01-01T09:17:39Z,,
Great meeting with the product team today. Productive discussions!,0,user_000101,2025-10-31T11:13:49Z,,
Reading about AI - fascinating developments in the field,0,user_000143,2025-10-03T05:40:54Z,,https://twitter.com/article/6730
Weekend plans include reading. Should be fun!,0,user_000588,2025-10-21T19:22:54Z,,
Great meeting with the product team today. Productive discussions!,0,user_000831,2025-10-04T17:30:26Z,,
Reminder: presentation is coming up next week. Looking forward to it!,0,user_000863,2025-10-21T09:02:16Z,,
Reminder: conference is coming up next week. Looking forward to it!,0,user_000566,2025-11-13T03:57:07Z,,
Just finished reading an interesting article about technology trends. Thoughts?,0,user_000586,2025-09-13T06:19:25Z,,
Final Notice: Apple account expires today. Renew now: https://click.me/confirm543,1,user_000101,2025-10-01T00:54:17Z,,https://click.me/confirm543
Weather update: It's snowy in Tokyo today,0,user_000490,2025-10-21T21:03:30Z,,https://medium.com/article/2880
Celebrating graduation with the family today! 🎉,0,user_000732,2025-12-31T18:03:40Z,,
Coffee break thoughts: innovation drives progress What do you think?,0,user_000752,2025-09-25T11:53:01Z,,
Beautiful sunset today in Sydney! 🌅 #photography,0,user_000617,2026-01-19T08:05:13Z,,
Working on a new mobile app project. Exciting times ahead!,0,user_000005,2025-10-08T19:33:03Z,,
Just finished reading an interesting article about AI. Thoughts?,0,user_000977,2025-09-22T19:54:10Z,,https://github.com/article/7006
Working on a new mobile app project. Exciting times ahead!,0,user_000799,2025-12-08T00:49:09Z,,https://linkedin.com/article/9524
🚨 URGENT: Your Microsoft account has been flagged! Verify immediately: https://short.link/secure359,1,user_000682,2025-12-26T19:31:24Z,,https://short.link/secure359
Just finished reading an interesting article about climate change. Thoughts?,0,user_000288,2025-10-11T15:07:00Z,,
Working on a new data analysis project. Exciting times ahead!,0,user_000178,2026-02-12T21:17:38Z,,
Reading about technology trends - fascinating developments in the field,0,user_000134,2026-02-05T17:42:05Z,,
Great meeting with the design team today. Productive discussions!,0,user_000947,2026-02-02T02:01:09Z,,
Coffee break thoughts: innovation drives progress What do you think?,0,user_000143,2025-10-19T03:18:12Z,,
Weather update: It's rainy in London today,0,user_000691,2025-09-24T01:58:25Z,,
Beautiful sunset today in Sydney! 🌅 #photography,0,user_000561,2026-01-22T10:03:33Z,,https://github.com/article/1772
Beautiful sunset today in London! 🌅 #photography,0,user_000670,2025-12-16T22:18:24Z,,
RT @user_000470: Weather update: It's snowy in California today,0,user_000075,2025-09-19T09:46:04Z,user_000470,
Celebrating achievement with the family today! 🎉,0,user_000498,2025-10-13T22:35:15Z,,
Great meeting with the design team today. Productive discussions!,0,user_000184,2026-01-21T20:31:50Z,,
Coffee break thoughts: learning never stops What do you think?,0,user_000584,2025-12-24T09:45:32Z,,https://wikipedia.org/article/6131
Reading about climate change - fascinating developments in the field,0,user_000202,2025-10-25T11:22:43Z,,
RT @user_000863: Reminder: presentation is coming up next week. Looking forward to it!,0,user_000938,2025-09-30T01:13:53Z,user_000863,
RT @user_000799: Working on a new mobile app project. Exciting times ahead!,0,user_000007,2025-10-30T20:26:23Z,user_000799,https://linkedin.com/article/9524
Your package could not be delivered. Reschedule: https://secure-verify.net/verify299,1,user_000602,2025-08-27T02:48:19Z,,https://secure-verify.net/verify299
Working on a new mobile app project. Exciting times ahead!,0,user_000045,2025-12-25T08:11:32Z,,
Celebrating anniversary with the family today! 🎉,0,user_000755,2025-10-08T13:14:59Z,,
Working on a new research project. Exciting times ahead!,0,user_000158,2025-11-27T18:35:09Z,,https://twitter.com/article/7361
Great meeting with the engineering team today. Productive discussions!,0,user_000716,2025-09-15T00:15:21Z,,
Reminder: presentation is coming up next week. Looking forward to it!,0,user_000937,2026-01-07T22:22:54Z,,https://github.com/article/2047
Beautiful sunset today in Tokyo! 🌅 #photography,0,user_000398,2025-12-08T08:58:36Z,,
RT @user_000411: Just finished reading an interesting article about renewable energy. Thoughts?,0,user_000647,2025-08-19T01:30:06Z,user_000411,
Reminder: conference is coming up next week. Looking forward to it!,0,user_000835,2026-02-09T05:53:15Z,,
Working on a new research project. Exciting times ahead!,0,user_000523,2026-01-01T02:11:11Z,,
Reminder: workshop is coming up next week. Looking forward to it!,0,user_000292,2025-10-22T22:28:52Z,,https://linkedin.com/article/4388
Reminder: workshop is coming up next week. Looking forward to it!,0,user_000591,2026-01-04T20:32:58Z,,
Reminder: presentation is coming up next week. Looking forward to it!,0,user_000677,2025-11-22T09:09:22Z,,
Weather update: It's snowy in New York today,0,user_000123,2025-11-12T23:31:55Z,,https://github.com/article/9818
Beautiful sunset today in Sydney! 🌅 #photography,0,user_000300,2026-01-08T06:14:09Z,,
Celebrating achievement with the family today! 🎉,0,user_000961,2025-10-20T11:59:43Z,,
Working on a new data analysis project. Exciting times ahead!,0,user_000590,2025-08-23T00:18:39Z,,
Celebrating anniversary with the family today! 🎉,0,user_000497,2025-11-15T10:40:12Z,,https://youtube.com/article/8174
Weekend plans include cooking. Should be fun!,0,user_000810,2025-10-04T17:51:04Z,,
Reminder: webinar is coming up next week. Looking forward to it!,0,user_000414,2025-10-13T23:08:32Z,,
Coffee break thoughts: innovation drives progress What do you think?,0,user_000566,2025-11-03T16:21:44Z,,
Coffee break thoughts: learning never stops What do you think?,0,user_000559,2025-09-24T12:49:12Z,,https://github.com/article/5139
Coffee break thoughts: collaboration is key What do you think?,0,user_000113,2026-01-18T17:19:41Z,,https://techcrunch.com/article/8761
RT @user_000763: Working on a new machine learning project. Exciting times ahead!,0,user_000138,2025-10-14T12:02:32Z,user_000763,
Coffee break thoughts: innovation drives progress What do you think?,0,user_000491,2025-11-07T03:01:34Z,,
Reminder: meetup is coming up next week. Looking forward to it!,0,user_000082,2025-12-12T05:53:52Z,,
Celebrating birthday with the family today! 🎉,0,user_000344,2025-10-20T11:41:24Z,,
Working on a new mobile app project. Exciting times ahead!,0,user_000554,2025-12-19T23:49:40Z,,
Limited Time: Get vacation package absolutely FREE! Click here: https://click.me/claim498,1,user_000259,2025-12-12T15:08:00Z,,https://click.me/claim498
Reminder: meetup is coming up next week. Looking forward to it!,0,user_000028,2026-01-01T20:52:33Z,,https://techcrunch.com/article/1100
Celebrating promotion with the family today! 🎉,0,user_000178,2026-01-15T15:13:11Z,,
BREAKING: Google is giving away vacation package! Get yours: https://verify-now.net/update829,1,user_000453,2025-12-10T03:19:58Z,,https://verify-now.net/update829
Weather update: It's sunny in London today,0,user_000690,2025-10-22T21:23:22Z,,
Final Notice: Facebook account expires today. Renew now: https://claim-reward.org/verify364,1,user_000045,2025-10-02T08:56:41Z,,https://claim-reward.org/verify364
Great meeting with the design team today. Productive discussions!,0,user_000737,2025-09-26T09:01:22Z,,
RT @user_000613: Reminder: meetup is coming up next week. Looking forward to it!,0,user_000682,2025-11-08T10:54:09Z,user_000613,
Coffee break thoughts: collaboration is key What do you think?,0,user_000679,2026-01-19T21:45:40Z,,
Your package could not be delivered. Reschedule: https://account-update.org/secure423,1,user_000329,2025-12-30T22:14:19Z,,https://account-update.org/secure423
BREAKING: Microsoft is giving away smart TV! Get yours: https://short.link/claim931,1,user_000973,2025-10-26T19:46:17Z,,https://short.link/claim931
Celebrating anniversary with the family today! 🎉,0,user_000633,2025-09-28T09:46:35Z,,https://cnn.com/article/8851
Celebrating anniversary with the family today! 🎉,0,user_000535,2025-11-30T00:06:36Z,,https://news.bbc.co.uk/article/6594
Coffee break thoughts: collaboration is key What do you think?,0,user_000338,2026-02-10T07:19:19Z,,
Coffee break thoughts: learning never stops What do you think?,0,user_000952,2026-01-03T12:18:41Z,,https://techcrunch.com/article/8500
Beautiful sunset today in Sydney! 🌅 #photography,0,user_000434,2025-12-01T14:14:26Z,,https://twitter.com/article/2170
Beautiful sunset today in Sydney! 🌅 #photography,0,user_000348,2025-11-23T00:40:54Z,,https://cnn.com/article/6376
Coffee break thoughts: innovation drives progress What do you think?,0,user_000422,2025-12-08T21:48:56Z,,https://medium.com/article/4565
Weather update: It's windy in Sydney today,0,user_000979,2025-10-29T13:47:25Z,,
RT @user_000952: Coffee break thoughts: learning never stops What do you think?,0,user_000456,2025-11-03T06:22:17Z,user_000952,https://techcrunch.com/article/8500
Weekend plans include hiking. Should be fun!,0,user_000415,2026-01-06T03:21:27Z,,https://medium.com/article/9726
Coffee break thoughts: learning never stops What do you think?,0,user_000201,2025-11-16T04:09:58Z,,
Coffee break thoughts: learning never stops What do you think?,0,user_000331,2025-10-05T06:57:58Z,,https://cnn.com/article/7587
Just finished reading an interesting article about renewable energy. Thoughts?,0,user_000921,2026-01-24T22:57:53Z,,
Weather update: It's snowy in Tokyo today,0,user_000352,2025-09-22T22:24:15Z,,https://medium.com/article/5754
Celebrating graduation with the family today! 🎉,0,user_000453,2025-12-29T06:23:03Z,,https://news.bbc.co.uk/article/5085
Reading about climate change - fascinating developments in the field,0,user_000268,2025-08-25T22:12:34Z,,
Reminder: workshop is coming up next week. Looking forward to it!,0,user_000460,2025-10-10T04:36:11Z,,https://twitter.com/article/8972
Weather update: It's windy in Tokyo today,0,user_000848,2026-01-12T11:35:06Z,,
Just finished reading an interesting article about space exploration. Thoughts?,0,user_000092,2025-10-03T16:40:27Z,,https://github.com/article/9791
Working on a new data analysis project. Exciting times ahead!,0,user_000444,2026-01-16T06:24:24Z,,https://cnn.com/article/5356
Reminder: workshop is coming up next week. Looking forward to it!,0,user_000098,2025-09-30T20:14:17Z,,
Reading about AI - fascinating developments in the field,0,user_000182,2025-11-26T04:41:52Z,,
Working on a new website project. Exciting times ahead!,0,user_000759,2026-01-06T06:24:23Z,,https://news.bbc.co.uk/article/5333
Final Notice: Facebook account expires today. Renew now: https://tinyurl.com/verify157,1,user_000303,2025-09-29T09:58:11Z,,https://tinyurl.com/verify157
Coffee break thoughts: innovation drives progress What do you think?,0,user_000978,2025-12-10T16:58:04Z,,https://medium.com/article/8908
Great meeting with the engineering team today. Productive discussions!,0,user_000329,2026-01-27T06:45:03Z,,https://news.bbc.co.uk/article/3907
Coffee break thoughts: innovation drives progress What do you think?,0,user_000582,2025-09-16T15:24:09Z,,https://twitter.com/article/6004
Working on a new data analysis project. Exciting times ahead!,0,user_000713,2025-12-02T05:24:10Z,,https://twitter.com/article/6492
RT @user_000978: Coffee break thoughts: innovation drives progress What do you think?,0,user_000051,2025-11-16T06:13:10Z,user_000978,https://medium.com/article/8908
RT @user_000602: Your package could not be delivered. Reschedule: https://secure-verify.net/verify299,1,user_000649,2025-09-10T22:34:47Z,user_000602,https://secure-verify.net/verify299
Great meeting with the product team today. Productive discussions!,0,user_000145,2025-10-07T12:30:36Z,,
Reminder: conference is coming up next week. Looking forward to it!,0,user_000175,2025-09-29T08:01:24Z,,https://youtube.com/article/3158
Just finished reading an interesting article about renewable energy. Thoughts?,0,user_000848,2025-12-21T05:25:24Z,,
Reading about technology trends - fascinating developments in the field,0,user_000301,2025-12-01T12:23:08Z,,https://news.bbc.co.uk/article/8628
Weekend plans include coding. Should be fun!,0,user_000101,2025-12-14T10:45:58Z,,
Coffee break thoughts: collaboration is key What do you think?,0,user_000819,2025-08-23T05:43:14Z,,https://news.bbc.co.uk/article/8595
Beautiful sunset today in London! 🌅 #photography,0,user_000256,2025-08-28T10:13:39Z,,
Reminder: workshop is coming up next week. Looking forward to it!,0,user_000513,2025-10-10T03:48:53Z,,
Weekend plans include reading. Should be fun!,0,user_000386,2026-01-10T00:26:24Z,,
Just finished reading an interesting article about AI. Thoughts?,0,user_000549,2025-10-30T20:04:04Z,,
Reading about technology trends - fascinating developments in the field,0,user_000826,2025-10-06T14:32:49Z,,
Beautiful sunset today in California! 🌅 #photography,0,user_000068,2026-01-06T18:29:52Z,,
Your package could not be delivered. Reschedule: https://secure-verify.net/update656,1,user_000595,2025-11-02T02:08:55Z,,https://secure-verify.net/update656
RT @user_000075: RT @user_000470: Weather update: It's snowy in California today,0,user_000068,2026-02-05T23:45:42Z,user_000075,
Great meeting with the engineering team today. Productive discussions!,0,user_000565,2025-09-27T03:43:54Z,,
Reading about technology trends - fascinating developments in the field,0,user_000864,2025-11-12T09:39:14Z,,
Great meeting with the engineering team today. Productive discussions!,0,user_000307,2026-02-13T18:27:51Z,,
Working on a new data analysis project. Exciting times ahead!,0,user_000506,2025-12-20T09:00:52Z,,
Reminder: conference is coming up next week. Looking forward to it!,0,user_001000,2025-12-03T18:29:41Z,,
Beautiful sunset today in London! 🌅 #photography,0,user_000462,2025-11-16T20:59:19Z,,
Just finished reading an interesting article about technology trends. Thoughts?,0,user_000178,2025-12-06T21:42:09Z,,https://twitter.com/article/4969
Working on a new website project. Exciting times ahead!,0,user_000231,2026-01-23T21:15:53Z,,
Great meeting with the sales team today. Productive discussions!,0,user_000382,2025-09-08T10:33:27Z,,
Reminder: meetup is coming up next week. Looking forward to it!,0,user_000780,2025-11-30T11:43:26Z,,
Working on a new data analysis project. Exciting times ahead!,0,user_000852,2026-01-01T08:10:05Z,,
Congratulations! You've won a vacation package! Claim now: https://claim-reward.org/claim518 Limited time offer!,1,user_000079,2025-11-18T13:19:54Z,,https://claim-reward.org/claim518
Reminder: presentation is coming up next week. Looking forward to it!,0,user_000662,2025-10-03T08:07:04Z,,https://wikipedia.org/article/7763
Great meeting with the engineering team today. Productive discussions!,0,user_000940,2025-12-14T01:13:00Z,,
RT @user_000961: Celebrating achievement with the family today! 🎉,0,user_000550,2025-12-03T12:45:58Z,user_000961,
Celebrating anniversary with the family today! 🎉,0,user_000803,2025-10-11T11:32:39Z,,
Celebrating anniversary with the family today! 🎉,0,user_000443,2025-10-18T00:56:44Z,,
Reminder: presentation is coming up next week. Looking forward to it!,0,user_000275,2025-09-07T03:50:31Z,,https://twitter.com/article/7577
Just finished reading an interesting article about AI. Thoughts?,0,user_000156,2025-09-05T00:30:36Z,,https://linkedin.com/article/4303
Reading about AI - fascinating developments in the field,0,user_000548,2026-01-13T08:02:07Z,,https://medium.com/article/9132
Just finished reading an interesting article about renewable energy. Thoughts?,0,user_000695,2025-10-23T19:28:10Z,,https://techcrunch.com/article/5667
Reading about renewable energy - fascinating developments in the field,0,user_000567,2025-10-01T16:03:29Z,,
Your package could not be delivered. Reschedule: https://tinyurl.com/confirm581,1,user_000356,2025-12-19T17:01:42Z,,https://tinyurl.com/confirm581
RT @user_000803: Celebrating anniversary with the family today! 🎉,0,user_000339,2025-12-02T20:54:53Z,user_000803,
Reading about space exploration - fascinating developments in the field,0,user_000462,2025-11-02T12:22:44Z,,https://techcrunch.com/article/3780
Celebrating promotion with the family today! 🎉,0,user_000943,2025-11-11T11:48:55Z,,
Weather update: It's sunny in Tokyo today,0,user_000797,2025-09-29T21:35:35Z,,https://github.com/article/1899
Coffee break thoughts: innovation drives progress What do you think?,0,user_000830,2025-10-13T16:21:01Z,,
Just finished reading an interesting article about renewable energy. Thoughts?,0,user_000383,2025-10-29T03:58:39Z,,
RT @user_000300: Beautiful sunset today in Sydney! 🌅 #photography,0,user_000332,2025-09-05T19:11:01Z,user_000300,
Reading about renewable energy - fascinating developments in the field,0,user_000406,2025-10-23T01:55:06Z,,https://news.bbc.co.uk/article/3547
RT @user_000182: Reading about AI - fascinating developments in the field,0,user_000384,2025-11-25T00:54:56Z,user_000182,
Just finished reading an interesting article about AI. Thoughts?,0,user_000530,2025-11-17T15:14:11Z,,https://cnn.com/article/7280
Reading about renewable energy - fascinating developments in the field,0,user_000213,2025-12-25T16:44:08Z,,https://linkedin.com/article/9192
Reminder: meetup is coming up next week. Looking forward to it!,0,user_000334,2025-08-28T07:42:17Z,,https://techcrunch.com/article/4042
Celebrating anniversary with the family today! 🎉,0,user_000036,2025-11-09T21:02:30Z,,
Reminder: workshop is coming up next week. Looking forward to it!,0,user_000269,2025-09-14T12:23:23Z,,
Coffee break thoughts: innovation drives progress What do you think?,0,user_000744,2025-08-29T19:42:01Z,,
Just finished reading an interesting article about technology trends. Thoughts?,0,user_000118,2025-12-12T09:58:35Z,,
Weather update: It's snowy in Tokyo today,0,user_000645,2026-01-03T15:34:45Z,,
Weekend plans include cooking. Should be fun!,0,user_000534,2025-09-27T16:43:42Z,,https://twitter.com/article/9633
RT @user_000759: Working on a new website project. Exciting times ahead!,0,user_000587,2025-09-19T13:38:41Z,user_000759,https://news.bbc.co.uk/article/5333
Beautiful sunset today in Sydney! 🌅 #photography,0,user_000590,2025-08-20T04:13:04Z,,https://youtube.com/article/7621
RT @user_000307: Great meeting with the engineering team today. Productive discussions!,0,user_000632,2026-02-03T06:22:56Z,user_000307,
Beautiful sunset today in New York! 🌅 #photography,0,user_000426,2025-09-23T12:33:59Z,,
Celebrating birthday with the family today! 🎉,0,user_000617,2025-12-01T11:49:58Z,,
Weather update: It's snowy in Sydney today,0,user_000083,2025-09-12T08:27:41Z,,https://youtube.com/article/6731
Coffee break thoughts: innovation drives progress What do you think?,0,user_000927,2026-01-26T21:43:33Z,,https://medium.com/article/2931
Working on a new website project. Exciting times ahead!,0,user_000283,2025-12-18T07:44:48Z,,
Your package could not be delivered. Reschedule: https://account-update.org/update935,1,user_000283,2026-01-30T00:29:19Z,,https://account-update.org/update935
Congratulations! You've won a $1000 gift card! Claim now: https://claim-reward.org/secure709 Limited time offer!,1,user_000124,2026-01-16T10:55:35Z,,https://claim-reward.org/secure709
Just finished reading an interesting article about technology trends. Thoughts?,0,user_000210,2025-08-19T22:08:42Z,,https://youtube.com/article/1566
BREAKING: Google is giving away smart TV! Get yours: https://secure-verify.net/update973,1,user_000087,2025-10-12T17:36:54Z,,https://secure-verify.net/update973
⚠️ Account Locked: Your Apple needs immediate verification: https://claim-reward.org/confirm932,1,user_000692,2025-09-25T01:50:31Z,,https://claim-reward.org/confirm932
Working on a new research project. Exciting times ahead!,0,user_000017,2025-09-05T05:10:20Z,,https://news.bbc.co.uk/article/9804
Weekend plans include reading. Should be fun!,0,user_000196,2025-11-04T14:38:34Z,,
Great meeting with the marketing team today. Productive discussions!,0,user_000300,2025-12-17T10:55:33Z,,https://github.com/article/1243
Reading about AI - fascinating developments in the field,0,user_000531,2025-10-19T11:53:50Z,,
Celebrating birthday with the family today! 🎉,0,user_000612,2025-12-07T13:00:19Z,,
Working on a new website project. Exciting times ahead!,0,user_000317,2025-10-10T06:04:59Z,,https://youtube.com/article/3723
Beautiful sunset today in Tokyo! 🌅 #photography,0,user_000489,2025-09-12T06:44:01Z,,https://youtube.com/article/1808
Beautiful sunset today in London! 🌅 #photography,0,user_000805,2025-11-20T10:59:30Z,,
Weekend plans include hiking. Should be fun!,0,user_000359,2026-02-04T02:12:52Z,,
Coffee break thoughts: innovation drives progress What do you think?,0,user_000567,2026-01-26T17:31:05Z,,
Celebrating achievement with the family today! 🎉,0,user_000786,2025-10-16T21:38:34Z,,https://cnn.com/article/3816
Weather update: It's rainy in California today,0,user_000889,2025-11-30T04:51:09Z,,
RT @user_000175: Reminder: conference is coming up next week. Looking forward to it!,0,user_000915,2025-12-22T02:42:14Z,user_000175,https://youtube.com/article/3158
RT @user_000548: Reading about AI - fascinating developments in the field,0,user_000550,2025-11-12T17:53:24Z,user_000548,https://medium.com/article/9132
Weather update: It's windy in Tokyo today,0,user_000009,2026-01-04T21:51:19Z,,
Weekend plans include hiking. Should be fun!,0,user_000143,2025-12-11T13:57:38Z,,https://linkedin.com/article/4289
Just finished reading an interesting article about AI. Thoughts?,0,user_000714,2025-11-11T07:08:07Z,,https://techcrunch.com/article/8960
Weather update: It's windy in Tokyo today,0,user_000884,2025-12-24T14:53:43Z,,https://twitter.com/article/6334
Reminder: meetup is coming up next week. Looking forward to it!,0,user_000677,2025-10-11T05:55:32Z,,https://news.bbc.co.uk/article/5243
Reading about renewable energy - fascinating developments in the field,0,user_000390,2025-12-14T00:18:11Z,,
Celebrating anniversary with the family today! 🎉,0,user_000806,2025-12-16T03:59:20Z,,
Working on a new website project. Exciting times ahead!,0,user_000974,2025-10-24T17:01:14Z,,
Celebrating birthday with the family today! 🎉,0,user_000915,2025-11-07T19:41:33Z,,
Reminder: conference is coming up next week. Looking forward to it!,0,user_000884,2025-12-18T04:06:36Z,,
RT @user_000786: Celebrating achievement with the family today! 🎉,0,user_000824,2025-11-30T06:28:09Z,user_000786,https://cnn.com/article/3816
RT @user_000974: Working on a new website project. Exciting times ahead!,0,user_000143,2025-10-30T12:01:11Z,user_000974,
Weather update: It's snowy in California today,0,user_000992,2025-10-15T07:23:11Z,,https://news.bbc.co.uk/article/7784
RT @user_000645: Weather update: It's snowy in Tokyo today,0,user_000416,2025-10-22T14:33:14Z,user_000645,
Just finished reading an interesting article about space exploration. Thoughts?,0,user_000990,2025-10-09T11:55:23Z,,
Celebrating birthday with the family today! 🎉,0,user_000397,2025-09-23T06:19:24Z,,
Beautiful sunset today in Sydney! 🌅 #photography,0,user_000372,2025-12-12T17:29:46Z,,
Weekend plans include coding. Should be fun!,0,user_000154,2026-01-29T12:09:42Z,,https://news.bbc.co.uk/article/3771
RT @user_000386: Weekend plans include reading. Should be fun!,0,user_000504,2026-01-28T13:17:43Z,user_000386,
Just finished reading an interesting article about technology trends. Thoughts?,0,user_000868,2025-09-17T12:52:58Z,,https://cnn.com/article/3905
RT @user_000143: RT @user_000974: Working on a new website project. Exciting times ahead!,0,user_000736,2025-09-18T06:40:10Z,user_000143,
Reminder: meetup is coming up next week. Looking forward to it!,0,user_000786,2025-08-23T20:23:36Z,,
Coffee break thoughts: learning never stops What do you think?,0,user_000593,2026-01-16T06:56:19Z,,https://cnn.com/article/7027
Working on a new data analysis project. Exciting times ahead!,0,user_000794,2025-10-10T06:53:31Z,,
Coffee break thoughts: innovation drives progress What do you think?,0,user_000385,2025-09-09T20:53:20Z,,https://twitter.com/article/5138
Final Notice: Bank of America account expires today. Renew now: https://bit.ly/claim149,1,user_000555,2025-11-27T03:40:29Z,,https://bit.ly/claim149
RT @user_000662: Reminder: presentation is coming up next week. Looking forward to it!,0,user_000285,2026-01-30T19:55:44Z,user_000662,https://wikipedia.org/article/7763
Weather update: It's snowy in London today,0,user_000394,2025-12-29T17:52:24Z,,
RT @user_000385: Coffee break thoughts: innovation drives progress What do you think?,0,user_000088,2025-11-15T06:02:02Z,user_000385,https://twitter.com/article/5138
RT @user_000385: Coffee break thoughts: innovation drives progress What do you think?,0,user_000948,2025-09-22T08:06:22Z,user_000385,https://twitter.com/article/5138
Working on a new research project. Exciting times ahead!,0,user_000939,2025-10-28T09:00:51Z,,https://youtube.com/article/7126
Reading about AI - fascinating developments in the field,0,user_000465,2025-10-30T13:12:49Z,,
Celebrating birthday with the family today! 🎉,0,user_000113,2025-10-10T11:04:36Z,,
Weekend plans include reading. Should be fun!,0,user_000460,2025-10-02T11:16:30Z,,
Weekend plans include cooking. Should be fun!,0,user_000181,2026-02-10T09:32:48Z,,
Weekend plans include cooking. Should be fun!,0,user_000151,2025-09-01T18:14:39Z,,
Weather update: It's snowy in Sydney today,0,user_000527,2026-01-11T13:47:39Z,,
Coffee break thoughts: innovation drives progress What do you think?,0,user_000119,2025-10-07T03:03:26Z,,
RT @user_000550: RT @user_000961: Celebrating achievement with the family today! 🎉,0,user_000422,2025-08-24T08:15:46Z,user_000550,
Reading about space exploration - fascinating developments in the field,0,user_000968,2025-08-21T21:19:03Z,,https://news.bbc.co.uk/article/2103
Coffee break thoughts: collaboration is key What do you think?,0,user_000366,2025-12-17T06:02:07Z,,https://cnn.com/article/9849
Reminder: webinar is coming up next week. Looking forward to it!,0,user_000510,2025-12-05T03:17:54Z,,
Coffee break thoughts: innovation drives progress What do you think?,0,user_000428,2025-12-18T14:01:06Z,,
Coffee break thoughts: collaboration is key What do you think?,0,user_000589,2025-09-11T01:12:57Z,,
Reminder: conference is coming up next week. Looking forward to it!,0,user_000758,2025-12-21T09:12:07Z,,
Reminder: presentation is coming up next week. Looking forward to it!,0,user_000919,2025-11-26T18:36:38Z,,https://news.bbc.co.uk/article/3938
RT @user_000510: Reminder: webinar is coming up next week. Looking forward to it!,0,user_000300,2025-11-10T09:21:01Z,user_000510,
Reminder: meetup is coming up next week. Looking forward to it!,0,user_000206,2025-08-25T06:33:46Z,,
Weather update: It's sunny in California today,0,user_000478,2025-09-25T01:05:06Z,,
Weather update: It's cloudy in New York today,0,user_000566,2025-12-26T13:41:42Z,,https://techcrunch.com/article/6674
Just finished reading an interesting article about AI. Thoughts?,0,user_000666,2026-02-08T00:15:59Z,,
Your Netflix payment failed. Update info to avoid suspension: https://claim-reward.org/confirm253,1,user_000863,2025-12-10T22:29:19Z,,https://claim-reward.org/confirm253
Just finished reading an interesting article about technology trends. Thoughts?,0,user_000538,2025-09-17T01:51:11Z,,
Celebrating birthday with the family today! 🎉,0,user_000575,2025-09-24T12:26:43Z,,
RT @user_000366: Coffee break thoughts: collaboration is key What do you think?,0,user_000974,2025-09-20T07:22:54Z,user_000366,https://cnn.com/article/9849
Coffee break thoughts: collaboration is key What do you think?,0,user_000556,2025-11-30T22:42:10Z,,
Celebrating birthday with the family today! 🎉,0,user_000483,2025-10-18T12:46:14Z,,https://linkedin.com/article/2954
Great meeting with the engineering team today. Productive discussions!,0,user_000687,2025-10-13T19:41:31Z,,
Reminder: workshop is coming up next week. Looking forward to it!,0,user_000962,2026-01-13T00:30:24Z,,
Working on a new mobile app project. Exciting times ahead!,0,user_000103,2026-02-10T17:47:45Z,,https://news.bbc.co.uk/article/9759
Just finished reading an interesting article about renewable energy. Thoughts?,0,user_000138,2025-09-04T16:25:20Z,,https://news.bbc.co.uk/article/7491
RT @user_000556: Coffee break thoughts: collaboration is key What do you think?,0,user_000847,2025-09-19T16:06:05Z,user_000556,
Working on a new mobile app project. Exciting times ahead!,0,user_000626,2025-10-02T13:20:41Z,,
Celebrating graduation with the family today! 🎉,0,user_000642,2026-01-23T04:35:50Z,,https://twitter.com/article/9739
Coffee break thoughts: innovation drives progress What do you think?,0,user_000123,2026-01-05T03:24:00Z,,
Reminder: webinar is coming up next week. Looking forward to it!,0,user_000066,2025-09-11T14:24:50Z,,
Celebrating anniversary with the family today! 🎉,0,user_000157,2025-10-15T04:34:52Z,,https://twitter.com/article/7691
RT @user_000786: Celebrating achievement with the family today! 🎉,0,user_000530,2025-08-19T11:55:38Z,user_000786,https://cnn.com/article/3816
Celebrating achievement with the family today! 🎉,0,user_000787,2025-09-12T16:30:52Z,,
Weather update: It's rainy in New York today,0,user_000234,2026-02-12T21:17:56Z,,
Weekend plans include traveling. Should be fun!,0,user_000012,2025-11-10T02:02:56Z,,
Weather update: It's sunny in Sydney today,0,user_000467,2025-12-31T10:08:52Z,,https://cnn.com/article/8536
Great meeting with the marketing team today. Productive discussions!,0,user_000925,2025-10-04T14:53:08Z,,
Reading about climate change - fascinating developments in the field,0,user_000706,2026-02-13T14:20:55Z,,
Reading about technology trends - fascinating developments in the field,0,user_000868,2025-09-18T14:40:43Z,,
Just finished reading an interesting article about AI. Thoughts?,0,user_000129,2025-10-01T21:54:34Z,,https://github.com/article/3987
Reminder: presentation is coming up next week. Looking forward to it!,0,user_000408,2026-01-24T20:28:50Z,,
Weather update: It's snowy in Tokyo today,0,user_000030,2025-12-03T15:56:55Z,,
Celebrating promotion with the family today! 🎉,0,user_000078,2025-11-17T07:18:21Z,,
Coffee break thoughts: collaboration is key What do you think?,0,user_000234,2025-08-28T19:35:09Z,,
RT @user_000626: Working on a new mobile app project. Exciting times ahead!,0,user_000093,2025-10-10T03:01:14Z,user_000626,
Coffee break thoughts: innovation drives progress What do you think?,0,user_000327,2025-10-05T05:52:02Z,,
Weather update: It's windy in Tokyo today,0,user_000934,2025-11-20T23:06:09Z,,
Weekend plans include cooking. Should be fun!,0,user_000353,2025-12-11T01:48:07Z,,
Great meeting with the engineering team today. Productive discussions!,0,user_000007,2025-09-07T08:15:55Z,,https://linkedin.com/article/7831
Coffee break thoughts: innovation drives progress What do you think?,0,user_000775,2025-08-19T10:36:09Z,,
Working on a new website project. Exciting times ahead!,0,user_000698,2026-01-04T12:19:46Z,,
Coffee break thoughts: learning never stops What do you think?,0,user_000715,2025-12-02T19:10:13Z,,
Celebrating promotion with the family today! 🎉,0,user_000218,2025-11-30T19:44:58Z,,
Weather update: It's rainy in Sydney today,0,user_000162,2026-01-31T22:17:34Z,,
Beautiful sunset today in Sydney! 🌅 #photography,0,user_000521,2025-09-06T20:44:28Z,,
Coffee break thoughts: collaboration is key What do you think?,0,user_000312,2025-09-07T01:01:37Z,,
Just finished reading an interesting article about renewable energy. Thoughts?,0,user_000810,2025-09-01T11:48:41Z,,https://twitter.com/article/9581
Working on a new research project. Exciting times ahead!,0,user_000819,2026-01-21T07:38:57Z,,
Coffee break thoughts: innovation drives progress What do you think?,0,user_000680,2025-08-27T11:59:51Z,,https://news.bbc.co.uk/article/4823
Reminder: meetup is coming up next week. Looking forward to it!,0,user_000938,2025-08-24T13:13:48Z,,
Weekend plans include cooking. Should be fun!,0,user_000832,2026-01-28T21:30:54Z,,
BREAKING: Apple is giving away vacation package! Get yours: https://account-update.org/confirm376,1,user_000469,2025-09-27T09:16:50Z,,https://account-update.org/confirm376
Great meeting with the engineering team today. Productive discussions!,0,user_000135,2025-12-10T03:26:08Z,,
Celebrating achievement with the family today! 🎉,0,user_000461,2025-10-22T03:22:43Z,,https://twitter.com/article/5111
Your Bank of America payment failed. Update info to avoid suspension: https://click.me/secure141,1,user_000990,2025-11-18T03:21:31Z,,https://click.me/secure141
Beautiful sunset today in Sydney! 🌅 #photography,0,user_000300,2025-10-19T18:52:44Z,,https://youtube.com/article/7969
Great meeting with the sales team today. Productive discussions!,0,user_000163,2026-01-04T18:23:01Z,,
Reading about climate change - fascinating developments in the field,0,user_000567,2025-09-29T03:11:19Z,,
Beautiful sunset today in Tokyo! 🌅 #photography,0,user_000387,2026-01-25T04:58:52Z,,
Just finished reading an interesting article about climate change. Thoughts?,0,user_000202,2025-11-24T05:47:44Z,,
Reminder: webinar is coming up next week. Looking forward to it!,0,user_000843,2025-12-26T23:07:04Z,,
Weekend plans include traveling. Should be fun!,0,user_000938,2025-09-02T16:15:09Z,,
Reading about space exploration - fascinating developments in the field,0,user_000992,2025-12-14T19:30:01Z,,https://techcrunch.com/article/2061
Reminder: presentation is coming up next week. Looking forward to it!,0,user_000570,2025-09-03T01:00:44Z,,https://techcrunch.com/article/9384
Beautiful sunset today in New York! 🌅 #photography,0,user_000171,2025-12-21T14:50:58Z,,
Security Alert: Suspicious activity on your Microsoft. Confirm identity: https://bit.ly/claim107,1,user_000897,2025-08-27T18:57:27Z,,https://bit.ly/claim107
Weekend plans include hiking. Should be fun!,0,user_000748,2026-01-04T06:20:39Z,,https://techcrunch.com/article/4784
Weekend plans include cooking. Should be fun!,0,user_000357,2026-01-09T06:59:10Z,,
Reminder: webinar is coming up next week. Looking forward to it!,0,user_000988,2025-11-19T13:16:05Z,,
Great meeting with the marketing team today. Productive discussions!,0,user_000408,2025-08-28T15:08:28Z,,https://youtube.com/article/7023
Weather update: It's snowy in New York today,0,user_000844,2025-12-20T16:55:16Z,,https://twitter.com/article/9777
Just finished reading an interesting article about space exploration. Thoughts?,0,user_000277,2026-01-22T23:24:03Z,,https://github.com/article/5957
Celebrating graduation with the family today! 🎉,0,user_000917,2026-01-12T21:53:22Z,,
Weekend plans include cooking. Should be fun!,0,user_000704,2026-01-15T22:46:49Z,,
RT @user_000123: Coffee break thoughts: innovation drives progress What do you think?,0,user_000101,2025-10-30T01:10:11Z,user_000123,
Celebrating promotion with the family today! 🎉,0,user_000444,2025-09-11T09:40:40Z,,
Beautiful sunset today in New York! 🌅 #photography,0,user_000508,2025-11-26T09:12:53Z,,https://cnn.com/article/2882
Final Notice: Apple account expires today. Renew now: https://tinyurl.com/secure906,1,user_000491,2026-01-02T14:11:48Z,,https://tinyurl.com/secure906
Reading about technology trends - fascinating developments in the field,0,user_000682,2025-11-09T03:03:37Z,,https://youtube.com/article/3104
Just finished reading an interesting article about climate change. Thoughts?,0,user_000066,2025-12-13T02:45:47Z,,
Just finished reading an interesting article about renewable energy. Thoughts?,0,user_000202,2026-01-01T08:54:22Z,,
Beautiful sunset today in Sydney! 🌅 #photography,0,user_000584,2025-11-18T18:12:57Z,,
Great meeting with the engineering team today. Productive discussions!,0,user_000030,2026-01-30T23:41:27Z,,https://news.bbc.co.uk/article/5813
Celebrating achievement with the family today! 🎉,0,user_000247,2026-01-08T09:13:04Z,,https://twitter.com/article/7287
Weather update: It's cloudy in Tokyo today,0,user_000272,2025-09-29T15:45:01Z,,
Weather update: It's windy in London today,0,user_000026,2026-02-11T11:17:51Z,,https://wikipedia.org/article/4412
RT @user_000066: Reminder: webinar is coming up next week. Looking forward to it!,0,user_000009,2025-10-27T02:05:55Z,user_000066,
Coffee break thoughts: collaboration is key What do you think?,0,user_000892,2025-10-13T01:42:02Z,,
Coffee break thoughts: innovation drives progress What do you think?,0,user_000646,2025-10-18T05:41:19Z,,https://linkedin.com/article/9656
RT @user_000357: Weekend plans include cooking. Should be fun!,0,user_000027,2025-11-15T05:11:10Z,user_000357,
Celebrating achievement with the family today! 🎉,0,user_000183,2026-02-14T04:02:32Z,,https://youtube.com/article/8440
Reminder: conference is coming up next week. Looking forward to it!,0,user_000122,2025-12-30T21:38:47Z,,
RT @user_000078: Celebrating promotion with the family today! 🎉,0,user_000052,2025-10-18T19:45:00Z,user_000078,
RT @user_000234: Coffee break thoughts: collaboration is key What do you think?,0,user_000492,2025-08-25T21:40:22Z,user_000234,
Working on a new machine learning project. Exciting times ahead!,0,user_000136,2025-11-30T09:03:13Z,,https://github.com/article/7189
Working on a new mobile app project. Exciting times ahead!,0,user_000514,2025-10-12T15:52:58Z,,https://wikipedia.org/article/7206
Great meeting with the product team today. Productive discussions!,0,user_000989,2025-10-09T14:46:58Z,,
Weather update: It's snowy in Tokyo today,0,user_000799,2025-11-18T06:46:24Z,,
Weather update: It's cloudy in London today,0,user_000182,2025-10-29T10:38:47Z,,
Celebrating achievement with the family today! 🎉,0,user_000399,2025-10-13T16:16:53Z,,
Weather update: It's snowy in Sydney today,0,user_000451,2025-10-13T21:22:22Z,,
Reading about renewable energy - fascinating developments in the field,0,user_000746,2025-10-10T08:38:08Z,,https://github.com/article/6550
Celebrating graduation with the family today! 🎉,0,user_000197,2025-12-11T06:16:40Z,,
RT @user_000093: RT @user_000626: Working on a new mobile app project. Exciting times ahead!,0,user_000575,2025-11-16T08:12:08Z,user_000093,
Working on a new website project. Exciting times ahead!,0,user_000367,2025-08-22T08:34:42Z,,https://news.bbc.co.uk/article/3720
Reminder: presentation is coming up next week. Looking forward to it!,0,user_000153,2025-12-21T09:34:41Z,,https://medium.com/article/3006
Working on a new data analysis project. Exciting times ahead!,0,user_000838,2026-01-10T21:44:31Z,,
RT @user_000202: Just finished reading an interesting article about climate change. Thoughts?,0,user_000614,2025-11-16T00:05:35Z,user_000202,
Your package could not be delivered. Reschedule: https://short.link/secure436,1,user_000917,2025-11-02T07:22:31Z,,https://short.link/secure436
Beautiful sunset today in Sydney! 🌅 #photography,0,user_000899,2025-10-02T15:00:57Z,,
RT @user_000642: Celebrating graduation with the family today! 🎉,0,user_000737,2025-10-09T03:58:07Z,user_000642,https://twitter.com/article/9739
RT @user_000138: Just finished reading an interesting article about renewable energy. Thoughts?,0,user_000119,2025-12-24T08:38:56Z,user_000138,https://news.bbc.co.uk/article/7491
Working on a new data analysis project. Exciting times ahead!,0,user_000013,2025-10-05T12:06:03Z,,https://twitter.com/article/7835
Great meeting with the engineering team today. Productive discussions!,0,user_000685,2025-09-02T03:38:17Z,,
Reading about renewable energy - fascinating developments in the field,0,user_000491,2025-09-27T02:54:56Z,,https://medium.com/article/9905
Just finished reading an interesting article about renewable energy. Thoughts?,0,user_000334,2025-09-13T09:09:31Z,,
Working on a new mobile app project. Exciting times ahead!,0,user_000035,2025-10-14T20:20:19Z,,
Beautiful sunset today in London! 🌅 #photography,0,user_000566,2025-10-06T02:20:30Z,,
Beautiful sunset today in London! 🌅 #photography,0,user_000066,2025-11-05T14:05:28Z,,https://linkedin.com/article/6497
Working on a new mobile app project. Exciting times ahead!,0,user_000049,2025-12-02T01:13:06Z,,
Weather update: It's sunny in Sydney today,0,user_000863,2025-12-11T09:07:03Z,,
Weather update: It's sunny in London today,0,user_000801,2025-11-05T03:18:48Z,,https://news.bbc.co.uk/article/6964
Great meeting with the design team today. Productive discussions!,0,user_000099,2026-01-24T13:38:46Z,,
Working on a new machine learning project. Exciting times ahead!,0,user_000691,2025-12-27T04:47:22Z,,https://youtube.com/article/9387
Working on a new research project. Exciting times ahead!,0,user_000343,2025-09-15T09:11:04Z,,
Just finished reading an interesting article about climate change. Thoughts?,0,user_000587,2025-08-18T21:34:37Z,,https://techcrunch.com/article/6353
Reading about AI - fascinating developments in the field,0,user_000792,2025-09-19T15:16:39Z,,https://medium.com/article/2667
Just finished reading an interesting article about renewable energy. Thoughts?,0,user_000543,2026-02-14T13:59:57Z,,https://news.bbc.co.uk/article/6888
"Tax refund of $1,200 pending. Claim here: https://click.me/update348",1,user_000073,2026-01-18T09:35:40Z,,https://click.me/update348
Reading about renewable energy - fascinating developments in the field,0,user_000484,2025-12-04T12:13:40Z,,
Weather update: It's snowy in New York today,0,user_000068,2025-09-30T17:47:11Z,,
Great meeting with the design team today. Productive discussions!,0,user_000787,2026-02-12T07:37:26Z,,
Just finished reading an interesting article about climate change. Thoughts?,0,user_000543,2025-10-15T12:31:31Z,,
Celebrating birthday with the family today! 🎉,0,user_000416,2025-10-29T17:44:34Z,,
Reading about renewable energy - fascinating developments in the field,0,user_000275,2025-09-30T08:37:17Z,,https://news.bbc.co.uk/article/4648
Celebrating birthday with the family today! 🎉,0,user_000884,2025-11-29T20:33:28Z,,
Final Notice: PayPal account expires today. Renew now: https://t.co/secure408,1,user_000788,2026-01-03T09:47:30Z,,https://t.co/secure408
Celebrating promotion with the family today! 🎉,0,user_000777,2025-12-05T23:48:18Z,,
RT @user_000049: Working on a new mobile app project. Exciting times ahead!,0,user_000550,2026-01-30T09:02:41Z,user_000049,
⚠️ Account Locked: Your PayPal needs immediate verification: https://short.link/verify386,1,user_000426,2025-09-23T08:14:19Z,,https://short.link/verify386
RT @user_000399: Celebrating achievement with the family today! 🎉,0,user_000595,2025-10-16T07:09:29Z,user_000399,
Beautiful sunset today in California! 🌅 #photography,0,user_000472,2025-09-30T14:51:38Z,,
RT @user_000035: Working on a new mobile app project. Exciting times ahead!,0,user_000842,2025-11-07T19:31:50Z,user_000035,
RT @user_000416: Celebrating birthday with the family today! 🎉,0,user_000356,2025-12-22T02:44:38Z,user_000416,
Celebrating graduation with the family today! 🎉,0,user_000639,2025-08-19T03:01:22Z,,https://github.com/article/6578
Working on a new mobile app project. Exciting times ahead!,0,user_000978,2025-10-12T23:07:56Z,,https://linkedin.com/article/6638
Reminder: workshop is coming up next week. Looking forward to it!,0,user_000262,2025-11-09T17:46:03Z,,https://cnn.com/article/2937
Working on a new mobile app project. Exciting times ahead!,0,user_000231,2025-12-22T11:29:01Z,,
Weekend plans include cooking. Should be fun!,0,user_000175,2026-01-26T00:34:12Z,,https://twitter.com/article/5028
Security Alert: Suspicious activity on your Google. Confirm identity: https://short.link/claim226,1,user_000682,2025-10-31T03:44:43Z,,https://short.link/claim226
Weather update: It's cloudy in New York today,0,user_000777,2025-08-24T06:20:18Z,,https://news.bbc.co.uk/article/9158
Reminder: workshop is coming up next week. Looking forward to it!,0,user_000285,2025-12-24T13:21:40Z,,
Reading about AI - fascinating developments in the field,0,user_000141,2026-02-05T23:46:52Z,,
Beautiful sunset today in Tokyo! 🌅 #photography,0,user_000413,2025-11-13T01:57:49Z,,
Security Alert: Suspicious activity on your Google. Confirm identity: https://urgent-action.com/secure386,1,user_000152,2026-01-27T16:15:45Z,,https://urgent-action.com/secure386
Weekend plans include reading. Should be fun!,0,user_000005,2025-10-11T18:19:24Z,,
Beautiful sunset today in London! 🌅 #photography,0,user_000922,2025-11-01T00:50:29Z,,
Just finished reading an interesting article about renewable energy. Thoughts?,0,user_000088,2025-11-12T06:04:44Z,,
Working on a new website project. Exciting times ahead!,0,user_000820,2025-11-16T06:10:21Z,,https://medium.com/article/2806
Reading about climate change - fascinating developments in the field,0,user_000922,2025-10-02T08:16:45Z,,
Coffee break thoughts: learning never stops What do you think?,0,user_000474,2026-02-13T18:52:02Z,,
Celebrating anniversary with the family today! 🎉,0,user_000870,2026-02-06T03:57:28Z,,
Just finished reading an interesting article about climate change. Thoughts?,0,user_000077,2025-12-27T20:32:17Z,,https://techcrunch.com/article/5397
Coffee break thoughts: collaboration is key What do you think?,0,user_000605,2026-02-04T21:19:35Z,,
Celebrating graduation with the family today! 🎉,0,user_000073,2025-09-29T10:14:15Z,,
Great meeting with the engineering team today. Productive discussions!,0,user_000253,2026-01-12T16:59:39Z,,https://news.bbc.co.uk/article/6652
Just finished reading an interesting article about AI. Thoughts?,0,user_000911,2025-09-24T17:22:45Z,,https://youtube.com/article/4964
Reading about space exploration - fascinating developments in the field,0,user_000861,2025-11-26T21:47:40Z,,
Reading about technology trends - fascinating developments in the field,0,user_000893,2025-12-05T03:33:20Z,,https://techcrunch.com/article/2494
Beautiful sunset today in Tokyo! 🌅 #photography,0,user_000341,2026-01-26T03:48:50Z,,
Coffee break thoughts: learning never stops What do you think?,0,user_000085,2025-09-27T22:01:43Z,,
Weekend plans include reading. Should be fun!,0,user_000085,2025-12-24T01:22:30Z,,
Celebrating graduation with the family today! 🎉,0,user_000550,2025-12-03T01:40:58Z,,https://github.com/article/8896
Reminder: webinar is coming up next week. Looking forward to it!,0,user_000019,2025-12-05T10:10:42Z,,https://twitter.com/article/9444
Weather update: It's rainy in London today,0,user_000819,2026-01-24T12:35:12Z,,https://twitter.com/article/3060
Reading about AI - fascinating developments in the field,0,user_000442,2026-02-13T06:24:01Z,,
RT @user_000026: Weather update: It's windy in London today,0,user_000390,2026-02-10T20:21:41Z,user_000026,https://wikipedia.org/article/4412
Great meeting with the sales team today. Productive discussions!,0,user_000969,2026-01-27T15:18:41Z,,https://github.com/article/5755
Weekend plans include coding. Should be fun!,0,user_000320,2025-12-14T13:35:14Z,,https://cnn.com/article/6976
Great meeting with the sales team today. Productive discussions!,0,user_000423,2025-09-26T12:59:36Z,,https://youtube.com/article/7007
Beautiful sunset today in New York! 🌅 #photography,0,user_000434,2025-10-22T14:48:10Z,,https://youtube.com/article/1217
Weather update: It's windy in New York today,0,user_000533,2025-08-24T23:56:54Z,,
Great meeting with the engineering team today. Productive discussions!,0,user_000483,2026-01-04T05:47:37Z,,
Beautiful sunset today in Sydney! 🌅 #photography,0,user_000273,2025-11-01T20:41:58Z,,
Your Netflix payment failed. Update info to avoid suspension: https://tinyurl.com/claim809,1,user_000941,2026-01-16T20:29:00Z,,https://tinyurl.com/claim809
Weekend plans include hiking. Should be fun!,0,user_000164,2025-11-02T14:20:09Z,,
Just finished reading an interesting article about technology trends. Thoughts?,0,user_000989,2025-09-27T01:14:17Z,,https://wikipedia.org/article/1394
Reminder: workshop is coming up next week. Looking forward to it!,0,user_000635,2025-08-25T23:20:28Z,,
Beautiful sunset today in New York! 🌅 #photography,0,user_000959,2026-01-01T09:14:29Z,,
Weekend plans include cooking. Should be fun!,0,user_000043,2025-09-04T20:06:21Z,,
Just finished reading an interesting article about AI. Thoughts?,0,user_000165,2026-01-17T01:44:52Z,,
Weather update: It's sunny in London today,0,user_000874,2025-09-27T00:42:04Z,,https://linkedin.com/article/2446
Beautiful sunset today in London! 🌅 #photography,0,user_000386,2026-02-02T07:50:21Z,,
Reading about AI - fascinating developments in the field,0,user_000852,2025-11-06T02:25:38Z,,
Weather update: It's rainy in Tokyo today,0,user_000453,2025-11-11T02:43:50Z,,https://twitter.com/article/7496
Reminder: workshop is coming up next week. Looking forward to it!,0,user_000037,2025-08-18T18:43:12Z,,
Weekend plans include coding. Should be fun!,0,user_000528,2026-01-27T23:21:39Z,,https://techcrunch.com/article/6299
Coffee break thoughts: innovation drives progress What do you think?,0,user_000073,2026-02-07T20:19:12Z,,
Reminder: webinar is coming up next week. Looking forward to it!,0,user_000033,2025-09-03T05:41:49Z,,
BREAKING: Microsoft is giving away vacation package! Get yours: https://bit.ly/verify835,1,user_000425,2025-11-28T04:14:32Z,,https://bit.ly/verify835
RT @user_000483: Great meeting with the engineering team today. Productive discussions!,0,user_000982,2025-12-19T16:27:16Z,user_000483,
Reading about renewable energy - fascinating developments in the field,0,user_000162,2025-12-14T01:48:29Z,,https://youtube.com/article/1376
Security Alert: Suspicious activity on your Facebook. Confirm identity: https://bit.ly/verify901,1,user_000619,2026-01-18T04:14:57Z,,https://bit.ly/verify901
Great meeting with the sales team today. Productive discussions!,0,user_000646,2025-12-25T10:59:02Z,,
Reading about technology trends - fascinating developments in the field,0,user_000312,2025-10-21T18:54:36Z,,https://youtube.com/article/7232
Coffee break thoughts: learning never stops What do you think?,0,user_000141,2026-01-09T14:47:19Z,,
RT @user_000165: Just finished reading an interesting article about AI. Thoughts?,0,user_000560,2025-09-17T14:27:45Z,user_000165,
Reading about technology trends - fascinating developments in the field,0,user_000302,2026-01-26T15:33:12Z,,
Celebrating graduation with the family today! 🎉,0,user_000791,2025-09-21T14:31:00Z,,
Just finished reading an interesting article about space exploration. Thoughts?,0,user_000305,2026-02-12T06:16:50Z,,
Great meeting with the marketing team today. Productive discussions!,0,user_000993,2025-10-25T20:06:51Z,,
Just finished reading an interesting article about AI. Thoughts?,0,user_000683,2025-09-14T16:36:43Z,,
Reminder: conference is coming up next week. Looking forward to it!,0,user_000847,2025-10-26T02:46:21Z,,
Weather update: It's rainy in California today,0,user_000944,2025-08-28T13:46:21Z,,
BREAKING: Apple is giving away laptop! Get yours: https://secure-verify.net/update450,1,user_000753,2026-01-25T14:44:37Z,,https://secure-verify.net/update450
Beautiful sunset today in London! 🌅 #photography,0,user_000529,2025-11-18T16:08:03Z,,
Reminder: webinar is coming up next week. Looking forward to it!,0,user_000362,2026-02-06T02:30:36Z,,https://cnn.com/article/2564
RT @user_000550: Celebrating graduation with the family today! 🎉,0,user_000224,2025-10-03T02:16:57Z,user_000550,https://github.com/article/8896
Weekend plans include traveling. Should be fun!,0,user_000056,2025-12-01T11:28:03Z,,
Celebrating achievement with the family today! 🎉,0,user_000384,2025-11-24T03:26:30Z,,https://cnn.com/article/2637
Just finished reading an interesting article about climate change. Thoughts?,0,user_000655,2025-10-03T18:37:02Z,,
Weather update: It's cloudy in Sydney today,0,user_000473,2026-01-10T23:46:22Z,,
Reminder: workshop is coming up next week. Looking forward to it!,0,user_000653,2025-12-21T09:54:58Z,,https://youtube.com/article/7103
Beautiful sunset today in London! 🌅 #photography,0,user_000187,2025-09-15T01:51:53Z,,
Reading about climate change - fascinating developments in the field,0,user_000826,2026-01-18T10:32:24Z,,
Reading about space exploration - fascinating developments in the field,0,user_000688,2025-10-14T08:28:15Z,,
Great meeting with the sales team today. Productive discussions!,0,user_000125,2025-12-04T09:49:57Z,,
Weather update: It's rainy in Tokyo today,0,user_000828,2025-12-14T01:09:01Z,,https://twitter.com/article/6180
Reading about technology trends - fascinating developments in the field,0,user_000860,2026-02-07T05:03:13Z,,https://wikipedia.org/article/2127
Beautiful sunset today in New York! 🌅 #photography,0,user_000664,2025-10-17T22:37:34Z,,
Coffee break thoughts: innovation drives progress What do you think?,0,user_000334,2026-01-06T04:05:36Z,,
Reminder: webinar is coming up next week. Looking forward to it!,0,user_000753,2026-01-02T19:46:37Z,,
RT @user_000262: Reminder: workshop is coming up next week. Looking forward to it!,0,user_000235,2026-02-11T23:58:21Z,user_000262,https://cnn.com/article/2937
Just finished reading an interesting article about space exploration. Thoughts?,0,user_000790,2026-01-14T03:33:14Z,,
Great meeting with the product team today. Productive discussions!,0,user_000846,2026-01-25T09:38:34Z,,https://wikipedia.org/article/6953
Reminder: webinar is coming up next week. Looking forward to it!,0,user_000285,2025-11-04T11:23:49Z,,
Reading about space exploration - fascinating developments in the field,0,user_000174,2025-11-19T10:24:27Z,,https://techcrunch.com/article/1413
Working on a new machine learning project. Exciting times ahead!,0,user_000933,2025-11-09T00:46:45Z,,
Beautiful sunset today in New York! 🌅 #photography,0,user_000009,2025-10-01T16:22:07Z,,
Reminder: webinar is coming up next week. Looking forward to it!,0,user_000918,2026-02-09T21:01:55Z,,https://news.bbc.co.uk/article/1445
Reminder: workshop is coming up next week. Looking forward to it!,0,user_000740,2025-09-22T19:40:27Z,,https://twitter.com/article/9868
Weekend plans include coding. Should be fun!,0,user_000887,2025-08-27T03:08:20Z,,
RT @user_000922: Beautiful sunset today in London! 🌅 #photography,0,user_000135,2025-08-22T14:44:43Z,user_000922,
Celebrating graduation with the family today! 🎉,0,user_000715,2026-02-08T07:43:49Z,,
Weather update: It's cloudy in New York today,0,user_000274,2025-11-07T17:18:12Z,,
Beautiful sunset today in California! 🌅 #photography,0,user_000307,2025-09-20T07:16:01Z,,
Working on a new mobile app project. Exciting times ahead!,0,user_000975,2026-01-28T14:26:02Z,,https://news.bbc.co.uk/article/5998
Working on a new machine learning project. Exciting times ahead!,0,user_000162,2025-11-02T04:31:25Z,,https://twitter.com/article/4394
Reminder: presentation is coming up next week. Looking forward to it!,0,user_000653,2025-10-04T18:30:25Z,,
Weather update: It's snowy in California today,0,user_000559,2025-09-17T09:17:42Z,,
Working on a new data analysis project. Exciting times ahead!,0,user_000987,2026-02-05T15:23:33Z,,
Great meeting with the sales team today. Productive discussions!,0,user_000816,2025-10-02T22:41:32Z,,
Reminder: workshop is coming up next week. Looking forward to it!,0,user_000090,2025-12-12T17:35:39Z,,https://techcrunch.com/article/4829
Weekend plans include hiking. Should be fun!,0,user_000882,2026-01-11T03:22:03Z,,
Reminder: presentation is coming up next week. Looking forward to it!,0,user_000735,2025-11-18T00:06:47Z,,
Working on a new machine learning project. Exciting times ahead!,0,user_000283,2026-01-30T21:26:36Z,,
Reminder: webinar is coming up next week. Looking forward to it!,0,user_000703,2025-09-07T01:02:10Z,,
Coffee break thoughts: collaboration is key What do you think?,0,user_000942,2025-10-25T19:31:23Z,,https://youtube.com/article/1504
Celebrating anniversary with the family today! 🎉,0,user_000395,2025-10-25T21:55:35Z,,
RT @user_000395: Celebrating anniversary with the family today! 🎉,0,user_000597,2026-02-01T15:49:27Z,user_000395,
Celebrating birthday with the family today! 🎉,0,user_000077,2026-01-03T17:39:12Z,,
Weekend plans include traveling. Should be fun!,0,user_000663,2025-09-05T16:21:13Z,,
Reminder: meetup is coming up next week. Looking forward to it!,0,user_000962,2025-12-27T09:35:52Z,,
Great meeting with the sales team today. Productive discussions!,0,user_000856,2025-11-11T08:19:00Z,,
Weather update: It's snowy in California today,0,user_000802,2025-11-13T23:38:09Z,,https://youtube.com/article/5081
BREAKING: Tesla is giving away vacation package! Get yours: https://t.co/confirm748,1,user_000959,2025-10-05T22:46:37Z,,https://t.co/confirm748
Weather update: It's cloudy in Tokyo today,0,user_000163,2025-11-28T05:05:04Z,,
Weather update: It's windy in California today,0,user_000865,2025-11-10T02:06:56Z,,https://youtube.com/article/9333
RT @user_000085: Weekend plans include reading. Should be fun!,0,user_000580,2026-02-11T00:01:11Z,user_000085,
Reading about renewable energy - fascinating developments in the field,0,user_000921,2026-01-07T00:09:47Z,,
RT @user_000141: Coffee break thoughts: learning never stops What do you think?,0,user_000699,2025-10-21T06:36:21Z,user_000141,
BREAKING: Amazon is giving away vacation package! Get yours: https://account-update.org/claim977,1,user_000855,2025-09-14T00:02:45Z,,https://account-update.org/claim977
Coffee break thoughts: collaboration is key What do you think?,0,user_000312,2025-08-29T11:08:16Z,,https://news.bbc.co.uk/article/9799
Reading about renewable energy - fascinating developments in the field,0,user_000446,2025-10-05T02:59:40Z,,
Celebrating birthday with the family today! 🎉,0,user_000091,2025-12-08T21:44:17Z,,
Reminder: webinar is coming up next week. Looking forward to it!,0,user_000278,2025-08-28T02:52:04Z,,
Reminder: meetup is coming up next week. Looking forward to it!,0,user_000030,2026-01-09T02:23:35Z,,https://news.bbc.co.uk/article/5981
Working on a new data analysis project. Exciting times ahead!,0,user_000353,2025-10-12T00:11:16Z,,https://linkedin.com/article/8204
Celebrating achievement with the family today! 🎉,0,user_000302,2025-11-21T11:36:34Z,,
Weather update: It's snowy in London today,0,user_000895,2026-01-11T06:22:46Z,,
Reminder: meetup is coming up next week. Looking forward to it!,0,user_000188,2025-11-08T10:44:24Z,,
RT @user_000362: Reminder: webinar is coming up next week. Looking forward to it!,0,user_000996,2026-01-04T23:57:21Z,user_000362,https://cnn.com/article/2564
Celebrating achievement with the family today! 🎉,0,user_000093,2025-12-24T06:27:42Z,,
RT @user_000353: Working on a new data analysis project. Exciting times ahead!,0,user_000054,2025-09-02T22:15:09Z,user_000353,https://linkedin.com/article/8204
Weather update: It's sunny in Sydney today,0,user_000947,2026-02-06T20:02:20Z,,https://news.bbc.co.uk/article/9222
Great meeting with the sales team today. Productive discussions!,0,user_000838,2025-11-21T04:30:23Z,,
Celebrating birthday with the family today! 🎉,0,user_000777,2025-10-24T06:30:07Z,,
RT @user_000653: Reminder: workshop is coming up next week. Looking forward to it!,0,user_000041,2026-01-31T17:51:45Z,user_000653,https://youtube.com/article/7103
RT @user_000987: Working on a new data analysis project. Exciting times ahead!,0,user_000689,2025-10-30T16:18:26Z,user_000987,
Coffee break thoughts: innovation drives progress What do you think?,0,user_000277,2025-10-21T04:57:58Z,,https://medium.com/article/9197
Working on a new website project. Exciting times ahead!,0,user_000347,2025-11-19T16:10:48Z,,
Weather update: It's cloudy in New York today,0,user_000290,2026-01-15T15:25:48Z,,
Weekend plans include coding. Should be fun!,0,user_000253,2026-01-22T07:12:37Z,,
Beautiful sunset today in Tokyo! 🌅 #photography,0,user_000745,2026-01-12T19:38:00Z,,
Beautiful sunset today in New York! 🌅 #photography,0,user_000444,2026-02-02T20:06:57Z,,
Working on a new website project. Exciting times ahead!,0,user_000434,2026-02-14T00:30:56Z,,
Reminder: workshop is coming up next week. Looking forward to it!,0,user_000404,2025-09-25T15:57:31Z,,https://youtube.com/article/2427
RT @user_000290: Weather update: It's cloudy in New York today,0,user_000015,2026-02-08T04:31:48Z,user_000290,
RT @user_000987: Working on a new data analysis project. Exciting times ahead!,0,user_000096,2025-12-11T09:53:14Z,user_000987,
RT @user_000560: RT @user_000165: Just finished reading an interesting article about AI. Thoughts?,0,user_000084,2025-12-16T05:41:02Z,user_000560,
RT @user_000856: Great meeting with the sales team today. Productive discussions!,0,user_000241,2025-12-30T01:17:18Z,user_000856,
Celebrating anniversary with the family today! 🎉,0,user_000472,2025-10-24T16:36:41Z,,
Weather update: It's rainy in Tokyo today,0,user_000661,2025-12-25T00:05:31Z,,https://cnn.com/article/3173
Reading about technology trends - fascinating developments in the field,0,user_000851,2025-09-23T19:38:05Z,,https://github.com/article/4135
Coffee break thoughts: innovation drives progress What do you think?,0,user_000124,2025-09-21T08:09:04Z,,
RT @user_000921: Reading about renewable energy - fascinating developments in the field,0,user_000841,2026-02-03T16:58:33Z,user_000921,
Celebrating achievement with the family today! 🎉,0,user_000528,2025-11-29T17:28:44Z,,https://youtube.com/article/2536
Weather update: It's windy in Sydney today,0,user_000263,2025-09-12T11:59:11Z,,
Congratulations! You've won a vacation package! Claim now: https://tinyurl.com/secure669 Limited time offer!,1,user_000992,2025-10-11T10:55:24Z,,https://tinyurl.com/secure669
Weekend plans include reading. Should be fun!,0,user_000318,2025-09-20T08:47:01Z,,https://twitter.com/article/1273
Congratulations! You've won a $1000 gift card! Claim now: https://click.me/claim928 Limited time offer!,1,user_000942,2025-09-12T12:46:24Z,,https://click.me/claim928
Celebrating anniversary with the family today! 🎉,0,user_000090,2026-02-02T12:34:46Z,,https://cnn.com/article/1922
Celebrating birthday with the family today! 🎉,0,user_000182,2026-01-04T20:35:10Z,,
Reminder: presentation is coming up next week. Looking forward to it!,0,user_000857,2026-01-27T04:03:15Z,,https://github.com/article/4435
Weekend plans include coding. Should be fun!,0,user_000626,2025-09-03T01:21:57Z,,https://news.bbc.co.uk/article/4584
Weather update: It's windy in Sydney today,0,user_000679,2025-11-15T10:59:41Z,,
Great meeting with the marketing team today. Productive discussions!,0,user_000743,2025-11-09T01:25:18Z,,
Weather update: It's windy in London today,0,user_000854,2025-10-03T18:47:13Z,,
RT @user_000679: Weather update: It's windy in Sydney today,0,user_000382,2026-01-28T04:50:58Z,user_000679,
Working on a new research project. Exciting times ahead!,0,user_000029,2025-11-19T18:39:23Z,,
RT @user_000962: Reminder: meetup is coming up next week. Looking forward to it!,0,user_000143,2025-12-04T03:17:42Z,user_000962,
Coffee break thoughts: collaboration is key What do you think?,0,user_000259,2025-10-05T05:34:44Z,,
Celebrating birthday with the family today! 🎉,0,user_000164,2026-01-31T04:48:59Z,,
Security Alert: Suspicious activity on your Facebook. Confirm identity: https://verify-now.net/update518,1,user_000509,2025-09-20T19:08:55Z,,https://verify-now.net/update518
Weather update: It's snowy in Tokyo today,0,user_000200,2025-11-01T15:45:13Z,,
Celebrating achievement with the family today! 🎉,0,user_000744,2026-01-26T20:17:06Z,,
Weekend plans include traveling. Should be fun!,0,user_000892,2025-12-30T05:50:51Z,,
Working on a new research project. Exciting times ahead!,0,user_000913,2025-10-22T23:02:52Z,,https://wikipedia.org/article/2643
Weather update: It's cloudy in New York today,0,user_000858,2025-12-22T14:27:44Z,,
Celebrating birthday with the family today! 🎉,0,user_000625,2025-10-09T05:30:11Z,,
Reminder: presentation is coming up next week. Looking forward to it!,0,user_000295,2025-08-27T22:02:57Z,,
Reminder: meetup is coming up next week. Looking forward to it!,0,user_000631,2025-10-28T13:54:36Z,,
Reminder: presentation is coming up next week. Looking forward to it!,0,user_000044,2025-12-25T19:35:13Z,,https://wikipedia.org/article/8992
Weather update: It's windy in London today,0,user_000095,2025-12-23T13:39:57Z,,
RT @user_000162: Working on a new machine learning project. Exciting times ahead!,0,user_000530,2025-10-16T00:23:21Z,user_000162,https://twitter.com/article/4394
Reading about technology trends - fascinating developments in the field,0,user_000173,2025-10-23T16:17:54Z,,https://medium.com/article/9072
RT @user_000188: Reminder: meetup is coming up next week. Looking forward to it!,0,user_000761,2025-08-22T09:29:31Z,user_000188,
Congratulations! You've won a vacation package! Claim now: https://urgent-action.com/verify492 Limited time offer!,1,user_000657,2025-11-21T13:55:20Z,,https://urgent-action.com/verify492
Weather update: It's rainy in California today,0,user_000554,2025-11-13T02:12:41Z,,
Celebrating promotion with the family today! 🎉,0,user_000072,2025-09-12T12:30:00Z,,
Reminder: conference is coming up next week. Looking forward to it!,0,user_000737,2025-11-17T13:03:14Z,,
Weekend plans include coding. Should be fun!,0,user_000551,2025-08-22T23:42:50Z,,
Reminder: workshop is coming up next week. Looking forward to it!,0,user_000663,2025-09-22T21:18:15Z,,
Reading about AI - fascinating developments in the field,0,user_000205,2026-01-22T23:35:58Z,,
Working on a new data analysis project. Exciting times ahead!,0,user_000697,2026-01-22T03:56:13Z,,https://medium.com/article/3726
Celebrating graduation with the family today! 🎉,0,user_000938,2025-10-13T06:20:20Z,,
Coffee break thoughts: learning never stops What do you think?,0,user_000417,2026-01-25T22:49:01Z,,https://wikipedia.org/article/7259
Reading about AI - fascinating developments in the field,0,user_000343,2025-08-24T01:36:00Z,,
RT @user_000318: Weekend plans include reading. Should be fun!,0,user_000661,2025-09-25T15:06:35Z,user_000318,https://twitter.com/article/1273
Reading about AI - fascinating developments in the field,0,user_000166,2025-09-15T16:26:09Z,,
Reading about climate change - fascinating developments in the field,0,user_000014,2025-11-03T07:14:52Z,,
Weekend plans include cooking. Should be fun!,0,user_000347,2025-09-08T20:25:29Z,,https://linkedin.com/article/3651
Reminder: presentation is coming up next week. Looking forward to it!,0,user_000174,2025-10-22T22:48:36Z,,
Just finished reading an interesting article about space exploration. Thoughts?,0,user_000745,2025-11-02T14:58:25Z,,
BREAKING: Amazon is giving away $1000 gift card! Get yours: https://short.link/verify712,1,user_000303,2025-11-04T14:49:55Z,,https://short.link/verify712
Just finished reading an interesting article about renewable energy. Thoughts?,0,user_000586,2026-01-15T16:37:33Z,,
Great meeting with the design team today. Productive discussions!,0,user_000768,2025-11-19T20:37:00Z,,
Weather update: It's snowy in London today,0,user_000135,2025-12-07T14:17:11Z,,https://medium.com/article/3669
Reading about space exploration - fascinating developments in the field,0,user_000645,2025-08-23T20:35:15Z,,
Just finished reading an interesting article about renewable energy. Thoughts?,0,user_000197,2025-12-19T05:09:39Z,,https://youtube.com/article/5155
Coffee break thoughts: innovation drives progress What do you think?,0,user_000704,2025-10-17T21:02:23Z,,https://youtube.com/article/8430
Reading about renewable energy - fascinating developments in the field,0,user_000992,2026-01-10T23:26:46Z,,
Reading about space exploration - fascinating developments in the field,0,user_000040,2025-10-16T13:50:46Z,,
Beautiful sunset today in New York! 🌅 #photography,0,user_000787,2026-01-17T00:04:24Z,,https://techcrunch.com/article/6643
Great meeting with the sales team today. Productive discussions!,0,user_000955,2026-02-05T17:51:15Z,,
RT @user_000290: Weather update: It's cloudy in New York today,0,user_000677,2025-12-28T17:59:59Z,user_000290,
Celebrating birthday with the family today! 🎉,0,user_000032,2025-09-30T01:46:46Z,,
Weekend plans include traveling. Should be fun!,0,user_000894,2026-02-08T01:37:32Z,,
Weekend plans include hiking. Should be fun!,0,user_000132,2025-12-04T04:55:32Z,,
Celebrating birthday with the family today! 🎉,0,user_000633,2025-09-29T12:41:23Z,,
⚠️ Account Locked: Your Apple needs immediate verification: https://bit.ly/claim679,1,user_000807,2025-10-24T09:44:51Z,,https://bit.ly/claim679
RT @user_000029: Working on a new research project. Exciting times ahead!,0,user_000053,2026-01-27T17:17:42Z,user_000029,
Coffee break thoughts: innovation drives progress What do you think?,0,user_000810,2025-10-27T23:07:32Z,,https://wikipedia.org/article/8845
Just finished reading an interesting article about renewable energy. Thoughts?,0,user_000328,2025-12-03T13:46:44Z,,https://wikipedia.org/article/8275
Security Alert: Suspicious activity on your Netflix. Confirm identity: https://bit.ly/secure839,1,user_000452,2026-02-12T17:20:54Z,,https://bit.ly/secure839
Weather update: It's snowy in California today,0,user_000599,2026-01-16T11:25:26Z,,
Beautiful sunset today in Sydney! 🌅 #photography,0,user_000367,2025-12-08T18:37:27Z,,
Your PayPal payment failed. Update info to avoid suspension: https://t.co/confirm670,1,user_000385,2025-09-02T21:47:03Z,,https://t.co/confirm670
Beautiful sunset today in California! 🌅 #photography,0,user_000429,2025-08-31T14:59:22Z,,
RT @user_000241: RT @user_000856: Great meeting with the sales team today. Productive discussions!,0,user_000369,2026-01-17T02:15:23Z,user_000241,
RT @user_000913: Working on a new research project. Exciting times ahead!,0,user_000689,2025-09-26T19:23:21Z,user_000913,https://wikipedia.org/article/2643
Reminder: conference is coming up next week. Looking forward to it!,0,user_000658,2025-10-02T03:20:50Z,,https://techcrunch.com/article/9763
Coffee break thoughts: learning never stops What do you think?,0,user_000234,2025-11-10T14:10:01Z,,
Just finished reading an interesting article about technology trends. Thoughts?,0,user_000813,2025-10-03T22:00:45Z,,
Just finished reading an interesting article about climate change. Thoughts?,0,user_000759,2025-11-30T15:18:14Z,,
Beautiful sunset today in Sydney! 🌅 #photography,0,user_000351,2025-10-22T13:16:26Z,,
Great meeting with the sales team today. Productive discussions!,0,user_000984,2025-11-27T01:34:41Z,,https://github.com/article/8663
Weekend plans include reading. Should be fun!,0,user_000712,2025-10-17T00:18:48Z,,
Reading about technology trends - fascinating developments in the field,0,user_000055,2026-02-08T07:26:14Z,,
Weekend plans include cooking. Should be fun!,0,user_000639,2026-02-02T10:46:25Z,,
Weekend plans include coding. Should be fun!,0,user_000609,2025-11-05T09:25:10Z,,https://youtube.com/article/2078
Working on a new data analysis project. Exciting times ahead!,0,user_000757,2025-10-09T18:32:44Z,,https://wikipedia.org/article/3519
Weather update: It's windy in New York today,0,user_000806,2025-11-22T01:23:30Z,,
Just finished reading an interesting article about technology trends. Thoughts?,0,user_000216,2026-01-08T18:03:41Z,,
Coffee break thoughts: innovation drives progress What do you think?,0,user_000994,2026-02-02T05:39:00Z,,
Working on a new website project. Exciting times ahead!,0,user_000567,2025-08-21T17:39:59Z,,
Final Notice: Apple account expires today. Renew now: https://urgent-action.com/claim169,1,user_000778,2025-11-21T13:57:56Z,,https://urgent-action.com/claim169
Just finished reading an interesting article about AI. Thoughts?,0,user_000027,2025-10-28T06:27:52Z,,https://youtube.com/article/5072
Reminder: conference is coming up next week. Looking forward to it!,0,user_000604,2026-01-19T06:45:28Z,,
Reminder: workshop is coming up next week. Looking forward to it!,0,user_000586,2025-10-23T17:53:19Z,,
Reminder: webinar is coming up next week. Looking forward to it!,0,user_000704,2025-09-24T17:07:26Z,,
RT @user_000124: Coffee break thoughts: innovation drives progress What do you think?,0,user_000532,2025-10-21T01:53:12Z,user_000124,
Weather update: It's cloudy in New York today,0,user_000750,2026-01-24T10:53:12Z,,
Beautiful sunset today in London! 🌅 #photography,0,user_000604,2025-11-21T01:57:31Z,,
Weather update: It's snowy in London today,0,user_000531,2025-12-31T00:33:17Z,,
Beautiful sunset today in California! 🌅 #photography,0,user_000005,2025-09-11T00:19:26Z,,
RT @user_000744: Celebrating achievement with the family today! 🎉,0,user_000995,2025-10-18T08:40:33Z,user_000744,
RT @user_000053: RT @user_000029: Working on a new research project. Exciting times ahead!,0,user_000005,2025-11-08T16:22:07Z,user_000053,
Beautiful sunset today in New York! 🌅 #photography,0,user_000831,2025-11-23T21:38:18Z,,https://twitter.com/article/5661
⚠️ Account Locked: Your Amazon needs immediate verification: https://tinyurl.com/claim348,1,user_000544,2026-01-08T03:36:07Z,,https://tinyurl.com/claim348
Celebrating achievement with the family today! 🎉,0,user_000954,2025-11-19T14:09:43Z,,
Reading about technology trends - fascinating developments in the field,0,user_000037,2025-11-08T04:47:45Z,,
Just finished reading an interesting article about technology trends. Thoughts?,0,user_000405,2025-10-07T05:22:12Z,,https://techcrunch.com/article/7559
RT @user_000759: Just finished reading an interesting article about climate change. Thoughts?,0,user_000575,2025-10-29T23:53:33Z,user_000759,
Beautiful sunset today in New York! 🌅 #photography,0,user_000868,2026-02-14T11:38:29Z,,
Reading about climate change - fascinating developments in the field,0,user_000143,2026-01-12T22:04:20Z,,
Reading about AI - fascinating developments in the field,0,user_000876,2025-09-08T13:38:04Z,,https://linkedin.com/article/4277
Beautiful sunset today in London! 🌅 #photography,0,user_000338,2025-12-11T04:29:22Z,,https://github.com/article/1943
Weekend plans include cooking. Should be fun!,0,user_000943,2025-10-17T19:36:22Z,,
Great meeting with the marketing team today. Productive discussions!,0,user_000737,2025-12-16T02:05:19Z,,
Great meeting with the design team today. Productive discussions!,0,user_000896,2025-12-16T21:14:20Z,,
Celebrating birthday with the family today! 🎉,0,user_000094,2025-09-12T19:44:01Z,,https://github.com/article/3542
Reading about AI - fascinating developments in the field,0,user_000105,2025-09-07T12:16:19Z,,
Just finished reading an interesting article about renewable energy. Thoughts?,0,user_000567,2025-11-29T00:31:17Z,,https://wikipedia.org/article/7595
Weekend plans include traveling. Should be fun!,0,user_000349,2026-01-26T15:35:10Z,,
Working on a new mobile app project. Exciting times ahead!,0,user_000984,2025-09-01T08:06:31Z,,
Weather update: It's windy in Sydney today,0,user_000774,2026-01-18T15:51:10Z,,https://twitter.com/article/2207
Celebrating achievement with the family today! 🎉,0,user_000670,2025-10-18T21:06:27Z,,https://medium.com/article/8441
Working on a new research project. Exciting times ahead!,0,user_000694,2025-09-02T21:22:11Z,,
Beautiful sunset today in New York! 🌅 #photography,0,user_000849,2026-02-04T08:07:12Z,,
Coffee break thoughts: collaboration is key What do you think?,0,user_000999,2025-11-28T21:33:04Z,,
Weather update: It's snowy in California today,0,user_000673,2026-01-06T13:18:59Z,,https://news.bbc.co.uk/article/8762
Reading about renewable energy - fascinating developments in the field,0,user_000737,2026-01-10T20:32:35Z,,https://youtube.com/article/9605
Celebrating birthday with the family today! 🎉,0,user_000926,2025-12-22T01:42:02Z,,https://youtube.com/article/7312
RT @user_000599: Weather update: It's snowy in California today,0,user_000354,2026-01-18T10:20:59Z,user_000599,
Great meeting with the product team today. Productive discussions!,0,user_000167,2025-12-20T04:14:35Z,,https://twitter.com/article/8222
Coffee break thoughts: innovation drives progress What do you think?,0,user_000541,2025-11-12T23:09:52Z,,
Weather update: It's sunny in New York today,0,user_000100,2025-12-08T01:22:01Z,,
Great meeting with the design team today. Productive discussions!,0,user_000975,2025-10-11T21:16:40Z,,https://twitter.com/article/2520
Weekend plans include hiking. Should be fun!,0,user_000665,2026-01-06T19:08:11Z,,
Just finished reading an interesting article about technology trends. Thoughts?,0,user_000342,2025-09-09T07:58:55Z,,
Beautiful sunset today in California! 🌅 #photography,0,user_000639,2026-01-29T21:16:22Z,,https://cnn.com/article/5971
Weekend plans include coding. Should be fun!,0,user_000033,2025-09-26T15:10:18Z,,
Just finished reading an interesting article about technology trends. Thoughts?,0,user_000400,2026-02-05T16:33:56Z,,https://news.bbc.co.uk/article/6961
Tax refund of $750 pending. Claim here: https://verify-now.net/confirm292,1,user_000482,2025-09-28T03:50:17Z,,https://verify-now.net/confirm292
Beautiful sunset today in London! 🌅 #photography,0,user_000713,2025-09-13T08:13:40Z,,
Celebrating anniversary with the family today! 🎉,0,user_000867,2025-12-17T06:17:00Z,,
Congratulations! You've won a iPhone 15! Claim now: https://tinyurl.com/verify185 Limited time offer!,1,user_000890,2026-01-29T22:37:35Z,,https://tinyurl.com/verify185
Weekend plans include traveling. Should be fun!,0,user_000486,2025-12-25T23:23:58Z,,https://techcrunch.com/article/2437
Coffee break thoughts: collaboration is key What do you think?,0,user_000603,2025-12-27T23:12:46Z,,
Celebrating achievement with the family today! 🎉,0,user_000624,2026-02-05T07:00:45Z,,
Celebrating graduation with the family today! 🎉,0,user_000728,2025-12-18T13:17:26Z,,https://youtube.com/article/7298
Weekend plans include traveling. Should be fun!,0,user_000223,2025-08-31T19:10:04Z,,
Weather update: It's rainy in California today,0,user_000765,2025-11-16T04:25:51Z,,
Working on a new website project. Exciting times ahead!,0,user_000995,2025-12-18T22:37:21Z,,
Beautiful sunset today in California! 🌅 #photography,0,user_000248,2025-10-19T21:05:26Z,,
RT @user_000599: Weather update: It's snowy in California today,0,user_000279,2025-12-08T17:10:44Z,user_000599,
Celebrating birthday with the family today! 🎉,0,user_000761,2025-10-20T13:31:27Z,,
"Tax refund of $2,100 pending. Claim here: https://secure-verify.net/update773",1,user_000442,2025-09-25T14:58:17Z,,https://secure-verify.net/update773
Weather update: It's sunny in Tokyo today,0,user_000818,2026-02-13T18:20:51Z,,https://wikipedia.org/article/3392
Weather update: It's cloudy in Tokyo today,0,user_000755,2026-01-30T17:36:51Z,,
🚨 URGENT: Your PayPal account has been restricted! Verify immediately: https://secure-verify.net/claim355,1,user_000082,2025-12-18T15:33:41Z,,https://secure-verify.net/claim355
Reminder: presentation is coming up next week. Looking forward to it!,0,user_000480,2026-01-04T17:37:36Z,,
Weather update: It's sunny in New York today,0,user_000865,2025-12-02T10:22:58Z,,https://github.com/article/8732
Reading about climate change - fascinating developments in the field,0,user_000250,2025-09-05T09:24:23Z,,
RT @user_000757: Working on a new data analysis project. Exciting times ahead!,0,user_000052,2025-12-30T15:35:04Z,user_000757,https://wikipedia.org/article/3519
Working on a new mobile app project. Exciting times ahead!,0,user_000032,2025-11-15T08:51:48Z,,
Weekend plans include hiking. Should be fun!,0,user_000512,2026-01-28T19:20:39Z,,
Reading about AI - fascinating developments in the field,0,user_000581,2025-11-11T06:59:04Z,,https://youtube.com/article/4380
Your package could not be delivered. Reschedule: https://click.me/update907,1,user_000308,2026-01-07T04:20:33Z,,https://click.me/update907
Celebrating anniversary with the family today! 🎉,0,user_000187,2025-12-23T16:20:58Z,,
Celebrating birthday with the family today! 🎉,0,user_000187,2025-09-19T05:33:00Z,,
Weather update: It's cloudy in Tokyo today,0,user_000833,2026-01-30T20:44:28Z,,
Weather update: It's rainy in New York today,0,user_000950,2025-12-29T19:44:18Z,,
Coffee break thoughts: innovation drives progress What do you think?,0,user_000305,2025-10-07T02:41:06Z,,https://techcrunch.com/article/1661
Coffee break thoughts: innovation drives progress What do you think?,0,user_000928,2025-12-14T22:25:33Z,,
Great meeting with the product team today. Productive discussions!,0,user_000114,2025-11-22T22:45:02Z,,
RT @user_000603: Coffee break thoughts: collaboration is key What do you think?,0,user_000356,2025-11-02T04:41:48Z,user_000603,
Coffee break thoughts: collaboration is key What do you think?,0,user_000260,2026-01-03T09:14:28Z,,
Reminder: presentation is coming up next week. Looking forward to it!,0,user_000203,2025-12-30T00:33:58Z,,
Beautiful sunset today in Sydney! 🌅 #photography,0,user_000884,2026-02-10T15:31:42Z,,
Your Facebook payment failed. Update info to avoid suspension: https://short.link/confirm793,1,user_000165,2025-11-26T08:01:13Z,,https://short.link/confirm793
RT @user_000405: Just finished reading an interesting article about technology trends. Thoughts?,0,user_000095,2025-12-21T21:43:16Z,user_000405,https://techcrunch.com/article/7559
Weekend plans include cooking. Should be fun!,0,user_000533,2025-12-09T13:41:56Z,,
Weather update: It's windy in Tokyo today,0,user_000826,2025-10-23T20:11:55Z,,
Weather update: It's cloudy in Sydney today,0,user_000704,2026-02-13T16:05:21Z,,
Coffee break thoughts: collaboration is key What do you think?,0,user_000207,2025-12-23T06:49:55Z,,
Celebrating achievement with the family today! 🎉,0,user_000988,2025-12-10T00:35:38Z,,
RT @user_000037: Reading about technology trends - fascinating developments in the field,0,user_000673,2026-01-14T08:35:09Z,user_000037,
Working on a new mobile app project. Exciting times ahead!,0,user_000281,2025-09-17T22:00:06Z,,
Working on a new data analysis project. Exciting times ahead!,0,user_000175,2025-10-26T23:00:28Z,,https://linkedin.com/article/8983
Just finished reading an interesting article about AI. Thoughts?,0,user_000714,2025-12-06T02:08:27Z,,https://github.com/article/7735
Working on a new machine learning project. Exciting times ahead!,0,user_000923,2025-11-11T14:55:55Z,,
RT @user_000984: Working on a new mobile app project. Exciting times ahead!,0,user_000335,2025-12-26T23:34:26Z,user_000984,
Weather update: It's windy in London today,0,user_000117,2026-01-21T09:12:31Z,,https://wikipedia.org/article/7682
Working on a new research project. Exciting times ahead!,0,user_000913,2025-09-22T04:50:46Z,,
Working on a new mobile app project. Exciting times ahead!,0,user_000794,2025-10-23T02:50:39Z,,
Just finished reading an interesting article about renewable energy. Thoughts?,0,user_000353,2025-12-10T01:17:41Z,,
⚠️ Account Locked: Your Amazon needs immediate verification: https://claim-reward.org/claim267,1,user_000999,2025-12-22T16:22:44Z,,https://claim-reward.org/claim267
Weekend plans include coding. Should be fun!,0,user_000848,2025-08-23T11:34:08Z,,
Just finished reading an interesting article about technology trends. Thoughts?,0,user_000586,2025-10-13T04:45:45Z,,https://techcrunch.com/article/3380
Reading about climate change - fascinating developments in the field,0,user_000357,2025-09-20T03:45:46Z,,
Great meeting with the engineering team today. Productive discussions!,0,user_000467,2026-01-29T15:53:24Z,,
⚠️ Account Locked: Your Apple needs immediate verification: https://click.me/claim259,1,user_000712,2025-09-29T21:16:56Z,,https://click.me/claim259
RT @user_000095: RT @user_000405: Just finished reading an interesting article about technology trends. Thoughts?,0,user_000714,2025-11-10T22:02:49Z,user_000095,https://techcrunch.com/article/7559
RT @user_000988: Celebrating achievement with the family today! 🎉,0,user_000376,2026-01-05T08:55:52Z,user_000988,
Just finished reading an interesting article about AI. Thoughts?,0,user_000820,2025-08-20T16:51:05Z,,https://wikipedia.org/article/9072
Celebrating achievement with the family today! 🎉,0,user_000706,2026-02-08T22:32:10Z,,
Working on a new website project. Exciting times ahead!,0,user_000859,2025-09-04T06:29:43Z,,
Coffee break thoughts: innovation drives progress What do you think?,0,user_000689,2025-11-19T18:22:54Z,,https://cnn.com/article/2941
Great meeting with the sales team today. Productive discussions!,0,user_000784,2025-09-17T02:23:12Z,,https://twitter.com/article/4685
RT @user_000338: Beautiful sunset today in London! 🌅 #photography,0,user_000198,2025-09-21T22:38:07Z,user_000338,https://github.com/article/1943
Reading about climate change - fascinating developments in the field,0,user_000066,2025-10-28T10:08:40Z,,
Weather update: It's cloudy in London today,0,user_000854,2025-11-01T03:10:23Z,,
Great meeting with the design team today. Productive discussions!,0,user_000669,2025-10-03T22:23:16Z,,
Reading about renewable energy - fascinating developments in the field,0,user_000878,2026-01-28T06:31:22Z,,
Reading about AI - fascinating developments in the field,0,user_000367,2025-10-11T01:18:53Z,,
BREAKING: Tesla is giving away vacation package! Get yours: https://verify-now.net/claim275,1,user_000098,2025-10-09T05:02:44Z,,https://verify-now.net/claim275
Reminder: presentation is coming up next week. Looking forward to it!,0,user_000595,2025-08-29T16:03:44Z,,https://github.com/article/4989
Beautiful sunset today in Sydney! 🌅 #photography,0,user_000122,2025-10-26T23:09:08Z,,https://techcrunch.com/article/7951
Just finished reading an interesting article about climate change. Thoughts?,0,user_000395,2025-09-17T17:17:09Z,,
Weather update: It's snowy in Sydney today,0,user_000662,2025-11-18T00:10:05Z,,https://wikipedia.org/article/3686
Reading about space exploration - fascinating developments in the field,0,user_000577,2025-12-29T02:49:13Z,,
Reading about technology trends - fascinating developments in the field,0,user_000267,2026-02-02T11:22:21Z,,
Weekend plans include coding. Should be fun!,0,user_000597,2025-10-07T17:51:21Z,,
Just finished reading an interesting article about climate change. Thoughts?,0,user_000741,2025-12-31T16:16:26Z,,
Great meeting with the engineering team today. Productive discussions!,0,user_000906,2025-11-19T13:37:18Z,,
Celebrating birthday with the family today! 🎉,0,user_000775,2026-01-23T04:55:19Z,,
Just finished reading an interesting article about AI. Thoughts?,0,user_000043,2025-08-28T21:54:17Z,,
Reading about climate change - fascinating developments in the field,0,user_000720,2025-09-12T21:41:14Z,,
Your package could not be delivered. Reschedule: https://t.co/confirm599,1,user_000452,2025-12-31T23:36:50Z,,https://t.co/confirm599
Coffee break thoughts: learning never stops What do you think?,0,user_000601,2026-01-31T13:53:47Z,,
Working on a new research project. Exciting times ahead!,0,user_000587,2026-02-13T17:59:53Z,,
Coffee break thoughts: innovation drives progress What do you think?,0,user_000859,2025-12-26T17:17:33Z,,
Reading about climate change - fascinating developments in the field,0,user_000947,2025-10-14T12:57:22Z,,
Coffee break thoughts: learning never stops What do you think?,0,user_000479,2025-10-04T20:58:09Z,,https://news.bbc.co.uk/article/9873
Coffee break thoughts: collaboration is key What do you think?,0,user_000944,2025-12-20T11:35:34Z,,
Celebrating birthday with the family today! 🎉,0,user_000338,2025-10-26T20:45:41Z,,https://github.com/article/3114
Reading about climate change - fascinating developments in the field,0,user_000744,2025-08-26T18:10:51Z,,
Celebrating anniversary with the family today! 🎉,0,user_000034,2025-11-19T05:02:33Z,,
Weekend plans include cooking. Should be fun!,0,user_000059,2025-08-20T14:54:58Z,,
Great meeting with the product team today. Productive discussions!,0,user_000404,2025-12-13T14:26:05Z,,
Just finished reading an interesting article about renewable energy. Thoughts?,0,user_000309,2026-01-29T02:57:36Z,,
RT @user_000305: Coffee break thoughts: innovation drives progress What do you think?,0,user_000216,2026-01-05T03:36:28Z,user_000305,https://techcrunch.com/article/1661
Reminder: workshop is coming up next week. Looking forward to it!,0,user_000401,2025-08-29T00:09:29Z,,
Beautiful sunset today in Tokyo! 🌅 #photography,0,user_000105,2025-12-20T03:01:24Z,,
Beautiful sunset today in Sydney! 🌅 #photography,0,user_000567,2025-11-22T16:44:53Z,,
Weather update: It's sunny in California today,0,user_000580,2025-11-26T10:43:59Z,,
Weekend plans include traveling. Should be fun!,0,user_000295,2026-01-16T02:35:47Z,,
Beautiful sunset today in London! 🌅 #photography,0,user_000643,2025-09-13T23:04:32Z,,https://github.com/article/7131
Reading about climate change - fascinating developments in the field,0,user_000870,2026-01-08T22:05:32Z,,https://linkedin.com/article/9960
RT @user_000309: Just finished reading an interesting article about renewable energy. Thoughts?,0,user_000927,2025-10-06T07:03:10Z,user_000309,
Weather update: It's sunny in London today,0,user_000962,2026-02-11T22:55:00Z,,
Working on a new research project. Exciting times ahead!,0,user_000924,2026-01-07T08:58:08Z,,
Reading about climate change - fascinating developments in the field,0,user_000925,2025-10-14T00:43:08Z,,https://medium.com/article/8084
RT @user_000947: Reading about climate change - fascinating developments in the field,0,user_000873,2025-12-05T11:36:47Z,user_000947,
Beautiful sunset today in London! 🌅 #photography,0,user_000469,2025-08-25T15:48:38Z,,
Celebrating promotion with the family today! 🎉,0,user_000671,2025-10-15T23:30:10Z,,
Reminder: presentation is coming up next week. Looking forward to it!,0,user_000372,2025-09-09T09:35:46Z,,
Your Google payment failed. Update info to avoid suspension: https://click.me/update706,1,user_000892,2025-10-07T09:05:30Z,,https://click.me/update706
RT @user_000704: Weather update: It's cloudy in Sydney today,0,user_000875,2025-11-03T05:29:11Z,user_000704,
Beautiful sunset today in London! 🌅 #photography,0,user_000369,2025-08-30T09:10:51Z,,
RT @user_000741: Just finished reading an interesting article about climate change. Thoughts?,0,user_000068,2025-11-16T04:58:37Z,user_000741,
Just finished reading an interesting article about AI. Thoughts?,0,user_000824,2025-10-15T13:29:27Z,,
RT @user_000338: Celebrating birthday with the family today! 🎉,0,user_000923,2026-01-07T19:54:33Z,user_000338,https://github.com/article/3114
Weather update: It's cloudy in London today,0,user_000632,2025-12-17T01:56:27Z,,
Reminder: webinar is coming up next week. Looking forward to it!,0,user_000685,2025-11-21T14:39:29Z,,
Reminder: webinar is coming up next week. Looking forward to it!,0,user_000990,2026-02-09T03:17:06Z,,https://techcrunch.com/article/5228
Great meeting with the sales team today. Productive discussions!,0,user_000238,2025-10-24T16:21:10Z,,
Beautiful sunset today in New York! 🌅 #photography,0,user_000263,2025-11-11T23:22:51Z,,
Celebrating birthday with the family today! 🎉,0,user_000746,2025-09-04T23:51:35Z,,https://medium.com/article/9831
Weather update: It's windy in Tokyo today,0,user_000171,2025-11-25T00:17:54Z,,
Reminder: meetup is coming up next week. Looking forward to it!,0,user_000572,2025-10-26T10:08:00Z,,
🚨 URGENT: Your Microsoft account has been locked! Verify immediately: https://tinyurl.com/verify715,1,user_000224,2025-09-30T11:23:31Z,,https://tinyurl.com/verify715
Great meeting with the engineering team today. Productive discussions!,0,user_000924,2025-10-20T17:27:14Z,,
Weekend plans include cooking. Should be fun!,0,user_000277,2026-01-19T04:35:47Z,,https://linkedin.com/article/2393
Final Notice: Apple account expires today. Renew now: https://verify-now.net/update675,1,user_000880,2025-08-21T16:15:07Z,,https://verify-now.net/update675
Weather update: It's cloudy in London today,0,user_000939,2025-11-01T20:02:38Z,,
Reading about climate change - fascinating developments in the field,0,user_000949,2026-01-09T19:48:21Z,,
Great meeting with the engineering team today. Productive discussions!,0,user_000639,2025-09-28T23:33:49Z,,
Coffee break thoughts: innovation drives progress What do you think?,0,user_000550,2025-12-29T06:59:31Z,,
Celebrating graduation with the family today! 🎉,0,user_000621,2026-02-13T11:44:59Z,,
Reminder: workshop is coming up next week. Looking forward to it!,0,user_000606,2025-10-27T09:33:51Z,,
Reminder: meetup is coming up next week. Looking forward to it!,0,user_000509,2025-11-27T04:00:23Z,,
Coffee break thoughts: innovation drives progress What do you think?,0,user_000795,2025-11-07T12:42:12Z,,
Celebrating graduation with the family today! 🎉,0,user_000513,2026-01-07T16:23:44Z,,
RT @user_000671: Celebrating promotion with the family today! 🎉,0,user_000728,2025-08-19T13:37:22Z,user_000671,
Weather update: It's rainy in New York today,0,user_000240,2025-12-07T16:07:29Z,,https://linkedin.com/article/2553
Celebrating promotion with the family today! 🎉,0,user_000588,2025-10-17T08:20:23Z,,https://twitter.com/article/8051
Just finished reading an interesting article about AI. Thoughts?,0,user_000431,2025-11-29T02:58:11Z,,https://twitter.com/article/8739
Celebrating graduation with the family today! 🎉,0,user_000804,2025-12-27T05:07:09Z,,https://linkedin.com/article/9170
Reading about climate change - fascinating developments in the field,0,user_000358,2025-11-03T08:15:11Z,,
Final Notice: Netflix account expires today. Renew now: https://tinyurl.com/confirm622,1,user_000228,2025-10-10T08:36:07Z,,https://tinyurl.com/confirm622
Just finished reading an interesting article about climate change. Thoughts?,0,user_000069,2025-08-29T23:29:25Z,,
Weather update: It's snowy in Tokyo today,0,user_000663,2026-01-16T05:56:24Z,,
Coffee break thoughts: learning never stops What do you think?,0,user_000765,2025-12-04T23:56:45Z,,https://wikipedia.org/article/3432
Just finished reading an interesting article about space exploration. Thoughts?,0,user_000618,2025-11-11T00:22:24Z,,
Weather update: It's rainy in Tokyo today,0,user_000445,2025-09-28T00:26:38Z,,https://news.bbc.co.uk/article/9513
Just finished reading an interesting article about technology trends. Thoughts?,0,user_000938,2025-10-09T12:20:12Z,,
Beautiful sunset today in California! 🌅 #photography,0,user_000239,2025-12-22T00:36:35Z,,
Limited Time: Get laptop absolutely FREE! Click here: https://short.link/claim203,1,user_000606,2025-12-24T13:27:08Z,,https://short.link/claim203
Celebrating promotion with the family today! 🎉,0,user_000272,2025-11-16T15:57:05Z,,
Your Microsoft payment failed. Update info to avoid suspension: https://t.co/claim302,1,user_000248,2025-09-27T07:06:37Z,,https://t.co/claim302
Weekend plans include coding. Should be fun!,0,user_000427,2025-10-03T20:50:10Z,,https://twitter.com/article/8484
Celebrating promotion with the family today! 🎉,0,user_000397,2025-12-22T17:45:47Z,,
Limited Time: Get iPhone 15 absolutely FREE! Click here: https://short.link/update606,1,user_000671,2025-12-08T16:36:50Z,,https://short.link/update606
Weather update: It's cloudy in California today,0,user_000797,2025-09-20T10:41:05Z,,
Reminder: meetup is coming up next week. Looking forward to it!,0,user_000071,2025-09-26T16:35:25Z,,https://cnn.com/article/7793
Celebrating promotion with the family today! 🎉,0,user_000015,2025-08-29T01:15:00Z,,
Limited Time: Get $1000 gift card absolutely FREE! Click here: https://short.link/claim787,1,user_000039,2025-12-24T04:32:07Z,,https://short.link/claim787
RT @user_000741: Just finished reading an interesting article about climate change. Thoughts?,0,user_000776,2026-01-20T09:37:08Z,user_000741,
Coffee break thoughts: learning never stops What do you think?,0,user_000563,2026-02-06T19:16:40Z,,
RT @user_000632: Weather update: It's cloudy in London today,0,user_000673,2025-11-22T21:27:42Z,user_000632,
Weather update: It's windy in Tokyo today,0,user_000388,2026-02-12T03:53:45Z,,https://techcrunch.com/article/5678
Coffee break thoughts: collaboration is key What do you think?,0,user_000705,2025-10-24T14:19:04Z,,
RT @user_000685: Reminder: webinar is coming up next week. Looking forward to it!,0,user_000467,2025-10-26T12:52:23Z,user_000685,
🚨 URGENT: Your Google account has been suspended! Verify immediately: https://account-update.org/secure864,1,user_000011,2025-11-25T23:21:07Z,,https://account-update.org/secure864
Great meeting with the engineering team today. Productive discussions!,0,user_000541,2025-12-12T03:50:27Z,,
Weather update: It's snowy in Tokyo today,0,user_000632,2026-02-03T03:43:31Z,,https://news.bbc.co.uk/article/4852
Great meeting with the sales team today. Productive discussions!,0,user_000942,2025-09-03T09:21:19Z,,https://twitter.com/article/7592
Your Google payment failed. Update info to avoid suspension: https://claim-reward.org/claim815,1,user_000941,2026-01-03T16:52:14Z,,https://claim-reward.org/claim815
Just finished reading an interesting article about space exploration. Thoughts?,0,user_000625,2025-09-13T02:10:41Z,,
Just finished reading an interesting article about technology trends. Thoughts?,0,user_000764,2025-09-25T03:07:21Z,,
Just finished reading an interesting article about space exploration. Thoughts?,0,user_000356,2026-01-10T19:58:56Z,,https://medium.com/article/5821
Weekend plans include traveling. Should be fun!,0,user_000290,2026-01-27T11:05:47Z,,https://medium.com/article/7572
Celebrating birthday with the family today! 🎉,0,user_000438,2026-02-10T19:17:59Z,,https://cnn.com/article/1127
Just finished reading an interesting article about AI. Thoughts?,0,user_000003,2025-09-02T01:29:16Z,,
Working on a new machine learning project. Exciting times ahead!,0,user_000515,2025-11-28T00:58:03Z,,
Coffee break thoughts: collaboration is key What do you think?,0,user_000530,2025-12-11T14:04:00Z,,
Reading about technology trends - fascinating developments in the field,0,user_000572,2026-01-03T14:32:02Z,,https://medium.com/article/2931
Weekend plans include hiking. Should be fun!,0,user_000172,2026-01-18T16:03:32Z,,https://linkedin.com/article/3983
Weather update: It's windy in Sydney today,0,user_000907,2026-02-01T16:17:26Z,,
Beautiful sunset today in Tokyo! 🌅 #photography,0,user_000094,2026-02-07T11:04:12Z,,https://medium.com/article/1802
Celebrating achievement with the family today! 🎉,0,user_000807,2025-11-09T03:31:30Z,,
Just finished reading an interesting article about technology trends. Thoughts?,0,user_000884,2025-12-12T00:22:31Z,,https://news.bbc.co.uk/article/6446
Weather update: It's rainy in Sydney today,0,user_000596,2025-12-17T02:22:09Z,,
Celebrating achievement with the family today! 🎉,0,user_000960,2026-01-22T05:46:12Z,,
Great meeting with the product team today. Productive discussions!,0,user_000307,2026-01-17T13:26:12Z,,https://cnn.com/article/7567
Celebrating birthday with the family today! 🎉,0,user_000445,2025-11-28T00:42:08Z,,https://medium.com/article/7393
RT @user_000513: Celebrating graduation with the family today! 🎉,0,user_000177,2025-09-18T08:32:35Z,user_000513,
Working on a new mobile app project. Exciting times ahead!,0,user_000651,2026-01-10T08:06:15Z,,https://wikipedia.org/article/3937
Beautiful sunset today in London! 🌅 #photography,0,user_000999,2025-09-24T05:39:41Z,,https://cnn.com/article/6930
RT @user_000875: RT @user_000704: Weather update: It's cloudy in Sydney today,0,user_000858,2025-12-14T00:53:31Z,user_000875,
Reminder: conference is coming up next week. Looking forward to it!,0,user_000858,2025-12-31T12:57:09Z,,
Reading about AI - fascinating developments in the field,0,user_000689,2025-09-29T18:54:51Z,,https://techcrunch.com/article/5976
Coffee break thoughts: collaboration is key What do you think?,0,user_000120,2025-11-16T14:04:19Z,,
Reminder: meetup is coming up next week. Looking forward to it!,0,user_000848,2025-11-28T03:25:44Z,,
Reading about space exploration - fascinating developments in the field,0,user_000672,2025-11-28T20:42:37Z,,
Reminder: workshop is coming up next week. Looking forward to it!,0,user_000467,2025-11-12T08:33:15Z,,
🚨 URGENT: Your Facebook account has been compromised! Verify immediately: https://verify-now.net/secure653,1,user_000139,2025-09-02T23:52:45Z,,https://verify-now.net/secure653
Reminder: meetup is coming up next week. Looking forward to it!,0,user_000178,2025-09-14T02:36:27Z,,
Final Notice: Apple account expires today. Renew now: https://tinyurl.com/update909,1,user_000654,2026-01-22T00:23:53Z,,https://tinyurl.com/update909
Weekend plans include traveling. Should be fun!,0,user_000433,2026-01-30T17:48:28Z,,
RT @user_000372: Reminder: presentation is coming up next week. Looking forward to it!,0,user_000415,2025-09-05T13:24:59Z,user_000372,
RT @user_000705: Coffee break thoughts: collaboration is key What do you think?,0,user_000908,2025-11-25T00:26:36Z,user_000705,
Working on a new data analysis project. Exciting times ahead!,0,user_000181,2025-11-26T15:30:02Z,,
Your Netflix payment failed. Update info to avoid suspension: https://short.link/verify264,1,user_000527,2025-10-08T22:04:48Z,,https://short.link/verify264
Beautiful sunset today in California! 🌅 #photography,0,user_000038,2026-02-01T08:28:59Z,,
Celebrating birthday with the family today! 🎉,0,user_000297,2026-01-31T04:30:30Z,,
Working on a new data analysis project. Exciting times ahead!,0,user_000903,2025-09-13T14:29:13Z,,
RT @user_000663: Weather update: It's snowy in Tokyo today,0,user_000907,2025-11-03T18:09:23Z,user_000663,
Working on a new research project. Exciting times ahead!,0,user_000071,2025-12-24T09:15:07Z,,https://linkedin.com/article/5335
Great meeting with the sales team today. Productive discussions!,0,user_000244,2026-01-06T14:13:14Z,,https://github.com/article/7370
Beautiful sunset today in Sydney! 🌅 #photography,0,user_000807,2025-09-01T20:56:51Z,,
Beautiful sunset today in California! 🌅 #photography,0,user_000509,2025-11-16T04:59:35Z,,
Reminder: meetup is coming up next week. Looking forward to it!,0,user_000332,2025-12-10T05:02:57Z,,
Coffee break thoughts: innovation drives progress What do you think?,0,user_000945,2025-12-28T14:37:42Z,,
Just finished reading an interesting article about climate change. Thoughts?,0,user_000183,2025-09-23T06:24:37Z,,https://twitter.com/article/2343
RT @user_000467: Reminder: workshop is coming up next week. Looking forward to it!,0,user_000785,2025-12-14T05:52:18Z,user_000467,
Weather update: It's windy in Tokyo today,0,user_000563,2025-09-22T21:27:21Z,,https://cnn.com/article/1438
Working on a new mobile app project. Exciting times ahead!,0,user_000681,2025-12-06T12:52:29Z,,
Weekend plans include hiking. Should be fun!,0,user_000287,2025-09-10T02:27:09Z,,https://cnn.com/article/6964
Reading about renewable energy - fascinating developments in the field,0,user_000684,2025-12-30T05:13:49Z,,https://cnn.com/article/3996
Beautiful sunset today in London! 🌅 #photography,0,user_000702,2026-02-02T00:44:48Z,,
Reminder: workshop is coming up next week. Looking forward to it!,0,user_000541,2025-11-09T00:56:18Z,,https://news.bbc.co.uk/article/9129
Great meeting with the product team today. Productive discussions!,0,user_000168,2025-10-26T07:23:17Z,,
RT @user_000785: RT @user_000467: Reminder: workshop is coming up next week. Looking forward to it!,0,user_000861,2025-12-22T08:55:21Z,user_000785,
Weekend plans include coding. Should be fun!,0,user_000688,2025-12-04T05:14:16Z,,
Just finished reading an interesting article about climate change. Thoughts?,0,user_000879,2025-10-05T17:49:06Z,,https://wikipedia.org/article/4537
Just finished reading an interesting article about AI. Thoughts?,0,user_000984,2025-08-18T21:39:58Z,,
Great meeting with the product team today. Productive discussions!,0,user_000744,2025-12-09T13:12:42Z,,
Reading about space exploration - fascinating developments in the field,0,user_000254,2026-01-25T07:28:07Z,,
Working on a new machine learning project. Exciting times ahead!,0,user_000847,2025-08-27T08:54:58Z,,
Weather update: It's snowy in London today,0,user_000363,2025-09-25T18:27:08Z,,
Final Notice: Google account expires today. Renew now: https://short.link/update557,1,user_000058,2025-09-28T11:58:56Z,,https://short.link/update557
Working on a new research project. Exciting times ahead!,0,user_000600,2025-09-04T04:36:54Z,,https://news.bbc.co.uk/article/8656
Beautiful sunset today in Tokyo! 🌅 #photography,0,user_000726,2025-11-16T07:20:43Z,,
Great meeting with the product team today. Productive discussions!,0,user_000635,2025-11-24T17:09:16Z,,
Just finished reading an interesting article about space exploration. Thoughts?,0,user_000355,2025-11-29T02:52:44Z,,
Coffee break thoughts: collaboration is key What do you think?,0,user_000689,2026-02-02T19:44:43Z,,
Final Notice: Facebook account expires today. Renew now: https://click.me/confirm232,1,user_000706,2025-08-20T13:39:56Z,,https://click.me/confirm232
Reminder: webinar is coming up next week. Looking forward to it!,0,user_000468,2026-01-26T13:15:52Z,,
Coffee break thoughts: learning never stops What do you think?,0,user_000944,2026-02-06T23:27:22Z,,
Working on a new website project. Exciting times ahead!,0,user_000995,2025-12-24T11:55:14Z,,
"Tax refund of $1,200 pending. Claim here: https://t.co/secure466",1,user_000672,2025-08-24T08:21:33Z,,https://t.co/secure466
Great meeting with the marketing team today. Productive discussions!,0,user_000544,2025-09-05T18:55:48Z,,
Reminder: webinar is coming up next week. Looking forward to it!,0,user_000019,2026-02-04T10:58:20Z,,
Just finished reading an interesting article about renewable energy. Thoughts?,0,user_000083,2025-12-10T14:46:57Z,,https://wikipedia.org/article/5716
Weather update: It's windy in London today,0,user_000858,2026-02-03T15:38:53Z,,
RT @user_000671: Limited Time: Get iPhone 15 absolutely FREE! Click here: https://short.link/update606,1,user_000045,2025-12-11T13:19:09Z,user_000671,https://short.link/update606
Weekend plans include coding. Should be fun!,0,user_000421,2025-12-04T07:17:32Z,,
Just finished reading an interesting article about space exploration. Thoughts?,0,user_000226,2026-01-30T19:59:51Z,,
Reminder: conference is coming up next week. Looking forward to it!,0,user_000065,2026-01-16T07:49:33Z,,
Reading about space exploration - fascinating developments in the field,0,user_000873,2026-01-08T16:39:32Z,,https://cnn.com/article/3947
Just finished reading an interesting article about space exploration. Thoughts?,0,user_000340,2026-01-08T19:13:33Z,,
Beautiful sunset today in Sydney! 🌅 #photography,0,user_000847,2025-12-10T11:06:13Z,,
Celebrating birthday with the family today! 🎉,0,user_000484,2025-10-27T15:22:29Z,,https://cnn.com/article/1341
Beautiful sunset today in New York! 🌅 #photography,0,user_000569,2025-10-26T05:33:56Z,,https://linkedin.com/article/9133
Celebrating promotion with the family today! 🎉,0,user_000241,2025-08-29T03:04:56Z,,
Weekend plans include coding. Should be fun!,0,user_000853,2025-11-18T05:08:57Z,,https://medium.com/article/7838
Weekend plans include hiking. Should be fun!,0,user_000534,2025-12-28T16:27:46Z,,
Coffee break thoughts: innovation drives progress What do you think?,0,user_000514,2025-09-05T16:12:41Z,,
RT @user_000083: Just finished reading an interesting article about renewable energy. Thoughts?,0,user_000586,2026-02-11T06:50:00Z,user_000083,https://wikipedia.org/article/5716
RT @user_000853: Weekend plans include coding. Should be fun!,0,user_000450,2025-11-27T13:42:09Z,user_000853,https://medium.com/article/7838
Reminder: workshop is coming up next week. Looking forward to it!,0,user_000879,2025-09-23T20:00:54Z,,
Working on a new data analysis project. Exciting times ahead!,0,user_000248,2025-11-05T13:50:07Z,,
RT @user_000467: Reminder: workshop is coming up next week. Looking forward to it!,0,user_000411,2025-12-25T12:52:35Z,user_000467,
Weekend plans include coding. Should be fun!,0,user_000953,2025-09-17T06:43:16Z,,https://wikipedia.org/article/6358
Weekend plans include reading. Should be fun!,0,user_000855,2026-01-17T09:38:07Z,,https://news.bbc.co.uk/article/7366
Working on a new mobile app project. Exciting times ahead!,0,user_000664,2026-01-02T22:26:29Z,,
Beautiful sunset today in London! 🌅 #photography,0,user_000157,2026-01-18T12:17:55Z,,
Weather update: It's sunny in Tokyo today,0,user_000148,2025-08-31T16:17:50Z,,
Reading about technology trends - fascinating developments in the field,0,user_000392,2025-11-06T11:22:27Z,,https://news.bbc.co.uk/article/5185
RT @user_000509: Beautiful sunset today in California! 🌅 #photography,0,user_000075,2025-09-14T07:22:46Z,user_000509,
RT @user_000596: Weather update: It's rainy in Sydney today,0,user_000615,2025-10-19T16:34:11Z,user_000596,
RT @user_000907: RT @user_000663: Weather update: It's snowy in Tokyo today,0,user_000845,2026-01-04T19:28:09Z,user_000907,
Just finished reading an interesting article about technology trends. Thoughts?,0,user_000696,2025-09-03T11:29:19Z,,https://news.bbc.co.uk/article/9280
Great meeting with the sales team today. Productive discussions!,0,user_000297,2025-12-17T03:00:54Z,,
Coffee break thoughts: innovation drives progress What do you think?,0,user_000928,2025-12-12T06:02:58Z,,https://linkedin.com/article/1102
⚠️ Account Locked: Your Apple needs immediate verification: https://verify-now.net/confirm566,1,user_000246,2025-10-12T12:11:30Z,,https://verify-now.net/confirm566
Great meeting with the engineering team today. Productive discussions!,0,user_000741,2025-11-03T23:03:13Z,,https://linkedin.com/article/3068
Celebrating graduation with the family today! 🎉,0,user_000752,2025-11-08T09:30:34Z,,
RT @user_000484: Celebrating birthday with the family today! 🎉,0,user_000273,2025-11-21T07:09:03Z,user_000484,https://cnn.com/article/1341
Beautiful sunset today in Tokyo! 🌅 #photography,0,user_000012,2025-12-08T04:14:02Z,,https://github.com/article/9561
Great meeting with the marketing team today. Productive discussions!,0,user_000041,2025-09-15T20:37:32Z,,https://techcrunch.com/article/6237
Working on a new website project. Exciting times ahead!,0,user_000765,2025-08-25T08:27:05Z,,
Weather update: It's rainy in London today,0,user_000882,2026-01-16T01:53:06Z,,
Reminder: webinar is coming up next week. Looking forward to it!,0,user_000754,2025-09-10T20:33:54Z,,
Just finished reading an interesting article about AI. Thoughts?,0,user_000772,2025-12-03T19:08:31Z,,https://github.com/article/8576
Weekend plans include cooking. Should be fun!,0,user_000934,2025-08-25T19:07:06Z,,https://cnn.com/article/9832
Weekend plans include traveling. Should be fun!,0,user_000360,2025-10-05T16:17:57Z,,https://linkedin.com/article/2133
Celebrating promotion with the family today! 🎉,0,user_000354,2026-01-04T22:46:58Z,,
Working on a new machine learning project. Exciting times ahead!,0,user_000472,2025-11-02T18:13:32Z,,
Weather update: It's sunny in New York today,0,user_000319,2026-01-24T16:46:17Z,,https://news.bbc.co.uk/article/3986
Just finished reading an interesting article about renewable energy. Thoughts?,0,user_000483,2025-08-31T16:56:47Z,,https://medium.com/article/4609
RT @user_000744: Great meeting with the product team today. Productive discussions!,0,user_000143,2026-01-18T01:26:44Z,user_000744,
Celebrating graduation with the family today! 🎉,0,user_000536,2025-11-21T23:07:50Z,,https://techcrunch.com/article/2647
Weekend plans include cooking. Should be fun!,0,user_000724,2026-01-31T18:24:34Z,,
Reading about technology trends - fascinating developments in the field,0,user_000499,2025-11-17T07:50:05Z,,
Reading about AI - fascinating developments in the field,0,user_000939,2025-10-12T10:29:56Z,,
Weekend plans include traveling. Should be fun!,0,user_000128,2025-11-17T20:25:06Z,,
Beautiful sunset today in Tokyo! 🌅 #photography,0,user_000070,2025-09-04T22:33:30Z,,https://linkedin.com/article/7225
Reminder: presentation is coming up next week. Looking forward to it!,0,user_000514,2025-09-13T09:33:12Z,,https://twitter.com/article/2250
Weather update: It's snowy in New York today,0,user_000128,2025-11-24T13:13:25Z,,
Weekend plans include traveling. Should be fun!,0,user_000480,2025-09-03T16:59:58Z,,https://linkedin.com/article/7035
Just finished reading an interesting article about space exploration. Thoughts?,0,user_000399,2025-11-20T08:15:28Z,,
Congratulations! You've won a $1000 gift card! Claim now: https://t.co/update316 Limited time offer!,1,user_000258,2025-11-24T07:16:29Z,,https://t.co/update316
Weather update: It's cloudy in Tokyo today,0,user_000221,2026-01-18T12:16:15Z,,
Celebrating achievement with the family today! 🎉,0,user_000277,2025-08-19T13:46:19Z,,
Tax refund of $850 pending. Claim here: https://click.me/secure892,1,user_000007,2025-08-21T16:27:55Z,,https://click.me/secure892
Great meeting with the marketing team today. Productive discussions!,0,user_000887,2026-02-05T00:02:41Z,,
Beautiful sunset today in California! 🌅 #photography,0,user_000580,2026-02-07T00:44:03Z,,
Just finished reading an interesting article about renewable energy. Thoughts?,0,user_000289,2026-01-27T05:45:46Z,,https://linkedin.com/article/7052
RT @user_000702: Beautiful sunset today in London! 🌅 #photography,0,user_000898,2025-10-12T21:23:38Z,user_000702,
Great meeting with the sales team today. Productive discussions!,0,user_000797,2026-01-20T05:41:41Z,,
Just finished reading an interesting article about space exploration. Thoughts?,0,user_000425,2026-01-13T17:17:16Z,,
Working on a new data analysis project. Exciting times ahead!,0,user_000591,2025-11-11T08:02:57Z,,
Weather update: It's rainy in Tokyo today,0,user_000279,2026-01-21T00:25:12Z,,https://youtube.com/article/4577
Weather update: It's sunny in Tokyo today,0,user_000328,2026-01-21T13:47:36Z,,https://techcrunch.com/article/2620
RT @user_000984: Just finished reading an interesting article about AI. Thoughts?,0,user_000576,2025-10-12T20:14:33Z,user_000984,
Celebrating anniversary with the family today! 🎉,0,user_000953,2025-08-24T13:50:41Z,,
Weekend plans include cooking. Should be fun!,0,user_000252,2025-12-17T20:44:46Z,,
Working on a new research project. Exciting times ahead!,0,user_000708,2026-02-11T03:09:31Z,,https://medium.com/article/7317
Coffee break thoughts: collaboration is key What do you think?,0,user_000915,2025-11-04T20:01:09Z,,
Reminder: meetup is coming up next week. Looking forward to it!,0,user_000873,2025-12-18T22:20:03Z,,https://youtube.com/article/5107
RT @user_000915: Coffee break thoughts: collaboration is key What do you think?,0,user_000032,2025-11-01T09:10:20Z,user_000915,
RT @user_000007: Tax refund of $850 pending. Claim here: https://click.me/secure892,1,user_000596,2025-09-02T05:16:36Z,user_000007,https://click.me/secure892
Just finished reading an interesting article about AI. Thoughts?,0,user_000592,2026-01-21T20:00:21Z,,https://twitter.com/article/4582
Great meeting with the engineering team today. Productive discussions!,0,user_000863,2025-12-03T14:59:16Z,,
Coffee break thoughts: learning never stops What do you think?,0,user_000748,2025-11-09T11:06:30Z,,
RT @user_000706: Final Notice: Facebook account expires today. Renew now: https://click.me/confirm232,1,user_000226,2025-10-03T07:59:01Z,user_000706,https://click.me/confirm232
RT @user_000514: Reminder: presentation is coming up next week. Looking forward to it!,0,user_000690,2025-10-30T10:59:37Z,user_000514,https://twitter.com/article/2250
Weekend plans include traveling. Should be fun!,0,user_000412,2026-01-02T10:04:36Z,,
🚨 URGENT: Your Amazon account has been restricted! Verify immediately: https://secure-verify.net/confirm467,1,user_000874,2026-01-09T07:30:45Z,,https://secure-verify.net/confirm467
Weekend plans include coding. Should be fun!,0,user_000576,2025-12-09T15:07:07Z,,
Congratulations! You've won a vacation package! Claim now: https://bit.ly/confirm520 Limited time offer!,1,user_000705,2026-02-01T18:04:54Z,,https://bit.ly/confirm520
Weekend plans include reading. Should be fun!,0,user_000766,2025-10-03T17:16:21Z,,
RT @user_000480: Weekend plans include traveling. Should be fun!,0,user_000121,2025-11-12T08:24:11Z,user_000480,https://linkedin.com/article/7035
Reminder: workshop is coming up next week. Looking forward to it!,0,user_000649,2025-10-19T05:42:27Z,,
Reminder: presentation is coming up next week. Looking forward to it!,0,user_000794,2026-01-24T04:19:23Z,,https://medium.com/article/4372
Great meeting with the sales team today. Productive discussions!,0,user_000042,2025-09-05T15:29:19Z,,https://twitter.com/article/9725
Great meeting with the marketing team today. Productive discussions!,0,user_000436,2025-08-30T19:41:10Z,,
Reminder: presentation is coming up next week. Looking forward to it!,0,user_000323,2025-10-12T00:57:05Z,,
RT @user_000544: Great meeting with the marketing team today. Productive discussions!,0,user_000664,2026-02-03T17:44:23Z,user_000544,
🚨 URGENT: Your Amazon account has been locked! Verify immediately: https://click.me/verify304,1,user_000992,2026-01-10T08:26:54Z,,https://click.me/verify304
Working on a new data analysis project. Exciting times ahead!,0,user_000473,2026-01-03T16:00:44Z,,
Weekend plans include hiking. Should be fun!,0,user_000255,2025-11-23T18:12:38Z,,
Weekend plans include reading. Should be fun!,0,user_000251,2025-10-11T00:44:51Z,,https://techcrunch.com/article/4657
Your package could not be delivered. Reschedule: https://account-update.org/confirm927,1,user_000807,2025-12-01T05:24:00Z,,https://account-update.org/confirm927
Celebrating achievement with the family today! 🎉,0,user_000373,2025-09-25T01:38:41Z,,
Weather update: It's snowy in New York today,0,user_000873,2025-09-23T03:00:56Z,,
Reminder: workshop is coming up next week. Looking forward to it!,0,user_000805,2025-11-15T16:58:17Z,,
Weather update: It's cloudy in London today,0,user_000632,2026-01-03T04:03:06Z,,
RT @user_000772: Just finished reading an interesting article about AI. Thoughts?,0,user_000288,2025-12-25T23:44:53Z,user_000772,https://github.com/article/8576
Reading about climate change - fascinating developments in the field,0,user_000874,2025-08-21T16:23:04Z,,
Great meeting with the design team today. Productive discussions!,0,user_000307,2026-01-15T02:07:28Z,,
Great meeting with the product team today. Productive discussions!,0,user_000607,2025-10-04T16:14:47Z,,
Great meeting with the design team today. Productive discussions!,0,user_000885,2025-12-15T18:59:17Z,,
Just finished reading an interesting article about AI. Thoughts?,0,user_000260,2026-02-05T04:58:50Z,,
Weekend plans include traveling. Should be fun!,0,user_000509,2026-01-14T17:47:45Z,,https://github.com/article/1365
Great meeting with the engineering team today. Productive discussions!,0,user_000482,2026-02-08T22:23:41Z,,
Limited Time: Get laptop absolutely FREE! Click here: https://click.me/secure846,1,user_000058,2025-08-24T03:37:07Z,,https://click.me/secure846
RT @user_000845: RT @user_000907: RT @user_000663: Weather update: It's snowy in Tokyo today,0,user_000717,2025-10-31T06:40:53Z,user_000845,
Reminder: conference is coming up next week. Looking forward to it!,0,user_000814,2025-12-23T15:21:56Z,,
Reminder: conference is coming up next week. Looking forward to it!,0,user_000838,2026-01-04T13:40:56Z,,https://techcrunch.com/article/3229
Beautiful sunset today in California! 🌅 #photography,0,user_000809,2026-01-05T10:15:09Z,,https://techcrunch.com/article/6397
Weekend plans include traveling. Should be fun!,0,user_000203,2026-01-25T22:34:23Z,,
Weather update: It's sunny in London today,0,user_000713,2025-12-10T10:06:21Z,,
Reminder: meetup is coming up next week. Looking forward to it!,0,user_000614,2025-10-13T01:02:42Z,,https://wikipedia.org/article/5828
Tax refund of $750 pending. Claim here: https://short.link/verify413,1,user_000491,2025-08-20T08:09:29Z,,https://short.link/verify413
Celebrating promotion with the family today! 🎉,0,user_000163,2026-01-18T02:40:09Z,,
Great meeting with the marketing team today. Productive discussions!,0,user_000071,2026-01-22T21:38:03Z,,https://news.bbc.co.uk/article/2649
Beautiful sunset today in London! 🌅 #photography,0,user_000673,2025-10-27T15:56:37Z,,https://news.bbc.co.uk/article/4646
Beautiful sunset today in California! 🌅 #photography,0,user_000746,2025-12-19T21:07:15Z,,
Working on a new mobile app project. Exciting times ahead!,0,user_000834,2025-11-07T01:36:02Z,,
Weather update: It's sunny in New York today,0,user_000459,2026-01-06T23:44:18Z,,
Your Apple payment failed. Update info to avoid suspension: https://t.co/secure799,1,user_000259,2025-09-28T04:02:12Z,,https://t.co/secure799
Beautiful sunset today in New York! 🌅 #photography,0,user_000384,2025-09-03T07:58:52Z,,
Beautiful sunset today in California! 🌅 #photography,0,user_000770,2025-12-20T05:33:13Z,,
Coffee break thoughts: collaboration is key What do you think?,0,user_000573,2026-01-01T10:08:04Z,,
Reading about climate change - fascinating developments in the field,0,user_000766,2026-01-25T19:45:07Z,,
Just finished reading an interesting article about climate change. Thoughts?,0,user_000113,2026-01-18T12:38:33Z,,
Weather update: It's snowy in New York today,0,user_000740,2025-08-31T08:47:30Z,,
Weather update: It's sunny in California today,0,user_000082,2025-09-25T01:56:39Z,,
RT @user_000354: Celebrating promotion with the family today! 🎉,0,user_000564,2025-08-22T05:57:39Z,user_000354,
Limited Time: Get smart TV absolutely FREE! Click here: https://tinyurl.com/secure871,1,user_000507,2025-09-22T14:22:27Z,,https://tinyurl.com/secure871
Working on a new research project. Exciting times ahead!,0,user_000501,2026-01-18T23:11:11Z,,https://linkedin.com/article/6371
Your package could not be delivered. Reschedule: https://verify-now.net/confirm158,1,user_000570,2025-11-16T21:57:40Z,,https://verify-now.net/confirm158
Beautiful sunset today in Tokyo! 🌅 #photography,0,user_000685,2026-01-17T09:01:09Z,,
Just finished reading an interesting article about AI. Thoughts?,0,user_000692,2025-11-02T12:57:16Z,,
Working on a new research project. Exciting times ahead!,0,user_000684,2025-12-23T02:51:12Z,,
Great meeting with the product team today. Productive discussions!,0,user_000662,2025-11-09T07:41:08Z,,https://news.bbc.co.uk/article/8978
Final Notice: Microsoft account expires today. Renew now: https://bit.ly/claim669,1,user_000842,2025-10-18T18:01:05Z,,https://bit.ly/claim669
Celebrating achievement with the family today! 🎉,0,user_000701,2025-12-09T02:12:11Z,,
Beautiful sunset today in Tokyo! 🌅 #photography,0,user_000740,2025-11-11T19:18:51Z,,https://github.com/article/4485
Reading about AI - fascinating developments in the field,0,user_000261,2026-02-09T22:46:04Z,,
Reminder: conference is coming up next week. Looking forward to it!,0,user_000976,2025-09-01T16:49:04Z,,
Weather update: It's rainy in London today,0,user_000020,2025-10-23T18:02:21Z,,
Just finished reading an interesting article about technology trends. Thoughts?,0,user_000056,2025-09-01T20:35:24Z,,
Reminder: meetup is coming up next week. Looking forward to it!,0,user_000961,2026-01-08T15:17:23Z,,
Final Notice: Apple account expires today. Renew now: https://account-update.org/verify951,1,user_000228,2025-08-28T12:41:48Z,,https://account-update.org/verify951
Reading about space exploration - fascinating developments in the field,0,user_000541,2026-02-11T10:27:34Z,,
Weather update: It's snowy in New York today,0,user_000632,2025-11-28T07:21:53Z,,
Great meeting with the marketing team today. Productive discussions!,0,user_000784,2025-09-21T06:22:22Z,,
Beautiful sunset today in Sydney! 🌅 #photography,0,user_000834,2025-11-16T04:06:27Z,,https://github.com/article/4584
Just finished reading an interesting article about technology trends. Thoughts?,0,user_000718,2025-10-09T06:50:28Z,,
Just finished reading an interesting article about technology trends. Thoughts?,0,user_000643,2025-11-12T02:55:02Z,,
Reading about renewable energy - fascinating developments in the field,0,user_000419,2025-10-26T03:41:05Z,,
Working on a new machine learning project. Exciting times ahead!,0,user_000671,2025-11-30T23:30:23Z,,
RT @user_000501: Working on a new research project. Exciting times ahead!,0,user_000474,2025-12-31T02:07:00Z,user_000501,https://linkedin.com/article/6371
Reminder: webinar is coming up next week. Looking forward to it!,0,user_000547,2025-09-26T21:44:52Z,,
Great meeting with the engineering team today. Productive discussions!,0,user_000550,2026-01-21T04:22:04Z,,https://linkedin.com/article/2457
Great meeting with the design team today. Productive discussions!,0,user_000669,2025-12-07T05:41:40Z,,
Weekend plans include traveling. Should be fun!,0,user_000234,2025-09-26T10:19:41Z,,
Reminder: webinar is coming up next week. Looking forward to it!,0,user_000761,2026-01-03T15:09:50Z,,
Your package could not be delivered. Reschedule: https://t.co/update798,1,user_000664,2026-01-11T06:41:39Z,,https://t.co/update798
Celebrating birthday with the family today! 🎉,0,user_000882,2025-11-30T20:40:55Z,,https://github.com/article/7956
Beautiful sunset today in California! 🌅 #photography,0,user_000425,2025-09-13T02:36:59Z,,
Just finished reading an interesting article about climate change. Thoughts?,0,user_000941,2026-01-16T07:16:23Z,,
Great meeting with the sales team today. Productive discussions!,0,user_000623,2025-11-02T12:17:59Z,,
Weekend plans include cooking. Should be fun!,0,user_000740,2025-10-20T09:00:43Z,,
Reminder: presentation is coming up next week. Looking forward to it!,0,user_000296,2025-09-15T01:20:47Z,,
Weather update: It's rainy in New York today,0,user_000968,2025-12-20T20:33:38Z,,
Working on a new machine learning project. Exciting times ahead!,0,user_000575,2025-12-04T20:36:03Z,,https://youtube.com/article/5952
Working on a new data analysis project. Exciting times ahead!,0,user_000031,2025-11-11T14:47:59Z,,
Weather update: It's windy in London today,0,user_000332,2025-10-23T14:09:16Z,,
Weekend plans include hiking. Should be fun!,0,user_000520,2026-02-06T10:34:55Z,,
Celebrating promotion with the family today! 🎉,0,user_000621,2025-09-29T10:33:40Z,,
Weekend plans include traveling. Should be fun!,0,user_000225,2026-01-18T13:38:39Z,,https://twitter.com/article/2833
Great meeting with the sales team today. Productive discussions!,0,user_000667,2025-08-19T09:32:15Z,,https://github.com/article/2467
Reminder: webinar is coming up next week. Looking forward to it!,0,user_000640,2025-12-30T15:17:18Z,,https://news.bbc.co.uk/article/5112
Working on a new research project. Exciting times ahead!,0,user_000021,2026-01-30T03:42:31Z,,
RT @user_000121: RT @user_000480: Weekend plans include traveling. Should be fun!,0,user_000215,2025-08-21T10:02:57Z,user_000121,https://linkedin.com/article/7035
Security Alert: Suspicious activity on your Microsoft. Confirm identity: https://secure-verify.net/confirm848,1,user_000665,2025-11-04T19:17:50Z,,https://secure-verify.net/confirm848
Great meeting with the engineering team today. Productive discussions!,0,user_000410,2025-10-26T07:57:54Z,,
RT @user_000228: Final Notice: Apple account expires today. Renew now: https://account-update.org/verify951,1,user_000199,2026-01-12T12:10:22Z,user_000228,https://account-update.org/verify951
Reading about renewable energy - fascinating developments in the field,0,user_000362,2025-08-26T18:15:23Z,,
RT @user_000474: RT @user_000501: Working on a new research project. Exciting times ahead!,0,user_000426,2025-09-14T18:29:18Z,user_000474,https://linkedin.com/article/6371
Weather update: It's rainy in London today,0,user_000617,2025-11-20T18:18:36Z,,
Celebrating promotion with the family today! 🎉,0,user_000860,2025-12-11T06:44:34Z,,https://youtube.com/article/4029
Weather update: It's cloudy in Sydney today,0,user_000041,2025-12-27T11:16:40Z,,
Coffee break thoughts: innovation drives progress What do you think?,0,user_000494,2025-12-24T15:48:33Z,,https://youtube.com/article/8086
Weekend plans include cooking. Should be fun!,0,user_000842,2025-10-17T13:47:12Z,,https://twitter.com/article/8181
Just finished reading an interesting article about technology trends. Thoughts?,0,user_000242,2025-10-22T13:02:44Z,,https://youtube.com/article/7692
Working on a new mobile app project. Exciting times ahead!,0,user_000551,2025-10-16T17:06:23Z,,
Weekend plans include coding. Should be fun!,0,user_000426,2025-11-07T11:08:43Z,,
Great meeting with the product team today. Productive discussions!,0,user_000072,2025-11-27T23:13:49Z,,https://news.bbc.co.uk/article/1789
RT @user_000215: RT @user_000121: RT @user_000480: Weekend plans include traveling. Should be fun!,0,user_000743,2026-01-20T23:51:02Z,user_000215,https://linkedin.com/article/7035
Coffee break thoughts: learning never stops What do you think?,0,user_000860,2026-01-09T13:49:14Z,,
Security Alert: Suspicious activity on your Bank of America. Confirm identity: https://short.link/claim605,1,user_000216,2026-01-16T07:30:23Z,,https://short.link/claim605
Beautiful sunset today in California! 🌅 #photography,0,user_000538,2025-09-17T03:29:16Z,,https://news.bbc.co.uk/article/9211
Reminder: conference is coming up next week. Looking forward to it!,0,user_000790,2025-09-11T09:01:56Z,,https://medium.com/article/1079
Congratulations! You've won a iPhone 15! Claim now: https://t.co/confirm456 Limited time offer!,1,user_000344,2025-12-20T01:41:59Z,,https://t.co/confirm456
🚨 URGENT: Your Amazon account has been flagged! Verify immediately: https://tinyurl.com/confirm754,1,user_000719,2026-01-25T00:54:35Z,,https://tinyurl.com/confirm754
Great meeting with the marketing team today. Productive discussions!,0,user_000017,2025-11-11T04:30:37Z,,
Coffee break thoughts: innovation drives progress What do you think?,0,user_000309,2025-12-24T04:25:42Z,,https://cnn.com/article/8907
Coffee break thoughts: learning never stops What do you think?,0,user_000416,2026-02-03T16:05:24Z,,https://linkedin.com/article/2868
Reminder: webinar is coming up next week. Looking forward to it!,0,user_000847,2025-09-04T18:52:55Z,,
Great meeting with the marketing team today. Productive discussions!,0,user_000250,2025-11-24T19:32:32Z,,
Coffee break thoughts: collaboration is key What do you think?,0,user_000901,2026-02-04T11:50:30Z,,
Just finished reading an interesting article about AI. Thoughts?,0,user_000242,2025-09-02T17:13:48Z,,https://github.com/article/5896
Weather update: It's cloudy in New York today,0,user_000887,2025-11-06T19:38:23Z,,
Coffee break thoughts: collaboration is key What do you think?,0,user_000204,2025-10-10T13:59:12Z,,
Weather update: It's rainy in New York today,0,user_000051,2025-10-04T17:07:06Z,,
Beautiful sunset today in New York! 🌅 #photography,0,user_000461,2025-08-24T00:36:29Z,,
Beautiful sunset today in London! 🌅 #photography,0,user_000017,2026-01-04T03:35:24Z,,
Reading about space exploration - fascinating developments in the field,0,user_000928,2025-09-25T13:28:02Z,,
Great meeting with the product team today. Productive discussions!,0,user_000550,2025-11-27T20:36:41Z,,
Great meeting with the sales team today. Productive discussions!,0,user_000382,2025-10-09T16:25:18Z,,
Weekend plans include hiking. Should be fun!,0,user_000078,2026-02-06T08:45:15Z,,
BREAKING: Google is giving away laptop! Get yours: https://short.link/update562,1,user_000469,2026-02-02T00:57:28Z,,https://short.link/update562
Weekend plans include cooking. Should be fun!,0,user_000201,2025-11-15T16:42:24Z,,
Reminder: conference is coming up next week. Looking forward to it!,0,user_000575,2025-12-25T23:15:15Z,,
Celebrating birthday with the family today! 🎉,0,user_000568,2026-01-12T23:48:55Z,,
Beautiful sunset today in Tokyo! 🌅 #photography,0,user_000470,2026-01-26T21:40:57Z,,
Working on a new mobile app project. Exciting times ahead!,0,user_000282,2026-02-05T01:08:41Z,,
Weather update: It's snowy in California today,0,user_000170,2025-09-25T12:08:32Z,,
Weather update: It's sunny in California today,0,user_000893,2025-10-23T13:54:49Z,,
Weather update: It's rainy in New York today,0,user_000847,2025-11-24T20:09:01Z,,
Beautiful sunset today in California! 🌅 #photography,0,user_000234,2025-11-12T12:10:59Z,,https://news.bbc.co.uk/article/9046
Weekend plans include cooking. Should be fun!,0,user_000795,2026-01-22T20:12:44Z,,
Coffee break thoughts: innovation drives progress What do you think?,0,user_000850,2025-10-08T03:36:36Z,,
Your package could not be delivered. Reschedule: https://tinyurl.com/secure357,1,user_000978,2025-12-20T21:57:53Z,,https://tinyurl.com/secure357
Just finished reading an interesting article about renewable energy. Thoughts?,0,user_000560,2026-01-22T17:47:46Z,,
RT @user_000978: Your package could not be delivered. Reschedule: https://tinyurl.com/secure357,1,user_000199,2025-11-09T03:00:20Z,user_000978,https://tinyurl.com/secure357
RT @user_000072: Great meeting with the product team today. Productive discussions!,0,user_000256,2026-01-13T12:36:13Z,user_000072,https://news.bbc.co.uk/article/1789
Coffee break thoughts: innovation drives progress What do you think?,0,user_000478,2025-10-08T23:10:28Z,,
RT @user_000020: Weather update: It's rainy in London today,0,user_000461,2025-12-22T08:21:12Z,user_000020,
Celebrating anniversary with the family today! 🎉,0,user_000985,2025-10-29T03:34:21Z,,
RT @user_000667: Great meeting with the sales team today. Productive discussions!,0,user_000821,2025-10-02T05:41:14Z,user_000667,https://github.com/article/2467
Weekend plans include hiking. Should be fun!,0,user_000336,2025-10-29T07:06:14Z,,
Beautiful sunset today in Sydney! 🌅 #photography,0,user_000860,2025-10-26T16:37:20Z,,https://wikipedia.org/article/5599
Celebrating promotion with the family today! 🎉,0,user_000193,2025-10-21T01:53:09Z,,
Great meeting with the marketing team today. Productive discussions!,0,user_000281,2025-10-24T16:28:13Z,,
Weekend plans include cooking. Should be fun!,0,user_000378,2025-12-11T08:28:39Z,,
Weather update: It's rainy in Tokyo today,0,user_000781,2025-09-20T18:18:35Z,,
Weekend plans include coding. Should be fun!,0,user_000971,2025-12-29T18:56:34Z,,https://twitter.com/article/9057
RT @user_000020: Weather update: It's rainy in London today,0,user_000030,2025-10-09T22:09:24Z,user_000020,
Weather update: It's windy in California today,0,user_000481,2025-12-02T03:48:05Z,,
Weekend plans include coding. Should be fun!,0,user_000943,2026-01-06T01:04:13Z,,
BREAKING: Tesla is giving away vacation package! Get yours: https://t.co/verify507,1,user_000058,2025-09-01T00:53:27Z,,https://t.co/verify507
RT @user_000550: Great meeting with the engineering team today. Productive discussions!,0,user_000425,2025-12-15T16:13:23Z,user_000550,https://linkedin.com/article/2457
Reminder: conference is coming up next week. Looking forward to it!,0,user_000138,2026-01-21T20:04:05Z,,
Weekend plans include reading. Should be fun!,0,user_000664,2025-11-20T22:16:17Z,,https://linkedin.com/article/8720
RT @user_000362: Reading about renewable energy - fascinating developments in the field,0,user_000373,2026-02-06T14:53:00Z,user_000362,
Great meeting with the sales team today. Productive discussions!,0,user_000368,2025-10-29T18:43:03Z,,
Working on a new mobile app project. Exciting times ahead!,0,user_000444,2026-01-10T15:30:02Z,,
Just finished reading an interesting article about AI. Thoughts?,0,user_000068,2026-01-23T21:35:23Z,,https://news.bbc.co.uk/article/7923
Celebrating birthday with the family today! 🎉,0,user_000532,2025-12-09T21:09:51Z,,
Working on a new website project. Exciting times ahead!,0,user_000493,2025-09-18T20:59:26Z,,https://wikipedia.org/article/1550
Coffee break thoughts: learning never stops What do you think?,0,user_000443,2025-08-31T16:50:13Z,,
Celebrating anniversary with the family today! 🎉,0,user_000863,2025-09-01T17:40:47Z,,
Coffee break thoughts: collaboration is key What do you think?,0,user_000984,2026-01-13T15:10:44Z,,
RT @user_000667: Great meeting with the sales team today. Productive discussions!,0,user_000065,2026-02-10T03:06:25Z,user_000667,https://github.com/article/2467
Great meeting with the sales team today. Productive discussions!,0,user_000719,2025-09-06T15:05:29Z,,
Weekend plans include cooking. Should be fun!,0,user_000037,2025-10-13T16:27:25Z,,
Reminder: meetup is coming up next week. Looking forward to it!,0,user_000383,2025-11-27T19:55:36Z,,
Beautiful sunset today in Tokyo! 🌅 #photography,0,user_000066,2025-12-06T11:47:55Z,,
Just finished reading an interesting article about space exploration. Thoughts?,0,user_000154,2025-10-22T13:09:16Z,,
Weather update: It's snowy in Tokyo today,0,user_000633,2025-12-21T03:57:41Z,,
Great meeting with the design team today. Productive discussions!,0,user_000277,2025-12-18T11:48:25Z,,
Celebrating birthday with the family today! 🎉,0,user_000816,2026-01-23T15:42:16Z,,https://linkedin.com/article/3654
Just finished reading an interesting article about renewable energy. Thoughts?,0,user_000219,2025-09-05T05:13:23Z,,https://medium.com/article/5613
Just finished reading an interesting article about space exploration. Thoughts?,0,user_000104,2025-11-06T21:21:10Z,,
Weather update: It's snowy in Sydney today,0,user_000323,2026-01-20T20:23:21Z,,
Reminder: meetup is coming up next week. Looking forward to it!,0,user_000985,2025-10-31T14:51:58Z,,
Weather update: It's windy in New York today,0,user_000434,2025-12-26T00:16:17Z,,https://news.bbc.co.uk/article/9435
Reminder: conference is coming up next week. Looking forward to it!,0,user_000661,2025-12-20T10:45:33Z,,
RT @user_000719: 🚨 URGENT: Your Amazon account has been flagged! Verify immediately: https://tinyurl.com/confirm754,1,user_000164,2025-10-22T22:46:59Z,user_000719,https://tinyurl.com/confirm754
Security Alert: Suspicious activity on your Bank of America. Confirm identity: https://claim-reward.org/update131,1,user_000358,2025-12-19T13:17:36Z,,https://claim-reward.org/update131
Working on a new website project. Exciting times ahead!,0,user_000824,2026-01-23T13:47:03Z,,
Celebrating birthday with the family today! 🎉,0,user_000802,2025-10-14T08:54:06Z,,
Tax refund of $850 pending. Claim here: https://verify-now.net/secure619,1,user_000376,2025-10-11T08:19:37Z,,https://verify-now.net/secure619
Beautiful sunset today in Tokyo! 🌅 #photography,0,user_000367,2025-09-13T15:29:09Z,,
Weather update: It's snowy in New York today,0,user_000153,2025-09-24T11:41:32Z,,
RT @user_000358: Security Alert: Suspicious activity on your Bank of America. Confirm identity: https://claim-reward.org/update131,1,user_000947,2025-10-23T15:47:21Z,user_000358,https://claim-reward.org/update131
Beautiful sunset today in Tokyo! 🌅 #photography,0,user_000746,2026-01-12T13:39:07Z,,
Great meeting with the product team today. Productive discussions!,0,user_000451,2026-01-02T15:18:51Z,,https://medium.com/article/8531
Working on a new mobile app project. Exciting times ahead!,0,user_000113,2026-01-12T21:44:45Z,,
Reminder: meetup is coming up next week. Looking forward to it!,0,user_000167,2025-11-08T07:22:14Z,,https://cnn.com/article/1285
Just finished reading an interesting article about space exploration. Thoughts?,0,user_000628,2025-10-19T07:54:43Z,,
Celebrating achievement with the family today! 🎉,0,user_000679,2025-10-04T11:07:00Z,,
Coffee break thoughts: collaboration is key What do you think?,0,user_000848,2026-01-28T14:09:16Z,,
Coffee break thoughts: collaboration is key What do you think?,0,user_000008,2025-09-11T08:49:55Z,,
🚨 URGENT: Your PayPal account has been suspended! Verify immediately: https://tinyurl.com/confirm787,1,user_000874,2025-11-24T23:52:56Z,,https://tinyurl.com/confirm787
Reminder: presentation is coming up next week. Looking forward to it!,0,user_000164,2025-10-11T07:11:45Z,,
Tax refund of $850 pending. Claim here: https://account-update.org/claim169,1,user_000512,2025-10-25T15:24:04Z,,https://account-update.org/claim169
Working on a new research project. Exciting times ahead!,0,user_000449,2025-08-21T10:40:55Z,,
Working on a new research project. Exciting times ahead!,0,user_000661,2026-01-03T11:03:42Z,,
Celebrating birthday with the family today! 🎉,0,user_000901,2025-12-22T09:54:42Z,,
Great meeting with the product team today. Productive discussions!,0,user_000464,2025-12-30T17:54:41Z,,
Reading about climate change - fascinating developments in the field,0,user_000682,2025-09-03T03:40:29Z,,https://twitter.com/article/7256
Beautiful sunset today in Tokyo! 🌅 #photography,0,user_000753,2025-09-01T12:40:22Z,,
Coffee break thoughts: collaboration is key What do you think?,0,user_000894,2025-08-25T03:40:32Z,,
🚨 URGENT: Your Microsoft account has been flagged! Verify immediately: https://short.link/claim113,1,user_000844,2025-09-09T03:46:10Z,,https://short.link/claim113
Reading about space exploration - fascinating developments in the field,0,user_000573,2025-10-07T21:29:48Z,,
Reminder: meetup is coming up next week. Looking forward to it!,0,user_000713,2025-09-14T17:40:08Z,,
Just finished reading an interesting article about space exploration. Thoughts?,0,user_000992,2025-12-02T04:12:47Z,,
Celebrating achievement with the family today! 🎉,0,user_000012,2026-01-08T10:00:12Z,,
⚠️ Account Locked: Your Facebook needs immediate verification: https://secure-verify.net/verify281,1,user_000091,2025-10-05T22:14:35Z,,https://secure-verify.net/verify281
Celebrating achievement with the family today! 🎉,0,user_000832,2025-10-11T19:19:20Z,,
Weather update: It's sunny in Tokyo today,0,user_000175,2025-12-28T03:42:21Z,,
Coffee break thoughts: innovation drives progress What do you think?,0,user_000308,2025-12-19T11:40:43Z,,
Great meeting with the marketing team today. Productive discussions!,0,user_000698,2025-09-17T18:00:08Z,,
Working on a new website project. Exciting times ahead!,0,user_000645,2025-10-10T23:10:53Z,,https://linkedin.com/article/1015
RT @user_000256: RT @user_000072: Great meeting with the product team today. Productive discussions!,0,user_000212,2025-10-01T06:33:10Z,user_000256,https://news.bbc.co.uk/article/1789
Weather update: It's windy in London today,0,user_000507,2025-11-09T11:49:17Z,,
Working on a new data analysis project. Exciting times ahead!,0,user_000528,2025-10-14T09:11:30Z,,https://medium.com/article/7007
Coffee break thoughts: learning never stops What do you think?,0,user_000968,2025-12-20T21:34:59Z,,https://techcrunch.com/article/1332
Celebrating anniversary with the family today! 🎉,0,user_000513,2026-01-10T03:53:11Z,,https://linkedin.com/article/4315
RT @user_000850: Coffee break thoughts: innovation drives progress What do you think?,0,user_000403,2025-12-07T12:27:07Z,user_000850,
Reminder: webinar is coming up next week. Looking forward to it!,0,user_000936,2025-11-28T10:20:25Z,,https://twitter.com/article/2556
RT @user_000863: Celebrating anniversary with the family today! 🎉,0,user_000994,2025-12-19T17:32:54Z,user_000863,
⚠️ Account Locked: Your Microsoft needs immediate verification: https://bit.ly/verify287,1,user_000228,2025-08-22T01:32:03Z,,https://bit.ly/verify287
Reminder: workshop is coming up next week. Looking forward to it!,0,user_000841,2025-11-02T03:47:48Z,,
Reading about climate change - fascinating developments in the field,0,user_000452,2026-01-15T23:32:35Z,,
Just finished reading an interesting article about AI. Thoughts?,0,user_000065,2025-12-25T01:05:40Z,,https://cnn.com/article/2108
Celebrating anniversary with the family today! 🎉,0,user_000625,2025-10-07T02:40:22Z,,
Congratulations! You've won a smart TV! Claim now: https://t.co/confirm918 Limited time offer!,1,user_000008,2025-08-19T18:32:17Z,,https://t.co/confirm918
RT @user_000943: Weekend plans include coding. Should be fun!,0,user_000394,2025-12-02T23:18:26Z,user_000943,
RT @user_000968: Coffee break thoughts: learning never stops What do you think?,0,user_000574,2025-10-03T23:34:22Z,user_000968,https://techcrunch.com/article/1332
Working on a new research project. Exciting times ahead!,0,user_000110,2026-01-28T17:15:49Z,,https://cnn.com/article/7511
Weekend plans include coding. Should be fun!,0,user_000164,2025-10-13T11:20:06Z,,https://youtube.com/article/6838
Just finished reading an interesting article about AI. Thoughts?,0,user_000797,2025-08-24T00:48:36Z,,
Reading about technology trends - fascinating developments in the field,0,user_000476,2025-10-02T14:27:35Z,,https://cnn.com/article/1972
Great meeting with the design team today. Productive discussions!,0,user_000324,2025-11-21T04:03:08Z,,https://twitter.com/article/5197
Celebrating anniversary with the family today! 🎉,0,user_000949,2025-10-08T18:42:53Z,,
Reminder: meetup is coming up next week. Looking forward to it!,0,user_000480,2025-10-17T02:16:07Z,,
Just finished reading an interesting article about space exploration. Thoughts?,0,user_000880,2025-12-05T04:19:29Z,,
Reminder: workshop is coming up next week. Looking forward to it!,0,user_000666,2025-10-05T01:10:51Z,,
Coffee break thoughts: innovation drives progress What do you think?,0,user_000532,2026-01-09T10:32:16Z,,
Coffee break thoughts: collaboration is key What do you think?,0,user_000169,2026-01-27T22:31:47Z,,https://wikipedia.org/article/8667
Reading about renewable energy - fascinating developments in the field,0,user_000827,2025-11-15T17:49:53Z,,
Weather update: It's rainy in Sydney today,0,user_000108,2025-11-17T22:35:28Z,,
Weekend plans include traveling. Should be fun!,0,user_000448,2025-10-11T14:44:34Z,,
Working on a new data analysis project. Exciting times ahead!,0,user_000327,2025-11-01T20:04:46Z,,
Great meeting with the sales team today. Productive discussions!,0,user_000613,2025-10-21T06:43:31Z,,https://medium.com/article/5320
Coffee break thoughts: collaboration is key What do you think?,0,user_000538,2026-02-11T16:50:56Z,,
RT @user_000367: Beautiful sunset today in Tokyo! 🌅 #photography,0,user_000517,2025-10-01T17:02:48Z,user_000367,
Beautiful sunset today in Tokyo! 🌅 #photography,0,user_000288,2025-10-07T05:12:38Z,,
Just finished reading an interesting article about space exploration. Thoughts?,0,user_000858,2025-08-28T12:51:26Z,,
"Tax refund of $2,100 pending. Claim here: https://urgent-action.com/secure698",1,user_000757,2025-11-24T09:07:50Z,,https://urgent-action.com/secure698
Reading about space exploration - fascinating developments in the field,0,user_000838,2026-02-13T05:41:08Z,,
Weather update: It's windy in Sydney today,0,user_000653,2025-10-20T07:03:48Z,,
Tax refund of $500 pending. Claim here: https://bit.ly/claim809,1,user_000828,2025-09-25T12:31:15Z,,https://bit.ly/claim809
Great meeting with the sales team today. Productive discussions!,0,user_000873,2025-09-26T16:11:48Z,,
Reading about renewable energy - fascinating developments in the field,0,user_000692,2025-09-29T00:10:47Z,,https://wikipedia.org/article/1009
Great meeting with the marketing team today. Productive discussions!,0,user_000025,2025-12-18T19:16:14Z,,
Working on a new machine learning project. Exciting times ahead!,0,user_000187,2025-10-17T15:31:29Z,,https://cnn.com/article/6697
⚠️ Account Locked: Your Facebook needs immediate verification: https://bit.ly/update493,1,user_000233,2025-11-11T06:43:04Z,,https://bit.ly/update493
BREAKING: Apple is giving away vacation package! Get yours: https://bit.ly/secure502,1,user_000713,2026-02-03T18:00:55Z,,https://bit.ly/secure502
Just finished reading an interesting article about renewable energy. Thoughts?,0,user_000301,2025-09-18T02:10:56Z,,
RT @user_000008: Congratulations! You've won a smart TV! Claim now: https://t.co/confirm918 Limited time offer!,1,user_000385,2026-02-07T08:47:18Z,user_000008,https://t.co/confirm918
Working on a new data analysis project. Exciting times ahead!,0,user_000668,2025-09-09T01:12:11Z,,https://medium.com/article/8267
Weather update: It's sunny in London today,0,user_000261,2025-11-22T07:46:30Z,,
Reminder: presentation is coming up next week. Looking forward to it!,0,user_000926,2025-12-12T12:24:08Z,,
RT @user_000532: Coffee break thoughts: innovation drives progress What do you think?,0,user_000797,2025-10-28T04:21:10Z,user_000532,
Weekend plans include hiking. Should be fun!,0,user_000329,2025-11-22T06:50:52Z,,https://wikipedia.org/article/3828
Celebrating birthday with the family today! 🎉,0,user_000381,2025-09-12T09:47:37Z,,
Just finished reading an interesting article about AI. Thoughts?,0,user_000320,2025-12-05T01:45:49Z,,https://techcrunch.com/article/1039
RT @user_000816: Celebrating birthday with the family today! 🎉,0,user_000880,2025-10-06T03:26:21Z,user_000816,https://linkedin.com/article/3654
Coffee break thoughts: collaboration is key What do you think?,0,user_000045,2026-01-03T23:35:16Z,,
Beautiful sunset today in London! 🌅 #photography,0,user_000944,2026-01-16T16:49:00Z,,
Weekend plans include coding. Should be fun!,0,user_000314,2025-11-24T20:23:51Z,,
RT @user_000517: RT @user_000367: Beautiful sunset today in Tokyo! 🌅 #photography,0,user_000492,2025-11-02T03:28:36Z,user_000517,
Great meeting with the sales team today. Productive discussions!,0,user_000009,2025-09-06T09:31:53Z,,
Just finished reading an interesting article about technology trends. Thoughts?,0,user_000833,2025-11-01T12:41:12Z,,https://youtube.com/article/9213
Working on a new mobile app project. Exciting times ahead!,0,user_000185,2026-02-12T16:25:13Z,,
Weekend plans include traveling. Should be fun!,0,user_000265,2025-08-21T05:39:06Z,,
Just finished reading an interesting article about space exploration. Thoughts?,0,user_000679,2025-09-11T22:02:24Z,,https://techcrunch.com/article/5444
Celebrating promotion with the family today! 🎉,0,user_000247,2025-09-03T17:56:54Z,,https://linkedin.com/article/7795
Beautiful sunset today in Tokyo! 🌅 #photography,0,user_000053,2026-02-01T19:37:34Z,,https://techcrunch.com/article/6642
Security Alert: Suspicious activity on your PayPal. Confirm identity: https://claim-reward.org/update471,1,user_000687,2025-10-09T14:00:27Z,,https://claim-reward.org/update471
Great meeting with the marketing team today. Productive discussions!,0,user_000666,2026-02-01T00:17:31Z,,
Reading about climate change - fascinating developments in the field,0,user_000243,2025-11-25T13:03:58Z,,
🚨 URGENT: Your Facebook account has been flagged! Verify immediately: https://tinyurl.com/confirm557,1,user_000997,2025-09-24T05:31:42Z,,https://tinyurl.com/confirm557
Weather update: It's cloudy in California today,0,user_000511,2026-01-15T03:51:24Z,,
Weather update: It's sunny in Sydney today,0,user_000807,2025-11-10T12:43:28Z,,https://twitter.com/article/2747
Reminder: presentation is coming up next week. Looking forward to it!,0,user_000755,2025-10-21T23:11:38Z,,
Weekend plans include traveling. Should be fun!,0,user_000115,2025-10-04T12:19:46Z,,
RT @user_000807: Weather update: It's sunny in Sydney today,0,user_000175,2026-01-19T15:42:49Z,user_000807,https://twitter.com/article/2747
Celebrating birthday with the family today! 🎉,0,user_000408,2026-01-03T23:19:33Z,,
Weather update: It's windy in California today,0,user_000582,2025-09-25T20:16:08Z,,https://twitter.com/article/5600
Great meeting with the engineering team today. Productive discussions!,0,user_000139,2026-01-05T02:09:15Z,,
Great meeting with the sales team today. Productive discussions!,0,user_000904,2025-11-21T11:52:43Z,,
Just finished reading an interesting article about AI. Thoughts?,0,user_000362,2025-10-10T15:21:50Z,,
Great meeting with the engineering team today. Productive discussions!,0,user_000344,2025-09-11T18:50:21Z,,
Reminder: webinar is coming up next week. Looking forward to it!,0,user_000826,2025-09-28T22:42:44Z,,https://youtube.com/article/4850
Weather update: It's cloudy in New York today,0,user_000903,2025-09-05T13:01:20Z,,
Security Alert: Suspicious activity on your Microsoft. Confirm identity: https://verify-now.net/verify907,1,user_000379,2025-11-20T02:54:51Z,,https://verify-now.net/verify907
Celebrating birthday with the family today! 🎉,0,user_000164,2025-10-29T03:45:03Z,,
Just finished reading an interesting article about renewable energy. Thoughts?,0,user_000654,2026-01-08T13:14:21Z,,https://linkedin.com/article/4231
Reading about AI - fascinating developments in the field,0,user_000696,2025-10-09T16:40:43Z,,
Beautiful sunset today in London! 🌅 #photography,0,user_000838,2025-11-03T07:45:10Z,,
RT @user_000828: Tax refund of $500 pending. Claim here: https://bit.ly/claim809,1,user_000042,2025-08-21T20:30:44Z,user_000828,https://bit.ly/claim809
Beautiful sunset today in Tokyo! 🌅 #photography,0,user_000158,2026-01-28T14:52:46Z,,
Weather update: It's rainy in California today,0,user_000290,2025-10-19T04:26:42Z,,
Just finished reading an interesting article about technology trends. Thoughts?,0,user_000164,2025-11-01T05:58:56Z,,
Coffee break thoughts: innovation drives progress What do you think?,0,user_000495,2025-09-12T15:18:47Z,,
Celebrating promotion with the family today! 🎉,0,user_000653,2025-12-31T06:03:49Z,,https://twitter.com/article/5091
Weather update: It's cloudy in Tokyo today,0,user_000427,2025-09-18T00:57:53Z,,
Coffee break thoughts: learning never stops What do you think?,0,user_000115,2025-09-30T21:52:47Z,,
Reading about AI - fascinating developments in the field,0,user_000637,2025-11-06T08:49:08Z,,
Celebrating anniversary with the family today! 🎉,0,user_000023,2025-12-03T13:41:00Z,,
RT @user_000645: Working on a new website project. Exciting times ahead!,0,user_000698,2025-11-29T12:31:29Z,user_000645,https://linkedin.com/article/1015
Celebrating birthday with the family today! 🎉,0,user_000326,2026-01-23T04:35:30Z,,
Great meeting with the sales team today. Productive discussions!,0,user_000135,2025-10-02T02:11:10Z,,
Working on a new machine learning project. Exciting times ahead!,0,user_000517,2025-11-20T19:28:37Z,,
Great meeting with the design team today. Productive discussions!,0,user_000233,2026-01-11T14:02:32Z,,https://wikipedia.org/article/3696
Weekend plans include cooking. Should be fun!,0,user_000336,2025-12-07T17:56:18Z,,https://news.bbc.co.uk/article/2245
Weekend plans include cooking. Should be fun!,0,user_000525,2025-11-29T07:34:57Z,,https://techcrunch.com/article/5883
Weekend plans include coding. Should be fun!,0,user_000277,2025-10-08T21:38:54Z,,
Celebrating promotion with the family today! 🎉,0,user_000558,2025-10-03T16:05:08Z,,
Final Notice: Google account expires today. Renew now: https://verify-now.net/claim555,1,user_000258,2025-12-03T02:45:44Z,,https://verify-now.net/claim555
Reading about climate change - fascinating developments in the field,0,user_000414,2025-08-21T00:52:15Z,,
Celebrating birthday with the family today! 🎉,0,user_000816,2026-02-14T08:59:06Z,,
Reading about climate change - fascinating developments in the field,0,user_000428,2025-10-29T20:33:38Z,,
Limited Time: Get laptop absolutely FREE! Click here: https://secure-verify.net/confirm786,1,user_000184,2025-09-23T17:56:54Z,,https://secure-verify.net/confirm786
RT @user_000755: Reminder: presentation is coming up next week. Looking forward to it!,0,user_000547,2025-10-05T17:14:30Z,user_000755,
Coffee break thoughts: collaboration is key What do you think?,0,user_000748,2025-10-22T16:40:31Z,,
Weather update: It's sunny in Sydney today,0,user_000699,2025-12-15T12:24:53Z,,
RT @user_000009: Great meeting with the sales team today. Productive discussions!,0,user_000706,2025-12-26T21:18:41Z,user_000009,
Limited Time: Get vacation package absolutely FREE! Click here: https://secure-verify.net/secure698,1,user_000376,2025-09-05T05:36:51Z,,https://secure-verify.net/secure698
Reading about technology trends - fascinating developments in the field,0,user_000902,2025-10-28T10:34:22Z,,
Working on a new machine learning project. Exciting times ahead!,0,user_000050,2025-11-06T00:27:54Z,,
Coffee break thoughts: collaboration is key What do you think?,0,user_000613,2025-10-01T05:19:31Z,,
Beautiful sunset today in California! 🌅 #photography,0,user_000945,2025-08-19T03:19:33Z,,
Coffee break thoughts: innovation drives progress What do you think?,0,user_000705,2025-11-08T20:41:12Z,,
Celebrating promotion with the family today! 🎉,0,user_000442,2026-02-12T03:10:58Z,,
Weather update: It's rainy in London today,0,user_000942,2025-12-16T00:58:53Z,,
RT @user_000827: Reading about renewable energy - fascinating developments in the field,0,user_000213,2025-09-16T13:51:45Z,user_000827,
Great meeting with the marketing team today. Productive discussions!,0,user_000926,2025-12-26T23:12:10Z,,
BREAKING: Apple is giving away vacation package! Get yours: https://secure-verify.net/claim547,1,user_000689,2025-11-12T04:13:10Z,,https://secure-verify.net/claim547
Final Notice: PayPal account expires today. Renew now: https://secure-verify.net/confirm408,1,user_000124,2025-12-18T05:50:34Z,,https://secure-verify.net/confirm408
Just finished reading an interesting article about space exploration. Thoughts?,0,user_000168,2025-10-01T09:22:42Z,,
Great meeting with the marketing team today. Productive discussions!,0,user_000718,2025-09-30T13:11:04Z,,https://cnn.com/article/3699
Working on a new research project. Exciting times ahead!,0,user_000894,2025-12-11T13:04:55Z,,https://youtube.com/article/7667
Coffee break thoughts: collaboration is key What do you think?,0,user_000461,2025-09-08T21:49:44Z,,
RT @user_000547: RT @user_000755: Reminder: presentation is coming up next week. Looking forward to it!,0,user_000491,2026-02-08T02:44:00Z,user_000547,
Working on a new website project. Exciting times ahead!,0,user_000949,2025-11-11T22:21:20Z,,https://techcrunch.com/article/1895
Beautiful sunset today in Sydney! 🌅 #photography,0,user_000121,2026-01-19T09:32:02Z,,
Weather update: It's windy in Sydney today,0,user_000569,2026-01-12T22:10:44Z,,
Great meeting with the marketing team today. Productive discussions!,0,user_000301,2025-10-08T14:52:25Z,,
Weather update: It's cloudy in Sydney today,0,user_000622,2025-12-27T08:45:26Z,,
Reading about renewable energy - fascinating developments in the field,0,user_000979,2025-10-05T12:29:10Z,,https://techcrunch.com/article/9290
Working on a new website project. Exciting times ahead!,0,user_000811,2026-01-20T08:43:48Z,,
Working on a new research project. Exciting times ahead!,0,user_000640,2025-11-30T05:13:12Z,,
Beautiful sunset today in London! 🌅 #photography,0,user_000109,2025-11-04T16:51:17Z,,
RT @user_000689: BREAKING: Apple is giving away vacation package! Get yours: https://secure-verify.net/claim547,1,user_000625,2025-10-17T05:36:34Z,user_000689,https://secure-verify.net/claim547
Coffee break thoughts: innovation drives progress What do you think?,0,user_000654,2026-02-05T05:13:14Z,,
Reading about technology trends - fascinating developments in the field,0,user_000271,2025-11-13T07:42:30Z,,
Working on a new data analysis project. Exciting times ahead!,0,user_000844,2025-11-24T15:20:03Z,,https://youtube.com/article/4176
Weather update: It's sunny in Tokyo today,0,user_000565,2025-09-11T14:51:13Z,,
Weekend plans include reading. Should be fun!,0,user_000168,2025-12-23T16:17:40Z,,
Coffee break thoughts: innovation drives progress What do you think?,0,user_000564,2026-02-03T08:04:35Z,,https://twitter.com/article/7599
Weekend plans include traveling. Should be fun!,0,user_000377,2025-10-27T10:51:59Z,,
Weekend plans include coding. Should be fun!,0,user_000938,2025-10-13T21:41:17Z,,https://medium.com/article/7186
Working on a new research project. Exciting times ahead!,0,user_000197,2025-09-16T01:55:21Z,,
RT @user_000748: Coffee break thoughts: collaboration is key What do you think?,0,user_000723,2025-08-25T02:08:05Z,user_000748,
Just finished reading an interesting article about AI. Thoughts?,0,user_000584,2025-11-03T11:28:53Z,,https://news.bbc.co.uk/article/9576
Celebrating birthday with the family today! 🎉,0,user_000143,2025-08-29T02:50:30Z,,https://techcrunch.com/article/7411
RT @user_000139: Great meeting with the engineering team today. Productive discussions!,0,user_000275,2025-11-20T07:36:18Z,user_000139,
Coffee break thoughts: innovation drives progress What do you think?,0,user_000525,2025-09-20T07:37:04Z,,
Working on a new website project. Exciting times ahead!,0,user_000246,2025-12-29T10:56:22Z,,https://linkedin.com/article/8430
RT @user_000979: Reading about renewable energy - fascinating developments in the field,0,user_000355,2025-08-28T18:25:50Z,user_000979,https://techcrunch.com/article/9290
Celebrating graduation with the family today! 🎉,0,user_000586,2026-01-27T03:00:39Z,,
Just finished reading an interesting article about renewable energy. Thoughts?,0,user_000794,2026-01-18T23:06:46Z,,
RT @user_000135: Great meeting with the sales team today. Productive discussions!,0,user_000190,2025-09-10T01:59:17Z,user_000135,
Reminder: workshop is coming up next week. Looking forward to it!,0,user_000082,2025-11-01T22:33:44Z,,
Reminder: workshop is coming up next week. Looking forward to it!,0,user_000857,2025-09-04T07:01:55Z,,https://linkedin.com/article/2548
Weather update: It's snowy in New York today,0,user_000559,2025-09-01T22:35:04Z,,
Weather update: It's cloudy in London today,0,user_000037,2025-11-18T06:31:00Z,,
RT @user_000336: Weekend plans include cooking. Should be fun!,0,user_000099,2025-11-08T20:54:14Z,user_000336,https://news.bbc.co.uk/article/2245
Reading about AI - fascinating developments in the field,0,user_000570,2025-09-24T20:41:30Z,,
Weekend plans include traveling. Should be fun!,0,user_000366,2026-01-02T04:26:37Z,,
Celebrating anniversary with the family today! 🎉,0,user_000547,2026-01-06T02:28:51Z,,
RT @user_000511: Weather update: It's cloudy in California today,0,user_000949,2025-10-08T20:29:29Z,user_000511,
RT @user_000121: Beautiful sunset today in Sydney! 🌅 #photography,0,user_000193,2026-01-20T00:45:23Z,user_000121,
Just finished reading an interesting article about AI. Thoughts?,0,user_000215,2025-11-28T01:53:09Z,,https://news.bbc.co.uk/article/1602
Reminder: meetup is coming up next week. Looking forward to it!,0,user_000281,2025-12-25T21:58:31Z,,
Great meeting with the design team today. Productive discussions!,0,user_000484,2025-09-27T14:33:12Z,,
Beautiful sunset today in London! 🌅 #photography,0,user_000582,2025-10-02T01:58:13Z,,https://medium.com/article/8750
Great meeting with the sales team today. Productive discussions!,0,user_000631,2026-01-22T17:32:45Z,,
Reminder: workshop is coming up next week. Looking forward to it!,0,user_000731,2025-10-20T17:01:25Z,,
Great meeting with the engineering team today. Productive discussions!,0,user_000334,2025-12-27T14:01:31Z,,https://wikipedia.org/article/1552
Beautiful sunset today in Sydney! 🌅 #photography,0,user_000824,2026-01-10T20:04:03Z,,
Reminder: meetup is coming up next week. Looking forward to it!,0,user_000478,2025-09-30T22:20:37Z,,https://twitter.com/article/6287
Reading about technology trends - fascinating developments in the field,0,user_000971,2026-01-28T02:47:47Z,,
Weather update: It's sunny in California today,0,user_000937,2025-11-03T21:35:03Z,,https://twitter.com/article/1067
"Tax refund of $2,100 pending. Claim here: https://secure-verify.net/secure678",1,user_000854,2025-10-25T15:09:29Z,,https://secure-verify.net/secure678
Reading about technology trends - fascinating developments in the field,0,user_000378,2025-11-09T08:58:17Z,,
Great meeting with the product team today. Productive discussions!,0,user_000290,2026-01-10T08:07:03Z,,
Beautiful sunset today in Tokyo! 🌅 #photography,0,user_000378,2025-09-28T08:41:28Z,,
Reading about climate change - fascinating developments in the field,0,user_000622,2025-09-10T04:45:45Z,,
Working on a new mobile app project. Exciting times ahead!,0,user_000296,2025-09-22T13:57:25Z,,
Working on a new data analysis project. Exciting times ahead!,0,user_000683,2025-12-22T18:22:50Z,,
Working on a new website project. Exciting times ahead!,0,user_000595,2026-01-30T09:20:13Z,,https://wikipedia.org/article/6395
Weekend plans include reading. Should be fun!,0,user_000358,2025-11-27T17:36:35Z,,
RT @user_000121: Beautiful sunset today in Sydney! 🌅 #photography,0,user_000219,2025-09-08T09:46:58Z,user_000121,
Just finished reading an interesting article about renewable energy. Thoughts?,0,user_000125,2026-01-25T09:59:04Z,,
Just finished reading an interesting article about climate change. Thoughts?,0,user_000765,2026-01-27T00:09:16Z,,
Weather update: It's sunny in California today,0,user_000338,2026-01-24T01:16:39Z,,
Just finished reading an interesting article about renewable energy. Thoughts?,0,user_000632,2025-10-16T05:06:38Z,,https://techcrunch.com/article/4426
Reminder: presentation is coming up next week. Looking forward to it!,0,user_000452,2025-08-30T12:47:01Z,,https://techcrunch.com/article/8278
Weather update: It's rainy in Tokyo today,0,user_000167,2025-11-25T05:38:59Z,,
Beautiful sunset today in Sydney! 🌅 #photography,0,user_000400,2026-01-07T05:42:09Z,,
Coffee break thoughts: collaboration is key What do you think?,0,user_000359,2025-09-07T03:04:19Z,,
RT @user_000816: Celebrating birthday with the family today! 🎉,0,user_000740,2025-09-05T05:50:50Z,user_000816,
RT @user_000559: Weather update: It's snowy in New York today,0,user_000238,2025-12-29T16:44:08Z,user_000559,
Just finished reading an interesting article about climate change. Thoughts?,0,user_000601,2025-10-13T08:08:08Z,,
Security Alert: Suspicious activity on your Apple. Confirm identity: https://tinyurl.com/claim286,1,user_000411,2025-11-10T10:58:05Z,,https://tinyurl.com/claim286
BREAKING: Apple is giving away smart TV! Get yours: https://bit.ly/claim436,1,user_000791,2026-01-04T18:43:23Z,,https://bit.ly/claim436
Weekend plans include hiking. Should be fun!,0,user_000936,2025-10-18T13:52:28Z,,https://medium.com/article/8377
Coffee break thoughts: learning never stops What do you think?,0,user_000015,2025-12-31T23:55:52Z,,
Great meeting with the design team today. Productive discussions!,0,user_000963,2025-08-20T12:24:07Z,,https://github.com/article/6154
RT @user_000601: Just finished reading an interesting article about climate change. Thoughts?,0,user_000138,2026-02-04T04:38:14Z,user_000601,
RT @user_000168: Weekend plans include reading. Should be fun!,0,user_000446,2025-08-21T06:43:30Z,user_000168,
RT @user_000971: Reading about technology trends - fascinating developments in the field,0,user_000068,2025-11-05T13:00:38Z,user_000971,
RT @user_000631: Great meeting with the sales team today. Productive discussions!,0,user_000566,2026-01-09T01:07:58Z,user_000631,
Celebrating achievement with the family today! 🎉,0,user_000576,2025-10-04T07:17:05Z,,https://wikipedia.org/article/7109
Beautiful sunset today in Tokyo! 🌅 #photography,0,user_000058,2026-01-01T16:33:00Z,,https://cnn.com/article/8091
BREAKING: Amazon is giving away vacation package! Get yours: https://click.me/claim202,1,user_000179,2025-10-31T09:12:54Z,,https://click.me/claim202
Coffee break thoughts: collaboration is key What do you think?,0,user_000110,2025-12-19T12:14:13Z,,https://github.com/article/6051
Reading about renewable energy - fascinating developments in the field,0,user_000692,2025-08-22T12:50:53Z,,
Coffee break thoughts: innovation drives progress What do you think?,0,user_000660,2025-12-21T16:55:14Z,,
Limited Time: Get laptop absolutely FREE! Click here: https://account-update.org/update974,1,user_000791,2025-10-20T02:28:14Z,,https://account-update.org/update974
Coffee break thoughts: collaboration is key What do you think?,0,user_000070,2025-12-31T10:46:37Z,,https://cnn.com/article/3077
Weekend plans include traveling. Should be fun!,0,user_000196,2025-09-09T15:13:57Z,,
Just finished reading an interesting article about renewable energy. Thoughts?,0,user_000520,2026-01-18T07:41:19Z,,
Celebrating anniversary with the family today! 🎉,0,user_000541,2026-01-29T21:36:43Z,,https://cnn.com/article/5964
Just finished reading an interesting article about space exploration. Thoughts?,0,user_000474,2025-11-15T15:21:41Z,,
Reminder: meetup is coming up next week. Looking forward to it!,0,user_000117,2025-10-04T15:29:34Z,,https://cnn.com/article/5376
Weather update: It's windy in California today,0,user_000858,2025-12-18T00:24:37Z,,
Coffee break thoughts: collaboration is key What do you think?,0,user_000329,2026-02-14T06:57:58Z,,
Reading about space exploration - fascinating developments in the field,0,user_000082,2025-08-29T15:29:57Z,,
Celebrating anniversary with the family today! 🎉,0,user_000972,2025-12-06T05:10:20Z,,https://wikipedia.org/article/9122
Celebrating anniversary with the family today! 🎉,0,user_000368,2025-09-02T00:14:20Z,,https://wikipedia.org/article/8712
RT @user_000246: Working on a new website project. Exciting times ahead!,0,user_000333,2025-12-09T04:19:00Z,user_000246,https://linkedin.com/article/8430
Celebrating anniversary with the family today! 🎉,0,user_000974,2025-12-08T17:36:11Z,,
Working on a new mobile app project. Exciting times ahead!,0,user_000584,2025-12-13T01:41:24Z,,
Weather update: It's sunny in New York today,0,user_000248,2025-11-10T13:52:08Z,,
Great meeting with the engineering team today. Productive discussions!,0,user_000521,2025-10-04T16:56:26Z,,
RT @user_000525: Coffee break thoughts: innovation drives progress What do you think?,0,user_000790,2026-01-23T17:11:04Z,user_000525,
Weather update: It's snowy in Sydney today,0,user_000134,2025-11-03T06:25:24Z,,https://linkedin.com/article/8266
Reminder: presentation is coming up next week. Looking forward to it!,0,user_000865,2025-09-19T19:58:58Z,,
Celebrating promotion with the family today! 🎉,0,user_000820,2026-01-27T18:15:23Z,,https://medium.com/article/1295
Beautiful sunset today in New York! 🌅 #photography,0,user_000826,2025-09-13T19:05:26Z,,https://techcrunch.com/article/1299
Reading about climate change - fascinating developments in the field,0,user_000803,2025-09-30T18:14:50Z,,
Weather update: It's cloudy in New York today,0,user_000082,2026-01-29T09:50:26Z,,
Just finished reading an interesting article about renewable energy. Thoughts?,0,user_000941,2026-01-21T08:44:26Z,,
Reading about climate change - fascinating developments in the field,0,user_000021,2025-09-21T00:14:20Z,,
Weekend plans include traveling. Should be fun!,0,user_000969,2025-10-22T15:06:12Z,,
RT @user_000692: Reading about renewable energy - fascinating developments in the field,0,user_000544,2025-09-03T20:31:28Z,user_000692,
RT @user_000099: RT @user_000336: Weekend plans include cooking. Should be fun!,0,user_000048,2025-11-05T13:44:22Z,user_000099,https://news.bbc.co.uk/article/2245
Great meeting with the design team today. Productive discussions!,0,user_000186,2025-09-16T17:04:46Z,,
Working on a new data analysis project. Exciting times ahead!,0,user_000025,2026-01-13T05:48:25Z,,
Coffee break thoughts: innovation drives progress What do you think?,0,user_000820,2025-10-29T07:40:24Z,,
Weather update: It's snowy in Sydney today,0,user_000607,2025-10-08T15:37:24Z,,
Great meeting with the marketing team today. Productive discussions!,0,user_000296,2025-10-24T22:36:15Z,,
RT @user_000969: Weekend plans include traveling. Should be fun!,0,user_000030,2025-10-07T02:57:44Z,user_000969,
RT @user_000622: Reading about climate change - fascinating developments in the field,0,user_000665,2025-11-30T12:16:04Z,user_000622,
RT @user_000586: Celebrating graduation with the family today! 🎉,0,user_000227,2026-01-17T18:36:38Z,user_000586,
Beautiful sunset today in Sydney! 🌅 #photography,0,user_000920,2025-11-25T01:54:48Z,,
Coffee break thoughts: learning never stops What do you think?,0,user_000102,2025-09-18T14:03:54Z,,
Weekend plans include coding. Should be fun!,0,user_000467,2025-11-20T21:07:27Z,,https://medium.com/article/1174
Great meeting with the design team today. Productive discussions!,0,user_000219,2025-12-30T06:13:37Z,,
RT @user_000333: RT @user_000246: Working on a new website project. Exciting times ahead!,0,user_000879,2026-01-09T22:08:47Z,user_000333,https://linkedin.com/article/8430
Just finished reading an interesting article about climate change. Thoughts?,0,user_000105,2025-12-16T20:34:34Z,,
Reading about renewable energy - fascinating developments in the field,0,user_000356,2025-09-25T02:22:27Z,,
Reminder: presentation is coming up next week. Looking forward to it!,0,user_000175,2025-08-27T13:56:56Z,,
RT @user_000949: RT @user_000511: Weather update: It's cloudy in California today,0,user_000154,2026-01-12T04:35:03Z,user_000949,
Great meeting with the design team today. Productive discussions!,0,user_000250,2026-01-23T07:25:57Z,,https://techcrunch.com/article/4946
Reading about technology trends - fascinating developments in the field,0,user_000009,2026-02-06T05:20:29Z,,
Coffee break thoughts: collaboration is key What do you think?,0,user_000620,2025-10-08T16:42:19Z,,https://linkedin.com/article/8698
Just finished reading an interesting article about AI. Thoughts?,0,user_000019,2025-09-28T09:04:51Z,,
Working on a new research project. Exciting times ahead!,0,user_000882,2025-10-24T12:56:15Z,,
Coffee break thoughts: innovation drives progress What do you think?,0,user_000038,2026-01-21T04:23:10Z,,https://wikipedia.org/article/7058
Weather update: It's cloudy in California today,0,user_000327,2025-10-27T07:57:43Z,,
🚨 URGENT: Your PayPal account has been compromised! Verify immediately: https://urgent-action.com/update747,1,user_000345,2025-11-09T17:21:34Z,,https://urgent-action.com/update747
Reading about climate change - fascinating developments in the field,0,user_000740,2025-11-17T00:48:30Z,,
RT @user_000566: RT @user_000631: Great meeting with the sales team today. Productive discussions!,0,user_000113,2025-11-11T21:10:14Z,user_000566,
Final Notice: Google account expires today. Renew now: https://claim-reward.org/verify240,1,user_000682,2026-02-08T03:59:09Z,,https://claim-reward.org/verify240
Great meeting with the design team today. Productive discussions!,0,user_000922,2025-12-03T19:43:11Z,,
Weather update: It's snowy in California today,0,user_000083,2026-02-05T00:35:11Z,,
Just finished reading an interesting article about climate change. Thoughts?,0,user_000788,2025-12-07T07:57:03Z,,https://github.com/article/5607
RT @user_000082: Weather update: It's cloudy in New York today,0,user_000027,2025-11-17T09:21:22Z,user_000082,
Security Alert: Suspicious activity on your Microsoft. Confirm identity: https://urgent-action.com/update588,1,user_000521,2025-08-24T06:27:27Z,,https://urgent-action.com/update588
Your package could not be delivered. Reschedule: https://verify-now.net/secure306,1,user_000650,2025-09-05T18:41:43Z,,https://verify-now.net/secure306
Reading about renewable energy - fascinating developments in the field,0,user_000449,2025-11-25T02:24:08Z,,
Celebrating achievement with the family today! 🎉,0,user_000915,2025-08-21T07:45:04Z,,
Coffee break thoughts: learning never stops What do you think?,0,user_000299,2025-10-09T08:25:44Z,,https://techcrunch.com/article/3615
Beautiful sunset today in London! 🌅 #photography,0,user_000477,2025-09-29T18:36:07Z,,
Coffee break thoughts: collaboration is key What do you think?,0,user_000204,2026-02-08T21:40:08Z,,
Weather update: It's sunny in California today,0,user_000650,2025-11-24T14:01:55Z,,
Celebrating anniversary with the family today! 🎉,0,user_000739,2025-11-28T09:45:53Z,,https://youtube.com/article/8807
Reminder: conference is coming up next week. Looking forward to it!,0,user_000883,2025-12-01T14:32:28Z,,https://cnn.com/article/7852
Reminder: webinar is coming up next week. Looking forward to it!,0,user_000774,2025-10-11T03:41:43Z,,https://medium.com/article/3737
Reading about AI - fascinating developments in the field,0,user_000797,2025-10-17T15:11:08Z,,https://techcrunch.com/article/4703
Celebrating promotion with the family today! 🎉,0,user_000417,2025-12-13T03:18:05Z,,
Celebrating achievement with the family today! 🎉,0,user_000399,2025-11-14T21:18:29Z,,
Limited Time: Get smart TV absolutely FREE! Click here: https://t.co/secure835,1,user_000508,2025-11-10T19:36:59Z,,https://t.co/secure835
Beautiful sunset today in California! 🌅 #photography,0,user_000005,2025-09-13T20:31:24Z,,
Celebrating promotion with the family today! 🎉,0,user_000666,2025-10-01T15:51:41Z,,https://github.com/article/5143
Just finished reading an interesting article about climate change. Thoughts?,0,user_000367,2025-10-02T15:54:16Z,,
Congratulations! You've won a iPhone 15! Claim now: https://t.co/claim522 Limited time offer!,1,user_000639,2025-09-02T07:16:55Z,,https://t.co/claim522
RT @user_000068: RT @user_000971: Reading about technology trends - fascinating developments in the field,0,user_000101,2025-10-05T22:12:55Z,user_000068,
Celebrating birthday with the family today! 🎉,0,user_000226,2025-12-27T16:17:09Z,,
Reminder: webinar is coming up next week. Looking forward to it!,0,user_000518,2025-08-27T13:14:33Z,,
Celebrating graduation with the family today! 🎉,0,user_000609,2025-11-05T17:00:26Z,,
Great meeting with the engineering team today. Productive discussions!,0,user_000829,2025-09-25T00:31:00Z,,
Beautiful sunset today in California! 🌅 #photography,0,user_000357,2026-01-05T16:30:10Z,,
Reading about climate change - fascinating developments in the field,0,user_000556,2026-01-17T23:49:09Z,,
Congratulations! You've won a $1000 gift card! Claim now: https://account-update.org/update846 Limited time offer!,1,user_000865,2025-11-22T18:28:24Z,,https://account-update.org/update846
Reminder: meetup is coming up next week. Looking forward to it!,0,user_000952,2025-12-21T14:44:47Z,,
RT @user_000250: Great meeting with the design team today. Productive discussions!,0,user_000952,2026-01-20T00:56:50Z,user_000250,https://techcrunch.com/article/4946
RT @user_000774: Reminder: webinar is coming up next week. Looking forward to it!,0,user_000298,2025-10-05T17:36:45Z,user_000774,https://medium.com/article/3737
Working on a new data analysis project. Exciting times ahead!,0,user_000470,2025-08-18T23:47:45Z,,
Beautiful sunset today in London! 🌅 #photography,0,user_000321,2025-09-16T06:26:38Z,,
Great meeting with the sales team today. Productive discussions!,0,user_000922,2025-10-21T11:47:27Z,,
Coffee break thoughts: innovation drives progress What do you think?,0,user_000783,2025-12-20T09:01:17Z,,
Security Alert: Suspicious activity on your Google. Confirm identity: https://tinyurl.com/confirm180,1,user_000613,2025-11-24T18:04:03Z,,https://tinyurl.com/confirm180
Just finished reading an interesting article about renewable energy. Thoughts?,0,user_000308,2025-09-29T20:19:20Z,,https://cnn.com/article/1463
RT @user_000650: Your package could not be delivered. Reschedule: https://verify-now.net/secure306,1,user_000592,2025-11-22T00:12:35Z,user_000650,https://verify-now.net/secure306
Reminder: meetup is coming up next week. Looking forward to it!,0,user_000981,2025-11-11T01:13:27Z,,
Coffee break thoughts: learning never stops What do you think?,0,user_000155,2026-02-07T12:38:50Z,,
Weekend plans include coding. Should be fun!,0,user_000567,2026-01-31T03:24:11Z,,https://twitter.com/article/6765
Weather update: It's rainy in California today,0,user_000944,2025-10-15T15:53:25Z,,
Weekend plans include hiking. Should be fun!,0,user_000294,2025-09-20T22:57:28Z,,
Weekend plans include coding. Should be fun!,0,user_000996,2025-11-26T05:05:35Z,,
Reminder: webinar is coming up next week. Looking forward to it!,0,user_000168,2025-12-04T16:03:49Z,,
RT @user_000019: Just finished reading an interesting article about AI. Thoughts?,0,user_000342,2025-09-04T21:37:57Z,user_000019,
Reminder: webinar is coming up next week. Looking forward to it!,0,user_000667,2025-10-15T20:40:34Z,,
Beautiful sunset today in Sydney! 🌅 #photography,0,user_000854,2025-12-08T05:51:50Z,,
Beautiful sunset today in Tokyo! 🌅 #photography,0,user_000872,2025-09-08T23:18:49Z,,
Beautiful sunset today in Sydney! 🌅 #photography,0,user_000069,2025-09-08T02:50:10Z,,
Beautiful sunset today in Tokyo! 🌅 #photography,0,user_000202,2025-08-18T22:25:17Z,,
Weather update: It's cloudy in Tokyo today,0,user_000901,2025-09-14T16:36:20Z,,
Just finished reading an interesting article about space exploration. Thoughts?,0,user_000338,2026-02-07T16:51:56Z,,https://wikipedia.org/article/9513
Reading about AI - fascinating developments in the field,0,user_000735,2026-01-16T08:07:47Z,,
Reading about climate change - fascinating developments in the field,0,user_000551,2025-11-19T15:53:09Z,,https://techcrunch.com/article/7846
Weekend plans include cooking. Should be fun!,0,user_000242,2026-01-28T17:34:11Z,,https://twitter.com/article/8530
Reminder: conference is coming up next week. Looking forward to it!,0,user_000321,2025-11-16T04:51:09Z,,
Working on a new research project. Exciting times ahead!,0,user_000969,2026-02-10T15:20:30Z,,https://techcrunch.com/article/9406
RT @user_000969: Working on a new research project. Exciting times ahead!,0,user_000886,2025-10-03T03:38:15Z,user_000969,https://techcrunch.com/article/9406
Weather update: It's rainy in Sydney today,0,user_000501,2026-02-01T05:39:11Z,,
Celebrating achievement with the family today! 🎉,0,user_000281,2026-01-11T17:43:26Z,,
Beautiful sunset today in London! 🌅 #photography,0,user_000548,2026-02-10T15:19:17Z,,
Beautiful sunset today in New York! 🌅 #photography,0,user_000774,2025-10-11T04:44:38Z,,https://linkedin.com/article/2027
Great meeting with the product team today. Productive discussions!,0,user_000989,2025-11-22T16:10:20Z,,https://youtube.com/article/6687
Beautiful sunset today in Sydney! 🌅 #photography,0,user_000301,2025-11-08T17:42:37Z,,
Great meeting with the marketing team today. Productive discussions!,0,user_000232,2025-10-11T16:34:15Z,,
Just finished reading an interesting article about space exploration. Thoughts?,0,user_000192,2025-12-22T09:17:39Z,,
Weather update: It's cloudy in California today,0,user_000698,2025-09-05T14:01:05Z,,https://cnn.com/article/1110
Working on a new website project. Exciting times ahead!,0,user_000480,2025-09-28T18:56:57Z,,
Beautiful sunset today in California! 🌅 #photography,0,user_000234,2026-01-13T04:27:15Z,,https://twitter.com/article/7611
Working on a new website project. Exciting times ahead!,0,user_000029,2026-01-18T15:10:14Z,,
Congratulations! You've won a vacation package! Claim now: https://secure-verify.net/update588 Limited time offer!,1,user_000422,2026-02-03T14:30:26Z,,https://secure-verify.net/update588
Weather update: It's sunny in California today,0,user_000601,2025-11-22T18:18:19Z,,
Weather update: It's rainy in California today,0,user_000012,2025-10-25T12:03:22Z,,
Weather update: It's sunny in California today,0,user_000908,2025-10-20T21:25:26Z,,https://news.bbc.co.uk/article/1106
Coffee break thoughts: collaboration is key What do you think?,0,user_000124,2026-01-08T07:23:10Z,,
Reading about climate change - fascinating developments in the field,0,user_000838,2025-10-28T22:48:05Z,,
Working on a new data analysis project. Exciting times ahead!,0,user_000965,2026-01-30T17:23:26Z,,
Reminder: meetup is coming up next week. Looking forward to it!,0,user_000835,2026-01-08T14:05:38Z,,
Weekend plans include traveling. Should be fun!,0,user_000901,2026-01-09T01:42:38Z,,
Reminder: workshop is coming up next week. Looking forward to it!,0,user_000742,2025-09-09T17:47:22Z,,
Working on a new website project. Exciting times ahead!,0,user_000463,2025-09-28T08:50:22Z,,https://github.com/article/4367
Celebrating graduation with the family today! 🎉,0,user_000234,2025-08-25T19:43:00Z,,
Working on a new data analysis project. Exciting times ahead!,0,user_000016,2026-01-01T18:55:38Z,,https://github.com/article/3387
Celebrating graduation with the family today! 🎉,0,user_000356,2025-12-09T12:29:15Z,,
RT @user_000154: RT @user_000949: RT @user_000511: Weather update: It's cloudy in California today,0,user_000232,2025-08-31T23:13:19Z,user_000154,
Working on a new data analysis project. Exciting times ahead!,0,user_000343,2025-11-24T19:47:06Z,,
Working on a new data analysis project. Exciting times ahead!,0,user_000717,2026-01-04T12:11:37Z,,
Coffee break thoughts: learning never stops What do you think?,0,user_000175,2026-01-18T11:44:14Z,,
Just finished reading an interesting article about renewable energy. Thoughts?,0,user_000469,2025-09-18T14:50:38Z,,
Celebrating anniversary with the family today! 🎉,0,user_000597,2025-10-17T12:54:44Z,,https://twitter.com/article/3148
Weather update: It's rainy in New York today,0,user_000133,2025-08-23T08:50:42Z,,
RT @user_000027: RT @user_000082: Weather update: It's cloudy in New York today,0,user_000142,2025-08-26T21:44:19Z,user_000027,
Weather update: It's rainy in California today,0,user_000559,2025-08-24T10:54:40Z,,https://medium.com/article/3783
Beautiful sunset today in Sydney! 🌅 #photography,0,user_000240,2025-09-15T09:11:11Z,,https://youtube.com/article/5542
RT @user_000667: Reminder: webinar is coming up next week. Looking forward to it!,0,user_000101,2025-10-28T00:34:10Z,user_000667,
Congratulations! You've won a iPhone 15! Claim now: https://bit.ly/update963 Limited time offer!,1,user_000216,2025-08-25T12:59:31Z,,https://bit.ly/update963
Weather update: It's sunny in Sydney today,0,user_000665,2025-08-18T16:07:57Z,,https://medium.com/article/3057
Weekend plans include traveling. Should be fun!,0,user_000623,2025-11-19T22:56:02Z,,
RT @user_000981: Reminder: meetup is coming up next week. Looking forward to it!,0,user_000566,2025-08-27T03:41:28Z,user_000981,
Great meeting with the design team today. Productive discussions!,0,user_000416,2026-02-01T17:04:58Z,,
Beautiful sunset today in New York! 🌅 #photography,0,user_000545,2025-08-20T00:02:01Z,,https://twitter.com/article/3771
Limited Time: Get smart TV absolutely FREE! Click here: https://secure-verify.net/verify567,1,user_000992,2026-01-23T20:36:16Z,,https://secure-verify.net/verify567
Great meeting with the engineering team today. Productive discussions!,0,user_000619,2025-12-01T02:30:44Z,,https://news.bbc.co.uk/article/7413
Working on a new data analysis project. Exciting times ahead!,0,user_000973,2025-10-12T20:31:47Z,,https://twitter.com/article/1057
Security Alert: Suspicious activity on your Facebook. Confirm identity: https://urgent-action.com/verify802,1,user_000289,2026-02-02T08:22:15Z,,https://urgent-action.com/verify802
Your package could not be delivered. Reschedule: https://bit.ly/verify248,1,user_000114,2025-11-18T00:07:27Z,,https://bit.ly/verify248
Working on a new mobile app project. Exciting times ahead!,0,user_000224,2025-11-27T18:14:42Z,,
Beautiful sunset today in Tokyo! 🌅 #photography,0,user_000026,2025-09-09T11:08:23Z,,
RT @user_000234: Celebrating graduation with the family today! 🎉,0,user_000038,2025-12-02T16:04:00Z,user_000234,
Weather update: It's sunny in Tokyo today,0,user_000974,2025-12-04T07:34:35Z,,
Reminder: workshop is coming up next week. Looking forward to it!,0,user_000269,2025-09-14T04:15:23Z,,
RT @user_000342: RT @user_000019: Just finished reading an interesting article about AI. Thoughts?,0,user_000990,2026-02-09T05:01:58Z,user_000342,
Great meeting with the design team today. Productive discussions!,0,user_000196,2026-02-06T07:58:48Z,,
Weather update: It's cloudy in London today,0,user_000410,2025-10-05T10:32:58Z,,
Celebrating graduation with the family today! 🎉,0,user_000136,2026-01-31T21:59:01Z,,
RT @user_000974: Weather update: It's sunny in Tokyo today,0,user_000877,2025-10-13T20:46:52Z,user_000974,
RT @user_000774: Beautiful sunset today in New York! 🌅 #photography,0,user_000623,2025-11-15T14:55:48Z,user_000774,https://linkedin.com/article/2027
Great meeting with the marketing team today. Productive discussions!,0,user_000949,2026-01-20T16:45:50Z,,
Beautiful sunset today in Tokyo! 🌅 #photography,0,user_000466,2025-09-19T09:31:53Z,,
Reading about climate change - fascinating developments in the field,0,user_000814,2025-11-06T01:58:41Z,,https://linkedin.com/article/5333
Great meeting with the sales team today. Productive discussions!,0,user_000695,2026-01-17T03:26:13Z,,
Celebrating graduation with the family today! 🎉,0,user_000939,2025-11-09T17:04:36Z,,
Reading about AI - fascinating developments in the field,0,user_000805,2025-10-24T12:51:44Z,,
Coffee break thoughts: innovation drives progress What do you think?,0,user_000769,2025-10-07T05:32:03Z,,
Weather update: It's sunny in Tokyo today,0,user_000233,2025-11-30T07:13:18Z,,https://youtube.com/article/6302
Just finished reading an interesting article about technology trends. Thoughts?,0,user_000182,2025-12-02T20:48:44Z,,
RT @user_000990: RT @user_000342: RT @user_000019: Just finished reading an interesting article about AI. Thoughts?,0,user_000394,2025-12-17T04:48:22Z,user_000990,
Working on a new machine learning project. Exciting times ahead!,0,user_000884,2025-11-15T11:43:44Z,,
Great meeting with the engineering team today. Productive discussions!,0,user_000247,2026-01-10T04:50:50Z,,
Just finished reading an interesting article about climate change. Thoughts?,0,user_000051,2025-10-07T04:17:28Z,,
Celebrating achievement with the family today! 🎉,0,user_000673,2025-09-02T05:59:39Z,,
Coffee break thoughts: innovation drives progress What do you think?,0,user_000657,2025-11-24T10:47:11Z,,https://techcrunch.com/article/3865
RT @user_000838: Reading about climate change - fascinating developments in the field,0,user_000787,2025-11-25T10:48:25Z,user_000838,
Limited Time: Get smart TV absolutely FREE! Click here: https://verify-now.net/verify277,1,user_000800,2025-12-22T12:01:33Z,,https://verify-now.net/verify277
Just finished reading an interesting article about climate change. Thoughts?,0,user_000619,2025-12-11T21:47:05Z,,
Reminder: conference is coming up next week. Looking forward to it!,0,user_000539,2025-08-28T17:50:32Z,,https://github.com/article/3742
"Tax refund of $1,200 pending. Claim here: https://click.me/claim603",1,user_000369,2025-12-05T15:41:48Z,,https://click.me/claim603
Working on a new mobile app project. Exciting times ahead!,0,user_000819,2025-11-04T20:15:46Z,,
Celebrating promotion with the family today! 🎉,0,user_000452,2026-02-04T18:03:00Z,,
Celebrating anniversary with the family today! 🎉,0,user_000628,2025-12-03T05:04:19Z,,
Reminder: presentation is coming up next week. Looking forward to it!,0,user_000707,2025-11-14T14:10:32Z,,
Working on a new data analysis project. Exciting times ahead!,0,user_000245,2025-10-18T05:51:03Z,,
Weekend plans include cooking. Should be fun!,0,user_000322,2025-08-30T17:37:22Z,,https://news.bbc.co.uk/article/3138
Weather update: It's windy in Tokyo today,0,user_000940,2025-12-11T00:58:32Z,,
Just finished reading an interesting article about AI. Thoughts?,0,user_000976,2025-10-19T14:19:08Z,,https://youtube.com/article/5185
Beautiful sunset today in Tokyo! 🌅 #photography,0,user_000423,2025-12-17T12:32:47Z,,
Weekend plans include cooking. Should be fun!,0,user_000683,2025-11-27T21:35:51Z,,https://youtube.com/article/1701
Just finished reading an interesting article about AI. Thoughts?,0,user_000506,2026-01-04T21:22:50Z,,
"RT @user_000369: Tax refund of $1,200 pending. Claim here: https://click.me/claim603",1,user_000390,2025-11-05T11:05:07Z,user_000369,https://click.me/claim603
Celebrating promotion with the family today! 🎉,0,user_000949,2025-10-21T08:49:02Z,,
Celebrating achievement with the family today! 🎉,0,user_000845,2025-10-17T21:39:11Z,,https://techcrunch.com/article/3959
Celebrating anniversary with the family today! 🎉,0,user_000658,2025-10-13T18:59:46Z,,
Great meeting with the marketing team today. Productive discussions!,0,user_000211,2025-08-29T14:59:16Z,,
Reminder: conference is coming up next week. Looking forward to it!,0,user_000652,2025-10-20T11:23:09Z,,
Just finished reading an interesting article about renewable energy. Thoughts?,0,user_000574,2025-10-25T07:30:10Z,,https://cnn.com/article/7571
Beautiful sunset today in New York! 🌅 #photography,0,user_000812,2025-12-14T08:41:42Z,,https://wikipedia.org/article/1861
Working on a new data analysis project. Exciting times ahead!,0,user_000654,2026-01-17T00:08:09Z,,https://github.com/article/7275
Tax refund of $500 pending. Claim here: https://click.me/update370,1,user_000938,2026-02-09T19:55:39Z,,https://click.me/update370
Reading about AI - fascinating developments in the field,0,user_000485,2026-01-28T23:44:56Z,,
Coffee break thoughts: learning never stops What do you think?,0,user_000159,2025-08-26T01:27:33Z,,
Great meeting with the engineering team today. Productive discussions!,0,user_000601,2026-01-06T16:34:17Z,,https://youtube.com/article/5568
Weather update: It's windy in Sydney today,0,user_000198,2025-10-05T08:33:37Z,,
Limited Time: Get vacation package absolutely FREE! Click here: https://verify-now.net/secure672,1,user_000142,2025-12-12T19:59:27Z,,https://verify-now.net/secure672
BREAKING: Amazon is giving away laptop! Get yours: https://verify-now.net/claim591,1,user_000683,2025-09-08T07:01:13Z,,https://verify-now.net/claim591
Weekend plans include hiking. Should be fun!,0,user_000676,2026-01-16T15:56:49Z,,
Reading about renewable energy - fascinating developments in the field,0,user_000181,2025-08-20T15:48:30Z,,
RT @user_000224: Working on a new mobile app project. Exciting times ahead!,0,user_000828,2025-11-14T12:24:45Z,user_000224,
Reminder: workshop is coming up next week. Looking forward to it!,0,user_000165,2026-02-10T09:25:46Z,,
Coffee break thoughts: collaboration is key What do you think?,0,user_000003,2025-10-05T10:27:28Z,,
Celebrating birthday with the family today! 🎉,0,user_000076,2025-09-05T00:33:00Z,,
RT @user_000559: Weather update: It's rainy in California today,0,user_000473,2026-01-29T20:22:49Z,user_000559,https://medium.com/article/3783
Weekend plans include hiking. Should be fun!,0,user_000274,2025-12-03T17:19:55Z,,
Beautiful sunset today in Sydney! 🌅 #photography,0,user_000271,2025-09-02T18:12:23Z,,
Reading about renewable energy - fascinating developments in the field,0,user_000621,2025-11-10T01:07:52Z,,
Reminder: meetup is coming up next week. Looking forward to it!,0,user_000955,2025-12-16T14:02:20Z,,https://techcrunch.com/article/7739
Weather update: It's snowy in California today,0,user_000265,2025-12-31T07:48:44Z,,
Coffee break thoughts: learning never stops What do you think?,0,user_000982,2025-09-04T18:39:31Z,,
Coffee break thoughts: innovation drives progress What do you think?,0,user_000010,2025-11-04T14:46:28Z,,
Beautiful sunset today in California! 🌅 #photography,0,user_000609,2025-10-18T22:20:43Z,,
Weekend plans include reading. Should be fun!,0,user_000999,2026-01-12T02:20:56Z,,https://youtube.com/article/3092
Reading about AI - fascinating developments in the field,0,user_000075,2026-01-07T14:54:32Z,,
Working on a new website project. Exciting times ahead!,0,user_000600,2025-10-29T18:44:06Z,,https://news.bbc.co.uk/article/6420
Reminder: workshop is coming up next week. Looking forward to it!,0,user_000804,2025-12-01T09:48:23Z,,
Coffee break thoughts: learning never stops What do you think?,0,user_000865,2025-11-13T04:40:23Z,,
Tax refund of $750 pending. Claim here: https://verify-now.net/claim933,1,user_000692,2026-01-12T10:11:26Z,,https://verify-now.net/claim933
Weather update: It's windy in Tokyo today,0,user_000975,2025-11-25T05:02:20Z,,https://news.bbc.co.uk/article/6232
RT @user_000423: Beautiful sunset today in Tokyo! 🌅 #photography,0,user_000961,2026-02-11T14:07:13Z,user_000423,
⚠️ Account Locked: Your Facebook needs immediate verification: https://click.me/confirm357,1,user_000704,2025-08-26T16:39:50Z,,https://click.me/confirm357
Great meeting with the marketing team today. Productive discussions!,0,user_000914,2025-08-31T18:27:28Z,,
RT @user_000559: Weather update: It's rainy in California today,0,user_000852,2025-11-20T12:27:09Z,user_000559,https://medium.com/article/3783
RT @user_000628: Celebrating anniversary with the family today! 🎉,0,user_000713,2025-08-19T15:38:41Z,user_000628,
Working on a new machine learning project. Exciting times ahead!,0,user_000620,2025-12-31T17:55:28Z,,
Great meeting with the engineering team today. Productive discussions!,0,user_000101,2026-01-28T03:13:48Z,,
🚨 URGENT: Your Facebook account has been locked! Verify immediately: https://account-update.org/verify540,1,user_000327,2025-11-29T21:09:55Z,,https://account-update.org/verify540
Congratulations! You've won a iPhone 15! Claim now: https://bit.ly/verify570 Limited time offer!,1,user_000230,2025-11-18T02:14:07Z,,https://bit.ly/verify570
Beautiful sunset today in London! 🌅 #photography,0,user_000777,2025-11-14T00:04:27Z,,https://cnn.com/article/6649
Reading about space exploration - fascinating developments in the field,0,user_000934,2026-01-28T10:42:25Z,,
Celebrating graduation with the family today! 🎉,0,user_000431,2025-10-08T20:40:48Z,,https://wikipedia.org/article/1704
Just finished reading an interesting article about renewable energy. Thoughts?,0,user_000586,2026-01-21T22:52:45Z,,https://twitter.com/article/7433
Coffee break thoughts: innovation drives progress What do you think?,0,user_000289,2025-09-05T01:44:57Z,,
Reminder: conference is coming up next week. Looking forward to it!,0,user_000862,2025-09-19T22:25:38Z,,
Your Facebook payment failed. Update info to avoid suspension: https://bit.ly/claim426,1,user_000058,2025-09-13T13:54:17Z,,https://bit.ly/claim426
Your package could not be delivered. Reschedule: https://tinyurl.com/claim525,1,user_000408,2025-10-22T11:18:42Z,,https://tinyurl.com/claim525
Reading about AI - fascinating developments in the field,0,user_000344,2026-01-27T02:29:33Z,,https://medium.com/article/8405
Weekend plans include reading. Should be fun!,0,user_000325,2025-11-15T20:22:16Z,,
Reading about climate change - fascinating developments in the field,0,user_000446,2025-09-18T22:17:05Z,,
Just finished reading an interesting article about technology trends. Thoughts?,0,user_000654,2025-10-31T10:24:07Z,,https://medium.com/article/1278
Just finished reading an interesting article about renewable energy. Thoughts?,0,user_000814,2025-12-21T09:34:00Z,,
Reminder: webinar is coming up next week. Looking forward to it!,0,user_000702,2025-12-02T23:18:01Z,,
Celebrating achievement with the family today! 🎉,0,user_000281,2025-09-26T11:48:02Z,,https://news.bbc.co.uk/article/4162
RT @user_000676: Weekend plans include hiking. Should be fun!,0,user_000693,2025-10-08T06:00:12Z,user_000676,
Your package could not be delivered. Reschedule: https://urgent-action.com/update347,1,user_000154,2025-10-16T04:17:45Z,,https://urgent-action.com/update347
RT @user_000658: Celebrating anniversary with the family today! 🎉,0,user_000489,2025-12-11T01:35:31Z,user_000658,
Celebrating anniversary with the family today! 🎉,0,user_000847,2026-01-14T21:15:46Z,,
⚠️ Account Locked: Your Apple needs immediate verification: https://short.link/update107,1,user_000374,2025-10-08T09:00:52Z,,https://short.link/update107
Working on a new research project. Exciting times ahead!,0,user_000227,2025-11-19T04:59:13Z,,
Working on a new website project. Exciting times ahead!,0,user_000353,2025-10-22T05:15:03Z,,https://techcrunch.com/article/5268
Great meeting with the engineering team today. Productive discussions!,0,user_000123,2025-08-27T16:06:09Z,,
RT @user_000322: Weekend plans include cooking. Should be fun!,0,user_000672,2026-02-04T02:25:16Z,user_000322,https://news.bbc.co.uk/article/3138
RT @user_000657: Coffee break thoughts: innovation drives progress What do you think?,0,user_000936,2025-09-08T20:32:35Z,user_000657,https://techcrunch.com/article/3865
Reminder: meetup is coming up next week. Looking forward to it!,0,user_000677,2025-08-20T05:45:30Z,,
Limited Time: Get vacation package absolutely FREE! Click here: https://urgent-action.com/verify429,1,user_000297,2025-08-19T12:31:04Z,,https://urgent-action.com/verify429
Reading about AI - fascinating developments in the field,0,user_000690,2025-08-27T08:00:02Z,,https://youtube.com/article/9620
Celebrating promotion with the family today! 🎉,0,user_000970,2025-09-12T06:15:32Z,,
RT @user_000586: Just finished reading an interesting article about renewable energy. Thoughts?,0,user_000011,2025-12-04T07:22:19Z,user_000586,https://twitter.com/article/7433
Coffee break thoughts: innovation drives progress What do you think?,0,user_000076,2025-12-02T16:50:09Z,,
Working on a new data analysis project. Exciting times ahead!,0,user_000811,2026-01-08T22:37:11Z,,
RT @user_000884: Working on a new machine learning project. Exciting times ahead!,0,user_000693,2025-12-05T15:26:54Z,user_000884,
Reading about climate change - fascinating developments in the field,0,user_000887,2026-01-14T22:57:18Z,,
Celebrating achievement with the family today! 🎉,0,user_000528,2025-12-14T23:27:52Z,,
Weather update: It's rainy in London today,0,user_000832,2025-09-29T12:05:38Z,,
Weekend plans include cooking. Should be fun!,0,user_000314,2025-10-10T10:35:41Z,,
Weekend plans include traveling. Should be fun!,0,user_000843,2025-12-29T02:59:21Z,,https://youtube.com/article/8667
Coffee break thoughts: learning never stops What do you think?,0,user_000861,2025-10-16T01:38:26Z,,
RT @user_000227: Working on a new research project. Exciting times ahead!,0,user_000856,2026-01-26T11:24:59Z,user_000227,
Just finished reading an interesting article about renewable energy. Thoughts?,0,user_000068,2025-10-21T18:18:06Z,,
Celebrating graduation with the family today! 🎉,0,user_000855,2025-09-12T10:45:35Z,,https://techcrunch.com/article/9965
Working on a new machine learning project. Exciting times ahead!,0,user_000081,2025-08-26T08:59:18Z,,
Final Notice: Google account expires today. Renew now: https://account-update.org/verify736,1,user_000274,2025-11-30T01:56:15Z,,https://account-update.org/verify736
RT @user_000076: Coffee break thoughts: innovation drives progress What do you think?,0,user_000293,2025-12-16T15:31:53Z,user_000076,
RT @user_000293: RT @user_000076: Coffee break thoughts: innovation drives progress What do you think?,0,user_000101,2025-09-25T11:11:54Z,user_000293,
Reminder: webinar is coming up next week. Looking forward to it!,0,user_000176,2025-09-14T14:20:36Z,,
Coffee break thoughts: learning never stops What do you think?,0,user_000478,2025-11-18T11:47:36Z,,https://wikipedia.org/article/7982
Weather update: It's windy in London today,0,user_000151,2025-09-14T02:27:21Z,,
Great meeting with the sales team today. Productive discussions!,0,user_000911,2025-11-09T15:23:44Z,,
Coffee break thoughts: learning never stops What do you think?,0,user_000642,2025-10-11T21:42:39Z,,
Reminder: presentation is coming up next week. Looking forward to it!,0,user_000557,2026-01-17T20:13:24Z,,https://github.com/article/8540
Coffee break thoughts: learning never stops What do you think?,0,user_000139,2025-11-07T08:31:40Z,,
Reminder: presentation is coming up next week. Looking forward to it!,0,user_000323,2025-12-19T08:13:14Z,,
Reading about space exploration - fascinating developments in the field,0,user_000435,2025-12-19T20:27:33Z,,
Weekend plans include coding. Should be fun!,0,user_000330,2025-12-31T23:25:10Z,,
Coffee break thoughts: learning never stops What do you think?,0,user_000204,2026-02-03T18:34:34Z,,
Just finished reading an interesting article about renewable energy. Thoughts?,0,user_000206,2025-09-20T20:43:06Z,,
Weekend plans include hiking. Should be fun!,0,user_000826,2026-01-14T08:43:14Z,,https://github.com/article/7058
RT @user_000961: RT @user_000423: Beautiful sunset today in Tokyo! 🌅 #photography,0,user_000939,2025-09-27T13:25:47Z,user_000961,
Just finished reading an interesting article about renewable energy. Thoughts?,0,user_000445,2025-09-22T21:13:32Z,,https://news.bbc.co.uk/article/8939
Weather update: It's rainy in Sydney today,0,user_000767,2025-10-27T13:13:48Z,,https://news.bbc.co.uk/article/7610
Reminder: workshop is coming up next week. Looking forward to it!,0,user_000854,2026-01-07T10:39:00Z,,
Just finished reading an interesting article about climate change. Thoughts?,0,user_000442,2026-01-06T06:56:26Z,,
Celebrating achievement with the family today! 🎉,0,user_000945,2025-11-18T13:10:21Z,,
Coffee break thoughts: innovation drives progress What do you think?,0,user_000551,2025-11-25T12:14:12Z,,https://cnn.com/article/7128
Coffee break thoughts: innovation drives progress What do you think?,0,user_000212,2025-08-27T03:40:21Z,,
Reminder: presentation is coming up next week. Looking forward to it!,0,user_000354,2026-02-06T09:32:34Z,,https://techcrunch.com/article/3060
Just finished reading an interesting article about renewable energy. Thoughts?,0,user_000347,2025-11-30T12:25:11Z,,
Working on a new website project. Exciting times ahead!,0,user_000120,2025-08-31T02:10:36Z,,https://github.com/article/5742
Reading about climate change - fascinating developments in the field,0,user_000965,2025-09-16T04:34:12Z,,
Working on a new machine learning project. Exciting times ahead!,0,user_000460,2025-10-08T09:04:25Z,,https://linkedin.com/article/7736
Working on a new machine learning project. Exciting times ahead!,0,user_000576,2025-09-20T21:53:04Z,,
Weather update: It's rainy in Sydney today,0,user_000545,2025-10-31T13:26:47Z,,
Great meeting with the product team today. Productive discussions!,0,user_000978,2025-09-29T12:01:03Z,,https://techcrunch.com/article/8998
Just finished reading an interesting article about renewable energy. Thoughts?,0,user_000861,2026-01-05T17:10:12Z,,https://cnn.com/article/1880
Celebrating graduation with the family today! 🎉,0,user_000321,2025-12-02T12:26:28Z,,
Coffee break thoughts: innovation drives progress What do you think?,0,user_000277,2025-09-19T20:02:23Z,,
Reminder: meetup is coming up next week. Looking forward to it!,0,user_000604,2025-08-24T01:49:03Z,,
Great meeting with the engineering team today. Productive discussions!,0,user_000690,2025-12-11T06:23:44Z,,
Just finished reading an interesting article about technology trends. Thoughts?,0,user_000939,2025-12-31T10:29:14Z,,
Great meeting with the engineering team today. Productive discussions!,0,user_000672,2025-12-09T18:16:00Z,,
Weekend plans include traveling. Should be fun!,0,user_000258,2025-08-30T03:26:37Z,,
Working on a new data analysis project. Exciting times ahead!,0,user_000062,2025-12-13T17:46:30Z,,https://linkedin.com/article/4130
Reading about space exploration - fascinating developments in the field,0,user_000964,2025-10-31T14:20:16Z,,
Weekend plans include coding. Should be fun!,0,user_000469,2025-09-07T16:59:59Z,,
RT @user_000347: Just finished reading an interesting article about renewable energy. Thoughts?,0,user_000667,2025-11-25T04:13:39Z,user_000347,
Weather update: It's rainy in California today,0,user_000969,2026-01-04T12:24:11Z,,
Reminder: meetup is coming up next week. Looking forward to it!,0,user_000015,2025-09-16T15:37:31Z,,
Weekend plans include hiking. Should be fun!,0,user_000640,2025-09-23T19:57:19Z,,
Celebrating promotion with the family today! 🎉,0,user_000550,2025-10-12T08:54:04Z,,
Just finished reading an interesting article about AI. Thoughts?,0,user_000609,2025-10-14T19:13:38Z,,
⚠️ Account Locked: Your Amazon needs immediate verification: https://claim-reward.org/update231,1,user_000423,2026-01-04T18:30:22Z,,https://claim-reward.org/update231
Beautiful sunset today in Tokyo! 🌅 #photography,0,user_000076,2025-10-12T15:30:53Z,,
Great meeting with the sales team today. Productive discussions!,0,user_000041,2025-08-24T07:45:11Z,,
Weather update: It's sunny in London today,0,user_000899,2025-12-22T09:03:26Z,,
RT @user_000899: Weather update: It's sunny in London today,0,user_000847,2025-09-17T22:57:49Z,user_000899,
RT @user_000446: Reading about climate change - fascinating developments in the field,0,user_000447,2025-09-09T08:53:12Z,user_000446,
Final Notice: Google account expires today. Renew now: https://urgent-action.com/secure425,1,user_000730,2025-09-26T11:57:23Z,,https://urgent-action.com/secure425
Security Alert: Suspicious activity on your Apple. Confirm identity: https://secure-verify.net/verify658,1,user_000632,2025-12-03T05:08:03Z,,https://secure-verify.net/verify658
Weekend plans include traveling. Should be fun!,0,user_000816,2025-10-03T18:38:36Z,,
Great meeting with the marketing team today. Productive discussions!,0,user_000150,2025-11-27T18:36:54Z,,https://twitter.com/article/9275
Weekend plans include cooking. Should be fun!,0,user_000804,2025-10-08T06:02:58Z,,
Celebrating anniversary with the family today! 🎉,0,user_000791,2025-12-21T00:43:01Z,,
Just finished reading an interesting article about renewable energy. Thoughts?,0,user_000506,2025-08-20T21:30:07Z,,
RT @user_000970: Celebrating promotion with the family today! 🎉,0,user_000708,2025-09-22T07:02:38Z,user_000970,
Beautiful sunset today in New York! 🌅 #photography,0,user_000803,2025-12-21T18:44:48Z,,
Celebrating achievement with the family today! 🎉,0,user_000196,2025-12-06T22:34:43Z,,
RT @user_000826: Weekend plans include hiking. Should be fun!,0,user_000676,2025-10-24T22:04:49Z,user_000826,https://github.com/article/7058
Just finished reading an interesting article about technology trends. Thoughts?,0,user_000630,2025-08-27T00:12:12Z,,
Tax refund of $850 pending. Claim here: https://verify-now.net/verify459,1,user_000632,2025-12-10T06:02:55Z,,https://verify-now.net/verify459
Great meeting with the engineering team today. Productive discussions!,0,user_000882,2025-11-12T03:08:06Z,,
Beautiful sunset today in California! 🌅 #photography,0,user_000395,2025-09-13T15:44:24Z,,
Beautiful sunset today in Tokyo! 🌅 #photography,0,user_000276,2025-10-23T11:22:55Z,,
Reading about climate change - fascinating developments in the field,0,user_000815,2025-08-25T14:18:37Z,,
Great meeting with the engineering team today. Productive discussions!,0,user_000201,2025-10-07T21:15:08Z,,
Working on a new data analysis project. Exciting times ahead!,0,user_000898,2025-09-04T22:19:45Z,,https://cnn.com/article/2714
Just finished reading an interesting article about space exploration. Thoughts?,0,user_000014,2025-10-25T03:01:14Z,,https://techcrunch.com/article/4921
Beautiful sunset today in New York! 🌅 #photography,0,user_000441,2025-10-12T03:42:40Z,,
Celebrating promotion with the family today! 🎉,0,user_000926,2025-10-23T18:18:35Z,,
Working on a new data analysis project. Exciting times ahead!,0,user_000908,2025-11-29T15:25:11Z,,https://news.bbc.co.uk/article/3950
Great meeting with the engineering team today. Productive discussions!,0,user_000448,2025-09-21T20:50:25Z,,
Great meeting with the product team today. Productive discussions!,0,user_000476,2025-10-23T13:31:31Z,,https://youtube.com/article/4679
Reminder: presentation is coming up next week. Looking forward to it!,0,user_000563,2025-09-19T20:54:27Z,,
Reminder: workshop is coming up next week. Looking forward to it!,0,user_000540,2025-08-19T12:40:43Z,,
⚠️ Account Locked: Your Facebook needs immediate verification: https://secure-verify.net/confirm736,1,user_000124,2026-01-08T09:08:26Z,,https://secure-verify.net/confirm736
Weekend plans include reading. Should be fun!,0,user_000096,2025-12-03T13:14:55Z,,
Great meeting with the marketing team today. Productive discussions!,0,user_000220,2025-11-02T15:10:19Z,,
RT @user_000551: Coffee break thoughts: innovation drives progress What do you think?,0,user_000566,2025-12-16T15:30:49Z,user_000551,https://cnn.com/article/7128
Celebrating birthday with the family today! 🎉,0,user_000429,2025-09-16T13:48:36Z,,https://twitter.com/article/2017
Beautiful sunset today in Sydney! 🌅 #photography,0,user_000826,2025-11-15T13:20:07Z,,https://techcrunch.com/article/9129
RT @user_000576: Working on a new machine learning project. Exciting times ahead!,0,user_000753,2025-08-18T18:18:14Z,user_000576,
Celebrating graduation with the family today! 🎉,0,user_000785,2025-11-18T06:08:41Z,,
Celebrating graduation with the family today! 🎉,0,user_000869,2025-10-16T05:45:10Z,,https://linkedin.com/article/6177
Reading about renewable energy - fascinating developments in the field,0,user_000264,2025-11-22T07:15:25Z,,
Just finished reading an interesting article about space exploration. Thoughts?,0,user_000279,2025-11-27T16:16:47Z,,https://twitter.com/article/3540
Weather update: It's sunny in Tokyo today,0,user_000327,2025-12-24T13:17:46Z,,https://youtube.com/article/4676
Celebrating promotion with the family today! 🎉,0,user_000437,2025-09-22T08:35:06Z,,
Great meeting with the product team today. Productive discussions!,0,user_000805,2025-10-21T13:55:04Z,,https://twitter.com/article/5996
Just finished reading an interesting article about space exploration. Thoughts?,0,user_000611,2025-12-25T02:42:05Z,,
Reading about technology trends - fascinating developments in the field,0,user_000221,2026-02-10T07:46:48Z,,
Weather update: It's windy in New York today,0,user_000277,2025-10-17T23:41:11Z,,https://techcrunch.com/article/5366
Weekend plans include traveling. Should be fun!,0,user_000930,2025-12-04T23:53:51Z,,
Reminder: meetup is coming up next week. Looking forward to it!,0,user_000446,2025-11-13T03:25:45Z,,
Beautiful sunset today in Tokyo! 🌅 #photography,0,user_000338,2025-10-03T04:38:19Z,,
Just finished reading an interesting article about technology trends. Thoughts?,0,user_000365,2026-01-10T15:35:43Z,,
Weekend plans include cooking. Should be fun!,0,user_000595,2025-12-18T19:42:58Z,,
Coffee break thoughts: collaboration is key What do you think?,0,user_000820,2025-11-16T00:30:35Z,,
Working on a new research project. Exciting times ahead!,0,user_000288,2025-09-30T21:27:02Z,,
Great meeting with the product team today. Productive discussions!,0,user_000805,2025-09-09T15:27:52Z,,
Weekend plans include hiking. Should be fun!,0,user_000278,2025-09-06T12:30:52Z,,
Reminder: meetup is coming up next week. Looking forward to it!,0,user_000315,2025-12-31T11:32:48Z,,https://techcrunch.com/article/7557
Beautiful sunset today in Tokyo! 🌅 #photography,0,user_000953,2025-12-26T11:07:33Z,,
RT @user_000969: Weather update: It's rainy in California today,0,user_000868,2025-08-26T15:10:12Z,user_000969,
Reminder: workshop is coming up next week. Looking forward to it!,0,user_000033,2025-12-19T12:11:46Z,,
RT @user_000365: Just finished reading an interesting article about technology trends. Thoughts?,0,user_000871,2025-12-19T17:06:10Z,user_000365,
Weekend plans include reading. Should be fun!,0,user_000068,2026-01-13T11:04:42Z,,https://youtube.com/article/3296
Reading about AI - fascinating developments in the field,0,user_000143,2025-09-14T12:34:56Z,,
Weekend plans include cooking. Should be fun!,0,user_000401,2025-09-02T21:59:32Z,,https://techcrunch.com/article/1670
Coffee break thoughts: innovation drives progress What do you think?,0,user_000782,2025-09-03T00:52:39Z,,
Great meeting with the design team today. Productive discussions!,0,user_000679,2026-02-05T23:40:12Z,,
Weather update: It's snowy in Sydney today,0,user_000891,2025-10-03T06:29:09Z,,
Weekend plans include hiking. Should be fun!,0,user_000357,2025-11-08T07:27:18Z,,https://github.com/article/7039
Your Microsoft payment failed. Update info to avoid suspension: https://account-update.org/verify739,1,user_000362,2025-10-28T07:33:18Z,,https://account-update.org/verify739
RT @user_000423: ⚠️ Account Locked: Your Amazon needs immediate verification: https://claim-reward.org/update231,1,user_000652,2026-01-19T06:01:12Z,user_000423,https://claim-reward.org/update231
Celebrating achievement with the family today! 🎉,0,user_000914,2025-10-09T01:17:44Z,,
Beautiful sunset today in California! 🌅 #photography,0,user_000024,2026-02-11T16:12:52Z,,
Just finished reading an interesting article about technology trends. Thoughts?,0,user_000117,2025-10-27T14:33:13Z,,
Coffee break thoughts: innovation drives progress What do you think?,0,user_000382,2026-01-19T14:45:31Z,,
Weather update: It's snowy in Tokyo today,0,user_000437,2025-08-23T06:03:14Z,,
Just finished reading an interesting article about technology trends. Thoughts?,0,user_000693,2025-10-06T14:01:03Z,,
Just finished reading an interesting article about AI. Thoughts?,0,user_000253,2026-01-03T14:21:12Z,,
Just finished reading an interesting article about technology trends. Thoughts?,0,user_000234,2025-08-20T06:41:07Z,,
Weather update: It's windy in Tokyo today,0,user_000898,2025-09-07T06:51:46Z,,
RT @user_000276: Beautiful sunset today in Tokyo! 🌅 #photography,0,user_000449,2025-09-09T03:23:23Z,user_000276,
RT @user_000652: RT @user_000423: ⚠️ Account Locked: Your Amazon needs immediate verification: https://claim-reward.org/update231,1,user_000759,2025-11-26T21:32:20Z,user_000652,https://claim-reward.org/update231
Congratulations! You've won a laptop! Claim now: https://t.co/secure324 Limited time offer!,1,user_000623,2026-01-25T23:06:21Z,,https://t.co/secure324
Reading about climate change - fascinating developments in the field,0,user_000606,2025-11-02T23:27:48Z,,https://linkedin.com/article/9984
Limited Time: Get $1000 gift card absolutely FREE! Click here: https://click.me/confirm758,1,user_000928,2026-01-16T20:34:37Z,,https://click.me/confirm758
RT @user_000446: Reminder: meetup is coming up next week. Looking forward to it!,0,user_000799,2025-09-04T07:21:18Z,user_000446,
Beautiful sunset today in Sydney! 🌅 #photography,0,user_000622,2025-10-23T14:05:25Z,,
Weather update: It's sunny in California today,0,user_000544,2025-12-03T18:38:01Z,,
Working on a new research project. Exciting times ahead!,0,user_000885,2025-12-23T14:21:57Z,,https://techcrunch.com/article/3655
BREAKING: Amazon is giving away iPhone 15! Get yours: https://urgent-action.com/confirm871,1,user_000841,2026-01-13T14:56:25Z,,https://urgent-action.com/confirm871
Reminder: conference is coming up next week. Looking forward to it!,0,user_000779,2025-10-12T08:20:50Z,,
Reading about AI - fascinating developments in the field,0,user_000622,2025-12-24T22:09:39Z,,
Celebrating promotion with the family today! 🎉,0,user_000821,2025-08-31T00:08:49Z,,
Great meeting with the product team today. Productive discussions!,0,user_000059,2025-11-12T15:36:01Z,,
Weather update: It's sunny in California today,0,user_000590,2026-01-07T19:58:20Z,,
Tax refund of $500 pending. Claim here: https://short.link/secure764,1,user_000694,2025-10-02T18:09:49Z,,https://short.link/secure764
Celebrating promotion with the family today! 🎉,0,user_000282,2025-09-09T21:03:49Z,,
Beautiful sunset today in Tokyo! 🌅 #photography,0,user_000936,2025-10-20T04:02:32Z,,https://medium.com/article/9095
Great meeting with the design team today. Productive discussions!,0,user_000173,2025-09-01T02:00:56Z,,https://github.com/article/3912
RT @user_000821: Celebrating promotion with the family today! 🎉,0,user_000638,2025-08-28T04:18:36Z,user_000821,
Weekend plans include hiking. Should be fun!,0,user_000964,2025-10-17T18:13:01Z,,https://youtube.com/article/6027
Beautiful sunset today in Tokyo! 🌅 #photography,0,user_000899,2026-01-25T13:57:41Z,,
Coffee break thoughts: collaboration is key What do you think?,0,user_000535,2025-11-07T07:26:57Z,,
Weather update: It's sunny in London today,0,user_000911,2025-08-30T11:58:57Z,,
Weather update: It's sunny in New York today,0,user_000629,2025-11-18T01:27:13Z,,
Working on a new website project. Exciting times ahead!,0,user_000535,2026-01-30T22:46:12Z,,
Weather update: It's windy in London today,0,user_000321,2026-01-10T04:46:36Z,,
Final Notice: Apple account expires today. Renew now: https://tinyurl.com/verify528,1,user_000073,2025-09-19T02:13:49Z,,https://tinyurl.com/verify528
RT @user_000785: Celebrating graduation with the family today! 🎉,0,user_000762,2025-08-25T03:55:21Z,user_000785,
Weather update: It's sunny in California today,0,user_000798,2025-11-03T17:32:35Z,,
BREAKING: Google is giving away $1000 gift card! Get yours: https://verify-now.net/confirm359,1,user_000371,2025-10-06T04:51:54Z,,https://verify-now.net/confirm359
Just finished reading an interesting article about climate change. Thoughts?,0,user_000230,2025-08-30T00:05:23Z,,
Beautiful sunset today in New York! 🌅 #photography,0,user_000498,2025-08-23T23:33:21Z,,https://wikipedia.org/article/8639
Great meeting with the design team today. Productive discussions!,0,user_000074,2025-11-15T11:16:12Z,,https://linkedin.com/article/3918
Weekend plans include cooking. Should be fun!,0,user_000483,2025-09-03T13:54:41Z,,
Reading about climate change - fascinating developments in the field,0,user_000888,2025-12-23T10:22:38Z,,
RT @user_000638: RT @user_000821: Celebrating promotion with the family today! 🎉,0,user_000518,2026-01-21T08:38:30Z,user_000638,
Coffee break thoughts: learning never stops What do you think?,0,user_000612,2026-01-10T00:52:35Z,,
RT @user_000753: RT @user_000576: Working on a new machine learning project. Exciting times ahead!,0,user_000445,2025-10-31T10:45:23Z,user_000753,
Weather update: It's rainy in California today,0,user_000084,2026-02-14T04:39:49Z,,https://youtube.com/article/1729
Security Alert: Suspicious activity on your Netflix. Confirm identity: https://short.link/claim937,1,user_000032,2026-01-22T15:25:43Z,,https://short.link/claim937
Weather update: It's rainy in London today,0,user_000444,2025-09-01T11:46:19Z,,https://medium.com/article/1513
Beautiful sunset today in Tokyo! 🌅 #photography,0,user_000945,2026-01-13T18:17:22Z,,
Weather update: It's windy in Sydney today,0,user_000006,2025-10-30T08:14:47Z,,
Weather update: It's windy in California today,0,user_000538,2025-10-03T06:17:00Z,,
Reminder: presentation is coming up next week. Looking forward to it!,0,user_000138,2025-10-31T22:21:07Z,,
"Tax refund of $1,200 pending. Claim here: https://secure-verify.net/claim443",1,user_000449,2026-01-23T05:44:40Z,,https://secure-verify.net/claim443
Celebrating promotion with the family today! 🎉,0,user_000038,2025-09-15T05:23:52Z,,https://twitter.com/article/1093
Working on a new mobile app project. Exciting times ahead!,0,user_000932,2025-10-21T06:53:44Z,,
Working on a new research project. Exciting times ahead!,0,user_000962,2025-11-18T04:07:23Z,,
RT @user_000096: Weekend plans include reading. Should be fun!,0,user_000279,2026-01-06T04:52:03Z,user_000096,
Working on a new mobile app project. Exciting times ahead!,0,user_000704,2025-11-02T07:44:37Z,,https://cnn.com/article/5402
Reading about AI - fascinating developments in the field,0,user_000474,2025-12-16T17:59:12Z,,https://github.com/article/3419
Reading about AI - fascinating developments in the field,0,user_000885,2026-01-16T02:56:00Z,,
Beautiful sunset today in New York! 🌅 #photography,0,user_000544,2026-01-10T02:15:37Z,,https://linkedin.com/article/7967
Coffee break thoughts: learning never stops What do you think?,0,user_000213,2025-10-08T17:39:17Z,,https://medium.com/article/3205
Celebrating graduation with the family today! 🎉,0,user_000459,2025-12-16T18:44:49Z,,
Celebrating graduation with the family today! 🎉,0,user_000234,2026-01-03T08:52:21Z,,
Great meeting with the engineering team today. Productive discussions!,0,user_000066,2025-09-17T19:28:19Z,,
Great meeting with the marketing team today. Productive discussions!,0,user_000369,2025-09-05T15:19:28Z,,https://youtube.com/article/3377
Your Amazon payment failed. Update info to avoid suspension: https://click.me/claim308,1,user_000692,2025-12-25T03:00:57Z,,https://click.me/claim308
Weather update: It's sunny in California today,0,user_000448,2026-01-08T13:47:57Z,,
Celebrating anniversary with the family today! 🎉,0,user_000734,2026-01-22T05:42:05Z,,
Weather update: It's cloudy in California today,0,user_000836,2025-12-02T09:10:25Z,,
⚠️ Account Locked: Your Apple needs immediate verification: https://verify-now.net/secure683,1,user_000705,2025-11-26T02:41:53Z,,https://verify-now.net/secure683
Celebrating achievement with the family today! 🎉,0,user_000302,2025-09-08T09:11:38Z,,
Beautiful sunset today in New York! 🌅 #photography,0,user_000803,2025-09-07T03:46:52Z,,https://linkedin.com/article/9475
Limited Time: Get laptop absolutely FREE! Click here: https://bit.ly/claim870,1,user_000011,2025-11-23T09:08:41Z,,https://bit.ly/claim870
Weather update: It's cloudy in New York today,0,user_000019,2026-01-15T02:13:44Z,,
Just finished reading an interesting article about climate change. Thoughts?,0,user_000228,2026-02-14T09:13:47Z,,https://youtube.com/article/8045
Coffee break thoughts: innovation drives progress What do you think?,0,user_000004,2026-02-04T22:47:28Z,,
⚠️ Account Locked: Your Apple needs immediate verification: https://tinyurl.com/claim214,1,user_000028,2025-10-01T16:02:36Z,,https://tinyurl.com/claim214
Weather update: It's sunny in Sydney today,0,user_000428,2025-12-24T19:45:38Z,,
Just finished reading an interesting article about space exploration. Thoughts?,0,user_000072,2025-12-16T14:27:28Z,,
Final Notice: Google account expires today. Renew now: https://short.link/update648,1,user_000349,2025-11-16T14:26:01Z,,https://short.link/update648
Coffee break thoughts: innovation drives progress What do you think?,0,user_000193,2025-11-08T09:15:49Z,,
RT @user_000448: Weather update: It's sunny in California today,0,user_000367,2026-01-22T07:28:42Z,user_000448,
Working on a new research project. Exciting times ahead!,0,user_000417,2025-12-31T12:05:05Z,,
Weekend plans include coding. Should be fun!,0,user_000270,2025-10-17T20:22:38Z,,
Celebrating graduation with the family today! 🎉,0,user_000520,2025-09-18T12:01:31Z,,
Just finished reading an interesting article about renewable energy. Thoughts?,0,user_000346,2025-11-21T12:09:14Z,,
Celebrating birthday with the family today! 🎉,0,user_000635,2025-09-07T13:27:55Z,,
Beautiful sunset today in California! 🌅 #photography,0,user_000858,2025-09-28T13:04:34Z,,https://cnn.com/article/3505
Just finished reading an interesting article about AI. Thoughts?,0,user_000592,2026-01-03T04:27:29Z,,
Coffee break thoughts: collaboration is key What do you think?,0,user_000022,2025-12-02T07:39:35Z,,
Reminder: webinar is coming up next week. Looking forward to it!,0,user_000963,2026-01-04T02:07:59Z,,
Great meeting with the design team today. Productive discussions!,0,user_000908,2025-12-20T16:42:07Z,,https://medium.com/article/2925
Beautiful sunset today in California! 🌅 #photography,0,user_000168,2026-01-24T10:50:28Z,,
Beautiful sunset today in California! 🌅 #photography,0,user_000606,2025-12-19T21:47:47Z,,
Just finished reading an interesting article about AI. Thoughts?,0,user_000681,2025-11-19T18:56:16Z,,
Weather update: It's cloudy in California today,0,user_000921,2025-12-23T22:21:03Z,,
Working on a new data analysis project. Exciting times ahead!,0,user_000946,2026-01-02T00:56:45Z,,
Weather update: It's snowy in New York today,0,user_000196,2025-11-27T20:30:14Z,,https://medium.com/article/1164
Weekend plans include coding. Should be fun!,0,user_000790,2026-01-13T10:10:09Z,,https://medium.com/article/8877
Weekend plans include coding. Should be fun!,0,user_000089,2025-10-21T23:04:29Z,,
RT @user_000885: Working on a new research project. Exciting times ahead!,0,user_000232,2025-10-10T06:38:23Z,user_000885,https://techcrunch.com/article/3655
Reading about climate change - fascinating developments in the field,0,user_000793,2025-09-13T15:48:46Z,,
Coffee break thoughts: learning never stops What do you think?,0,user_000838,2025-11-21T04:09:12Z,,
RT @user_000232: RT @user_000885: Working on a new research project. Exciting times ahead!,0,user_000175,2025-12-21T14:56:00Z,user_000232,https://techcrunch.com/article/3655
Reminder: conference is coming up next week. Looking forward to it!,0,user_000228,2025-12-17T14:55:42Z,,
Celebrating birthday with the family today! 🎉,0,user_000335,2025-11-03T21:45:04Z,,https://github.com/article/4406
Working on a new research project. Exciting times ahead!,0,user_000538,2026-02-13T00:21:25Z,,
Reading about climate change - fascinating developments in the field,0,user_000231,2025-11-23T07:04:02Z,,
Reading about space exploration - fascinating developments in the field,0,user_000090,2026-01-07T08:12:09Z,,
Beautiful sunset today in London! 🌅 #photography,0,user_000439,2025-10-17T22:10:13Z,,
Reading about AI - fascinating developments in the field,0,user_000841,2026-01-17T12:55:20Z,,https://wikipedia.org/article/9936
Final Notice: Facebook account expires today. Renew now: https://tinyurl.com/claim245,1,user_000386,2025-12-20T19:22:55Z,,https://tinyurl.com/claim245
Your Apple payment failed. Update info to avoid suspension: https://verify-now.net/verify278,1,user_000042,2025-10-31T01:19:59Z,,https://verify-now.net/verify278
Reading about renewable energy - fascinating developments in the field,0,user_000239,2026-01-12T00:29:49Z,,
Reminder: presentation is coming up next week. Looking forward to it!,0,user_000799,2025-09-30T22:05:02Z,,
Weather update: It's sunny in New York today,0,user_000635,2025-11-23T01:36:46Z,,https://github.com/article/8757
Beautiful sunset today in California! 🌅 #photography,0,user_000514,2025-10-18T17:17:17Z,,https://medium.com/article/7934
Weekend plans include traveling. Should be fun!,0,user_000676,2025-10-28T22:01:42Z,,
RT @user_000270: Weekend plans include coding. Should be fun!,0,user_000841,2026-01-23T15:25:36Z,user_000270,
Celebrating anniversary with the family today! 🎉,0,user_000453,2025-09-10T20:09:30Z,,https://wikipedia.org/article/1590
Reading about renewable energy - fascinating developments in the field,0,user_000568,2025-11-08T22:27:37Z,,
Beautiful sunset today in Sydney! 🌅 #photography,0,user_000718,2025-12-01T03:16:38Z,,
⚠️ Account Locked: Your Netflix needs immediate verification: https://claim-reward.org/confirm966,1,user_000305,2026-01-24T23:57:42Z,,https://claim-reward.org/confirm966
Weekend plans include hiking. Should be fun!,0,user_000677,2026-01-03T20:03:28Z,,
Tax refund of $750 pending. Claim here: https://click.me/update700,1,user_000656,2025-09-27T13:14:46Z,,https://click.me/update700
Celebrating achievement with the family today! 🎉,0,user_000195,2025-11-29T07:41:48Z,,https://linkedin.com/article/6874
Beautiful sunset today in Tokyo! 🌅 #photography,0,user_000381,2025-10-03T07:20:58Z,,
Reading about renewable energy - fascinating developments in the field,0,user_000612,2025-08-26T14:20:35Z,,https://medium.com/article/9244
Working on a new machine learning project. Exciting times ahead!,0,user_000641,2025-09-09T10:31:57Z,,
RT @user_000453: Celebrating anniversary with the family today! 🎉,0,user_000883,2025-12-11T10:46:51Z,user_000453,https://wikipedia.org/article/1590
Great meeting with the engineering team today. Productive discussions!,0,user_000120,2025-12-27T21:47:40Z,,https://github.com/article/2597
Just finished reading an interesting article about renewable energy. Thoughts?,0,user_000098,2026-02-13T15:09:50Z,,
RT @user_000367: RT @user_000448: Weather update: It's sunny in California today,0,user_000770,2025-09-21T18:19:21Z,user_000367,
Working on a new website project. Exciting times ahead!,0,user_000025,2025-12-20T06:53:08Z,,
Weekend plans include traveling. Should be fun!,0,user_000954,2025-12-01T20:23:42Z,,https://github.com/article/5017
Weekend plans include coding. Should be fun!,0,user_000958,2025-12-26T11:28:46Z,,
Working on a new data analysis project. Exciting times ahead!,0,user_000864,2025-11-06T15:17:03Z,,https://wikipedia.org/article/3403
Celebrating graduation with the family today! 🎉,0,user_000533,2026-01-20T15:30:45Z,,https://wikipedia.org/article/5644
Your package could not be delivered. Reschedule: https://verify-now.net/confirm782,1,user_000538,2026-02-06T10:56:22Z,,https://verify-now.net/confirm782
Beautiful sunset today in California! 🌅 #photography,0,user_000282,2025-12-14T23:24:49Z,,
Weekend plans include reading. Should be fun!,0,user_000053,2025-09-10T02:14:19Z,,
Just finished reading an interesting article about climate change. Thoughts?,0,user_000773,2026-02-02T14:32:10Z,,
Beautiful sunset today in New York! 🌅 #photography,0,user_000123,2025-12-04T19:35:36Z,,
Reminder: presentation is coming up next week. Looking forward to it!,0,user_000318,2025-10-26T20:24:43Z,,
Celebrating achievement with the family today! 🎉,0,user_000265,2026-01-14T05:45:26Z,,https://linkedin.com/article/2435
Beautiful sunset today in Sydney! 🌅 #photography,0,user_000705,2025-10-13T01:12:18Z,,https://techcrunch.com/article/2633
Your Bank of America payment failed. Update info to avoid suspension: https://claim-reward.org/update447,1,user_000014,2025-12-06T03:14:49Z,,https://claim-reward.org/update447
Just finished reading an interesting article about climate change. Thoughts?,0,user_000874,2025-09-03T09:16:54Z,,https://youtube.com/article/4534
Your Bank of America payment failed. Update info to avoid suspension: https://short.link/secure400,1,user_000297,2025-10-17T00:36:54Z,,https://short.link/secure400
RT @user_000858: Beautiful sunset today in California! 🌅 #photography,0,user_000986,2025-09-02T19:35:34Z,user_000858,https://cnn.com/article/3505
Working on a new research project. Exciting times ahead!,0,user_000499,2025-12-09T20:06:51Z,,
Coffee break thoughts: innovation drives progress What do you think?,0,user_000075,2025-09-08T08:17:09Z,,https://linkedin.com/article/8594
Just finished reading an interesting article about renewable energy. Thoughts?,0,user_000157,2026-01-29T11:04:47Z,,
Your Google payment failed. Update info to avoid suspension: https://account-update.org/claim868,1,user_000073,2026-01-16T20:42:17Z,,https://account-update.org/claim868
Great meeting with the product team today. Productive discussions!,0,user_000944,2026-02-14T10:29:56Z,,
Working on a new website project. Exciting times ahead!,0,user_000543,2026-01-10T02:33:57Z,,
Reminder: presentation is coming up next week. Looking forward to it!,0,user_000157,2025-09-18T15:57:16Z,,https://cnn.com/article/1607
Great meeting with the design team today. Productive discussions!,0,user_000044,2025-09-27T17:00:37Z,,
Great meeting with the sales team today. Productive discussions!,0,user_000075,2026-01-29T17:37:06Z,,
Beautiful sunset today in Sydney! 🌅 #photography,0,user_000374,2026-01-06T05:56:27Z,,
Celebrating anniversary with the family today! 🎉,0,user_000123,2025-10-02T04:42:21Z,,
Celebrating anniversary with the family today! 🎉,0,user_000991,2025-08-27T15:45:06Z,,
RT @user_000538: Working on a new research project. Exciting times ahead!,0,user_000997,2025-10-07T04:16:21Z,user_000538,
Reading about renewable energy - fascinating developments in the field,0,user_000683,2026-01-10T23:08:20Z,,
Reminder: presentation is coming up next week. Looking forward to it!,0,user_000896,2025-09-13T11:19:46Z,,https://news.bbc.co.uk/article/5307
Just finished reading an interesting article about climate change. Thoughts?,0,user_000433,2025-11-29T04:13:41Z,,https://youtube.com/article/9686
Coffee break thoughts: learning never stops What do you think?,0,user_000712,2025-08-19T18:09:20Z,,
Weekend plans include hiking. Should be fun!,0,user_000730,2026-01-04T06:32:23Z,,
RT @user_000712: Coffee break thoughts: learning never stops What do you think?,0,user_000544,2025-10-19T10:20:29Z,user_000712,
Just finished reading an interesting article about AI. Thoughts?,0,user_000001,2025-10-18T04:29:44Z,,https://wikipedia.org/article/3967
Reading about space exploration - fascinating developments in the field,0,user_000907,2025-11-01T21:56:28Z,,
Coffee break thoughts: collaboration is key What do you think?,0,user_000753,2025-09-07T07:51:22Z,,https://youtube.com/article/2497
Coffee break thoughts: collaboration is key What do you think?,0,user_000976,2025-12-15T00:35:40Z,,
🚨 URGENT: Your Facebook account has been flagged! Verify immediately: https://bit.ly/claim752,1,user_000202,2025-12-12T01:41:37Z,,https://bit.ly/claim752
Weather update: It's sunny in Sydney today,0,user_000212,2026-01-23T02:02:45Z,,
RT @user_000907: Reading about space exploration - fascinating developments in the field,0,user_000376,2025-10-19T12:29:56Z,user_000907,
Beautiful sunset today in Sydney! 🌅 #photography,0,user_000415,2025-11-11T09:12:11Z,,
Congratulations! You've won a laptop! Claim now: https://click.me/confirm412 Limited time offer!,1,user_000992,2025-12-05T03:02:05Z,,https://click.me/confirm412
Great meeting with the marketing team today. Productive discussions!,0,user_000102,2025-08-30T20:46:03Z,,
Weather update: It's rainy in Tokyo today,0,user_000056,2025-09-03T21:18:27Z,,
Great meeting with the engineering team today. Productive discussions!,0,user_000389,2026-01-14T15:41:06Z,,https://techcrunch.com/article/8644
RT @user_000168: Beautiful sunset today in California! 🌅 #photography,0,user_000794,2025-09-17T15:55:34Z,user_000168,
Working on a new data analysis project. Exciting times ahead!,0,user_000696,2025-11-25T17:39:00Z,,https://twitter.com/article/9585
Weekend plans include cooking. Should be fun!,0,user_000032,2026-01-12T18:26:42Z,,https://twitter.com/article/5903
Security Alert: Suspicious activity on your Apple. Confirm identity: https://claim-reward.org/claim766,1,user_000493,2025-10-07T13:21:49Z,,https://claim-reward.org/claim766
Weekend plans include cooking. Should be fun!,0,user_000421,2025-09-10T13:40:04Z,,
Great meeting with the sales team today. Productive discussions!,0,user_000277,2026-01-14T16:25:43Z,,
Great meeting with the design team today. Productive discussions!,0,user_000820,2026-02-07T21:40:23Z,,
Great meeting with the engineering team today. Productive discussions!,0,user_000530,2025-09-14T03:28:31Z,,
Reminder: workshop is coming up next week. Looking forward to it!,0,user_000905,2025-12-26T21:56:03Z,,
🚨 URGENT: Your PayPal account has been suspended! Verify immediately: https://short.link/confirm660,1,user_000315,2025-12-20T16:43:55Z,,https://short.link/confirm660
Reading about AI - fascinating developments in the field,0,user_000310,2025-09-01T01:45:24Z,,https://twitter.com/article/6090
Beautiful sunset today in London! 🌅 #photography,0,user_000860,2026-02-05T14:56:07Z,,
Weekend plans include traveling. Should be fun!,0,user_000115,2025-10-14T21:54:21Z,,https://github.com/article/7072
Working on a new research project. Exciting times ahead!,0,user_000489,2025-08-20T07:16:50Z,,
Working on a new machine learning project. Exciting times ahead!,0,user_000582,2025-10-23T14:42:45Z,,
Reading about climate change - fascinating developments in the field,0,user_000383,2026-01-21T03:34:17Z,,https://medium.com/article/5360
Your Amazon payment failed. Update info to avoid suspension: https://verify-now.net/secure953,1,user_000243,2025-12-30T17:39:34Z,,https://verify-now.net/secure953
Just finished reading an interesting article about renewable energy. Thoughts?,0,user_000975,2026-01-20T07:21:20Z,,
Great meeting with the product team today. Productive discussions!,0,user_000925,2025-10-24T14:33:51Z,,
Working on a new research project. Exciting times ahead!,0,user_000793,2025-10-20T02:54:33Z,,https://medium.com/article/2847
Just finished reading an interesting article about technology trends. Thoughts?,0,user_000704,2025-10-03T15:40:20Z,,
Just finished reading an interesting article about climate change. Thoughts?,0,user_000790,2025-12-31T06:05:08Z,,
Working on a new machine learning project. Exciting times ahead!,0,user_000667,2025-10-25T19:36:29Z,,https://wikipedia.org/article/6933
Reminder: meetup is coming up next week. Looking forward to it!,0,user_000666,2025-10-18T03:06:21Z,,https://news.bbc.co.uk/article/5816
Reading about space exploration - fascinating developments in the field,0,user_000233,2025-10-21T21:11:38Z,,https://medium.com/article/4534
Great meeting with the engineering team today. Productive discussions!,0,user_000728,2025-12-03T07:55:08Z,,
Coffee break thoughts: innovation drives progress What do you think?,0,user_000661,2025-12-31T05:11:07Z,,https://youtube.com/article/8735
Just finished reading an interesting article about technology trends. Thoughts?,0,user_000583,2026-02-01T21:07:37Z,,
Reminder: presentation is coming up next week. Looking forward to it!,0,user_000214,2026-01-10T23:55:00Z,,https://linkedin.com/article/2372
Just finished reading an interesting article about renewable energy. Thoughts?,0,user_000411,2025-09-15T17:31:15Z,,
Beautiful sunset today in Tokyo! 🌅 #photography,0,user_000231,2025-10-13T19:00:52Z,,
Just finished reading an interesting article about space exploration. Thoughts?,0,user_000996,2026-01-25T05:34:23Z,,
Coffee break thoughts: collaboration is key What do you think?,0,user_000908,2025-11-15T08:13:14Z,,https://linkedin.com/article/5005
Celebrating promotion with the family today! 🎉,0,user_000703,2025-11-01T17:02:31Z,,
Working on a new research project. Exciting times ahead!,0,user_000056,2026-01-13T20:32:43Z,,https://news.bbc.co.uk/article/1774
Great meeting with the sales team today. Productive discussions!,0,user_000858,2025-10-19T11:12:08Z,,https://medium.com/article/5456
Congratulations! You've won a laptop! Claim now: https://verify-now.net/secure107 Limited time offer!,1,user_000143,2026-02-06T23:05:43Z,,https://verify-now.net/secure107
Working on a new research project. Exciting times ahead!,0,user_000737,2026-02-04T14:31:29Z,,https://cnn.com/article/2557
RT @user_000421: Weekend plans include cooking. Should be fun!,0,user_000199,2025-11-25T22:56:38Z,user_000421,
Weather update: It's snowy in Sydney today,0,user_000761,2025-11-25T18:02:51Z,,https://github.com/article/3149
Beautiful sunset today in New York! 🌅 #photography,0,user_000156,2025-09-10T02:52:09Z,,
Reading about space exploration - fascinating developments in the field,0,user_000761,2026-02-01T21:49:51Z,,
Celebrating graduation with the family today! 🎉,0,user_000015,2025-12-31T06:15:12Z,,https://wikipedia.org/article/4514
Reminder: meetup is coming up next week. Looking forward to it!,0,user_000441,2025-11-07T09:25:23Z,,https://youtube.com/article/6468
Great meeting with the marketing team today. Productive discussions!,0,user_000262,2025-12-04T22:45:24Z,,
Weather update: It's sunny in Tokyo today,0,user_000853,2025-08-31T12:29:40Z,,
Your package could not be delivered. Reschedule: https://account-update.org/update809,1,user_000665,2025-12-02T13:50:46Z,,https://account-update.org/update809
Beautiful sunset today in London! 🌅 #photography,0,user_000949,2025-10-29T05:34:39Z,,
Weekend plans include hiking. Should be fun!,0,user_000580,2026-02-07T20:26:16Z,,
Reading about AI - fascinating developments in the field,0,user_000829,2025-09-23T18:26:26Z,,https://cnn.com/article/2555
Great meeting with the sales team today. Productive discussions!,0,user_000317,2026-01-07T09:06:47Z,,
Congratulations! You've won a laptop! Claim now: https://bit.ly/claim506 Limited time offer!,1,user_000711,2026-01-29T06:07:18Z,,https://bit.ly/claim506
Reading about technology trends - fascinating developments in the field,0,user_000329,2025-12-09T11:06:35Z,,
Reading about technology trends - fascinating developments in the field,0,user_000946,2025-08-22T16:16:41Z,,
Coffee break thoughts: innovation drives progress What do you think?,0,user_000610,2025-10-02T02:40:44Z,,
Reminder: conference is coming up next week. Looking forward to it!,0,user_000557,2025-10-30T06:09:28Z,,
"Tax refund of $2,100 pending. Claim here: https://click.me/confirm482",1,user_000740,2025-11-07T17:38:26Z,,https://click.me/confirm482
Weekend plans include cooking. Should be fun!,0,user_000944,2025-11-12T21:47:18Z,,
Celebrating anniversary with the family today! 🎉,0,user_000714,2025-10-01T15:58:30Z,,
Your package could not be delivered. Reschedule: https://short.link/update671,1,user_000061,2025-08-24T20:10:13Z,,https://short.link/update671
🚨 URGENT: Your Amazon account has been flagged! Verify immediately: https://bit.ly/secure386,1,user_000515,2026-01-04T18:11:52Z,,https://bit.ly/secure386
Reminder: webinar is coming up next week. Looking forward to it!,0,user_000921,2025-09-19T04:38:19Z,,https://medium.com/article/3442
Weekend plans include cooking. Should be fun!,0,user_000338,2025-12-01T21:23:23Z,,
Reading about renewable energy - fascinating developments in the field,0,user_000750,2025-08-30T08:54:12Z,,
Weekend plans include hiking. Should be fun!,0,user_000533,2025-10-25T18:53:02Z,,
RT @user_000156: Beautiful sunset today in New York! 🌅 #photography,0,user_000008,2025-09-22T04:48:36Z,user_000156,
Weekend plans include cooking. Should be fun!,0,user_000743,2026-02-01T23:53:16Z,,
Working on a new machine learning project. Exciting times ahead!,0,user_000811,2025-12-20T08:47:49Z,,
Celebrating graduation with the family today! 🎉,0,user_000906,2025-11-25T21:56:51Z,,
Working on a new research project. Exciting times ahead!,0,user_000559,2025-10-28T22:08:37Z,,https://twitter.com/article/3313
RT @user_000056: Working on a new research project. Exciting times ahead!,0,user_000910,2025-09-27T11:30:54Z,user_000056,https://news.bbc.co.uk/article/1774
BREAKING: Google is giving away $1000 gift card! Get yours: https://urgent-action.com/update119,1,user_000753,2025-11-03T00:10:43Z,,https://urgent-action.com/update119
Just finished reading an interesting article about space exploration. Thoughts?,0,user_000710,2025-11-08T23:18:45Z,,
Reading about technology trends - fascinating developments in the field,0,user_000936,2025-11-28T17:07:40Z,,https://news.bbc.co.uk/article/3493
Great meeting with the sales team today. Productive discussions!,0,user_000430,2025-12-24T10:14:52Z,,
Weekend plans include traveling. Should be fun!,0,user_000904,2026-01-20T07:22:38Z,,https://linkedin.com/article/4206
Coffee break thoughts: learning never stops What do you think?,0,user_000907,2025-09-15T05:34:30Z,,
Weekend plans include traveling. Should be fun!,0,user_000358,2025-10-30T20:03:17Z,,
Just finished reading an interesting article about space exploration. Thoughts?,0,user_000451,2025-09-17T13:06:33Z,,
Working on a new data analysis project. Exciting times ahead!,0,user_000192,2026-01-03T21:45:01Z,,https://techcrunch.com/article/1926
Beautiful sunset today in Tokyo! 🌅 #photography,0,user_000340,2025-08-25T01:22:00Z,,
⚠️ Account Locked: Your Microsoft needs immediate verification: https://t.co/update243,1,user_000349,2025-09-17T01:15:57Z,,https://t.co/update243
Beautiful sunset today in New York! 🌅 #photography,0,user_000369,2025-12-09T08:03:40Z,,
RT @user_000794: RT @user_000168: Beautiful sunset today in California! 🌅 #photography,0,user_000783,2025-08-25T08:26:51Z,user_000794,
Reminder: conference is coming up next week. Looking forward to it!,0,user_000477,2025-11-10T20:42:42Z,,
Great meeting with the marketing team today. Productive discussions!,0,user_000494,2025-10-01T01:06:14Z,,
Great meeting with the marketing team today. Productive discussions!,0,user_000352,2026-02-12T21:59:36Z,,https://wikipedia.org/article/7253
Working on a new website project. Exciting times ahead!,0,user_000292,2025-08-20T19:20:23Z,,
Reading about technology trends - fascinating developments in the field,0,user_000824,2025-10-06T14:38:47Z,,
Just finished reading an interesting article about technology trends. Thoughts?,0,user_000135,2025-11-04T19:33:26Z,,
Weather update: It's rainy in Sydney today,0,user_000328,2025-10-26T18:17:14Z,,
Beautiful sunset today in Sydney! 🌅 #photography,0,user_000617,2025-10-30T04:45:58Z,,
Reminder: meetup is coming up next week. Looking forward to it!,0,user_000179,2026-01-08T22:56:18Z,,https://twitter.com/article/2296
Just finished reading an interesting article about climate change. Thoughts?,0,user_000554,2026-01-02T12:47:36Z,,
Reminder: presentation is coming up next week. Looking forward to it!,0,user_000381,2025-12-02T12:30:18Z,,
Reminder: conference is coming up next week. Looking forward to it!,0,user_000474,2025-08-27T20:10:01Z,,
Beautiful sunset today in London! 🌅 #photography,0,user_000157,2025-12-15T17:34:10Z,,https://medium.com/article/7691
Just finished reading an interesting article about renewable energy. Thoughts?,0,user_000461,2026-01-29T15:00:13Z,,
Reading about AI - fascinating developments in the field,0,user_000659,2025-11-02T20:44:18Z,,
Celebrating promotion with the family today! 🎉,0,user_000642,2025-11-10T16:24:12Z,,
Just finished reading an interesting article about space exploration. Thoughts?,0,user_000078,2025-12-07T21:38:11Z,,
Great meeting with the engineering team today. Productive discussions!,0,user_000528,2026-01-19T04:41:24Z,,https://cnn.com/article/8563
Just finished reading an interesting article about renewable energy. Thoughts?,0,user_000802,2025-09-03T07:28:20Z,,https://medium.com/article/8464
Working on a new machine learning project. Exciting times ahead!,0,user_000470,2025-09-06T15:03:59Z,,
Coffee break thoughts: collaboration is key What do you think?,0,user_000827,2025-10-19T18:22:02Z,,https://twitter.com/article/7322
Just finished reading an interesting article about AI. Thoughts?,0,user_000164,2025-09-10T03:25:15Z,,
Beautiful sunset today in Tokyo! 🌅 #photography,0,user_000122,2026-02-11T12:19:28Z,,https://wikipedia.org/article/9904
Beautiful sunset today in New York! 🌅 #photography,0,user_000597,2026-02-07T04:46:12Z,,
Beautiful sunset today in Tokyo! 🌅 #photography,0,user_000054,2025-10-14T01:22:23Z,,https://twitter.com/article/7662
Celebrating graduation with the family today! 🎉,0,user_000666,2025-08-27T11:50:56Z,,
Working on a new data analysis project. Exciting times ahead!,0,user_000863,2026-01-29T23:28:25Z,,
Beautiful sunset today in Sydney! 🌅 #photography,0,user_000362,2025-12-24T15:41:49Z,,
Beautiful sunset today in Tokyo! 🌅 #photography,0,user_000679,2025-10-13T20:52:34Z,,https://linkedin.com/article/4227
Weekend plans include traveling. Should be fun!,0,user_000994,2026-02-03T03:26:22Z,,
Coffee break thoughts: innovation drives progress What do you think?,0,user_000200,2025-11-29T02:56:25Z,,
Reminder: webinar is coming up next week. Looking forward to it!,0,user_000860,2026-01-22T22:30:09Z,,https://cnn.com/article/7879
Great meeting with the design team today. Productive discussions!,0,user_000428,2025-12-10T05:59:54Z,,https://youtube.com/article/3036
RT @user_000078: Just finished reading an interesting article about space exploration. Thoughts?,0,user_000434,2025-11-14T07:19:50Z,user_000078,
RT @user_000936: Reading about technology trends - fascinating developments in the field,0,user_000141,2025-12-15T16:27:43Z,user_000936,https://news.bbc.co.uk/article/3493
RT @user_000946: Reading about technology trends - fascinating developments in the field,0,user_000363,2025-12-16T20:44:56Z,user_000946,
RT @user_000381: Reminder: presentation is coming up next week. Looking forward to it!,0,user_000612,2025-10-27T05:59:24Z,user_000381,
Coffee break thoughts: learning never stops What do you think?,0,user_000029,2025-09-02T18:32:27Z,,
RT @user_000659: Reading about AI - fascinating developments in the field,0,user_000143,2026-02-06T13:43:01Z,user_000659,
Great meeting with the sales team today. Productive discussions!,0,user_000082,2026-01-06T04:22:07Z,,https://news.bbc.co.uk/article/6576
Coffee break thoughts: innovation drives progress What do you think?,0,user_000588,2025-09-27T18:59:47Z,,https://cnn.com/article/1864
Weather update: It's sunny in Tokyo today,0,user_000975,2025-10-26T21:37:30Z,,https://twitter.com/article/4400
Weather update: It's rainy in London today,0,user_000551,2025-09-25T11:07:09Z,,
Great meeting with the product team today. Productive discussions!,0,user_000938,2025-10-07T05:09:56Z,,
Reminder: conference is coming up next week. Looking forward to it!,0,user_000289,2025-10-28T22:47:11Z,,
Working on a new machine learning project. Exciting times ahead!,0,user_000796,2025-09-23T05:07:11Z,,
RT @user_000617: Beautiful sunset today in Sydney! 🌅 #photography,0,user_000836,2025-10-20T23:01:17Z,user_000617,
Weekend plans include traveling. Should be fun!,0,user_000127,2025-12-27T08:52:35Z,,
Reminder: conference is coming up next week. Looking forward to it!,0,user_000950,2025-09-12T10:19:27Z,,
Coffee break thoughts: collaboration is key What do you think?,0,user_000754,2025-10-13T16:10:59Z,,
Great meeting with the engineering team today. Productive discussions!,0,user_000034,2025-10-29T19:34:37Z,,
Weather update: It's windy in California today,0,user_000098,2025-11-08T04:48:16Z,,
RT @user_000853: Weather update: It's sunny in Tokyo today,0,user_000561,2025-12-02T13:59:04Z,user_000853,
Working on a new research project. Exciting times ahead!,0,user_000925,2025-12-12T10:35:08Z,,
Great meeting with the sales team today. Productive discussions!,0,user_000641,2025-10-19T16:12:55Z,,https://medium.com/article/3073
Great meeting with the product team today. Productive discussions!,0,user_000356,2025-09-11T20:31:15Z,,https://wikipedia.org/article/7435
⚠️ Account Locked: Your Bank of America needs immediate verification: https://verify-now.net/update290,1,user_000568,2025-10-26T15:32:01Z,,https://verify-now.net/update290
Your Bank of America payment failed. Update info to avoid suspension: https://account-update.org/confirm822,1,user_000580,2025-09-03T17:44:49Z,,https://account-update.org/confirm822
Beautiful sunset today in Tokyo! 🌅 #photography,0,user_000587,2026-02-05T07:16:19Z,,https://wikipedia.org/article/6546
Weekend plans include cooking. Should be fun!,0,user_000898,2025-12-05T12:32:30Z,,https://linkedin.com/article/9750
Weekend plans include coding. Should be fun!,0,user_000927,2025-09-10T12:08:18Z,,
Just finished reading an interesting article about space exploration. Thoughts?,0,user_000555,2025-10-22T08:33:53Z,,https://github.com/article/6935
Your package could not be delivered. Reschedule: https://claim-reward.org/confirm511,1,user_000191,2025-10-29T07:07:36Z,,https://claim-reward.org/confirm511
Beautiful sunset today in Tokyo! 🌅 #photography,0,user_000831,2026-01-18T11:32:31Z,,https://news.bbc.co.uk/article/2098
Great meeting with the marketing team today. Productive discussions!,0,user_000808,2025-10-21T19:58:48Z,,https://linkedin.com/article/6569
Weekend plans include reading. Should be fun!,0,user_000478,2026-02-09T17:25:36Z,,
BREAKING: Apple is giving away laptop! Get yours: https://t.co/verify272,1,user_000841,2025-09-14T15:06:41Z,,https://t.co/verify272
Coffee break thoughts: collaboration is key What do you think?,0,user_000020,2026-01-10T08:14:45Z,,
RT @user_000904: Weekend plans include traveling. Should be fun!,0,user_000090,2025-10-07T02:21:47Z,user_000904,https://linkedin.com/article/4206
Working on a new mobile app project. Exciting times ahead!,0,user_000930,2026-01-30T04:02:32Z,,
Reading about space exploration - fascinating developments in the field,0,user_000076,2025-09-23T17:12:07Z,,
Weekend plans include hiking. Should be fun!,0,user_000383,2026-02-06T06:00:48Z,,
RT @user_000642: Celebrating promotion with the family today! 🎉,0,user_000105,2025-09-02T16:19:23Z,user_000642,
Working on a new research project. Exciting times ahead!,0,user_000774,2026-02-09T01:06:59Z,,
Coffee break thoughts: innovation drives progress What do you think?,0,user_000868,2025-10-04T06:38:26Z,,https://cnn.com/article/7025
RT @user_000679: Beautiful sunset today in Tokyo! 🌅 #photography,0,user_000674,2025-10-26T22:17:47Z,user_000679,https://linkedin.com/article/4227
Coffee break thoughts: learning never stops What do you think?,0,user_000765,2025-08-24T08:22:11Z,,https://youtube.com/article/7754
Weekend plans include reading. Should be fun!,0,user_000729,2025-10-17T02:12:09Z,,https://medium.com/article/6829
Great meeting with the engineering team today. Productive discussions!,0,user_000031,2025-09-23T22:53:55Z,,https://wikipedia.org/article/9438
Reminder: webinar is coming up next week. Looking forward to it!,0,user_000270,2025-09-21T21:06:52Z,,
Celebrating graduation with the family today! 🎉,0,user_000366,2025-10-17T11:45:04Z,,https://youtube.com/article/8097
Limited Time: Get $1000 gift card absolutely FREE! Click here: https://secure-verify.net/verify209,1,user_000383,2025-09-24T11:02:28Z,,https://secure-verify.net/verify209
Just finished reading an interesting article about climate change. Thoughts?,0,user_000390,2025-10-08T10:15:00Z,,https://wikipedia.org/article/7502
Coffee break thoughts: learning never stops What do you think?,0,user_000680,2025-11-05T22:33:47Z,,
RT @user_000975: Weather update: It's sunny in Tokyo today,0,user_000260,2026-01-23T06:45:23Z,user_000975,https://twitter.com/article/4400
Reading about renewable energy - fascinating developments in the field,0,user_000576,2025-09-10T21:04:54Z,,
Celebrating anniversary with the family today! 🎉,0,user_000075,2026-02-05T15:48:19Z,,
Weather update: It's cloudy in Sydney today,0,user_000773,2026-02-05T14:13:32Z,,https://news.bbc.co.uk/article/2386
Weekend plans include hiking. Should be fun!,0,user_000659,2026-02-05T05:27:05Z,,
Beautiful sunset today in California! 🌅 #photography,0,user_000811,2026-01-02T00:12:15Z,,https://medium.com/article/3249
Security Alert: Suspicious activity on your Netflix. Confirm identity: https://bit.ly/claim256,1,user_000713,2025-10-29T19:47:40Z,,https://bit.ly/claim256
Weekend plans include cooking. Should be fun!,0,user_000753,2025-09-18T04:48:01Z,,https://wikipedia.org/article/2965
Coffee break thoughts: innovation drives progress What do you think?,0,user_000158,2025-10-16T19:03:48Z,,https://github.com/article/1125
Reading about climate change - fascinating developments in the field,0,user_000915,2025-12-15T22:54:16Z,,https://youtube.com/article/7601
Just finished reading an interesting article about technology trends. Thoughts?,0,user_000391,2026-02-13T16:49:36Z,,
Beautiful sunset today in Sydney! 🌅 #photography,0,user_000410,2026-01-11T20:59:58Z,,https://techcrunch.com/article/2236
Final Notice: Netflix account expires today. Renew now: https://click.me/secure967,1,user_000711,2025-12-07T09:44:20Z,,https://click.me/secure967
Great meeting with the engineering team today. Productive discussions!,0,user_000497,2025-11-27T13:12:02Z,,
⚠️ Account Locked: Your Amazon needs immediate verification: https://short.link/secure346,1,user_000862,2025-11-20T09:28:51Z,,https://short.link/secure346
RT @user_000641: Great meeting with the sales team today. Productive discussions!,0,user_000251,2025-10-25T14:19:44Z,user_000641,https://medium.com/article/3073
Beautiful sunset today in Tokyo! 🌅 #photography,0,user_000007,2026-02-11T11:31:26Z,,https://news.bbc.co.uk/article/5555
Weekend plans include hiking. Should be fun!,0,user_000883,2026-01-26T03:59:44Z,,
RT @user_000612: RT @user_000381: Reminder: presentation is coming up next week. Looking forward to it!,0,user_000911,2025-08-21T12:17:31Z,user_000612,
Reminder: webinar is coming up next week. Looking forward to it!,0,user_000444,2025-11-03T17:55:32Z,,
Coffee break thoughts: innovation drives progress What do you think?,0,user_000305,2025-10-17T07:05:40Z,,https://techcrunch.com/article/8676
Beautiful sunset today in Tokyo! 🌅 #photography,0,user_000835,2025-09-05T23:20:44Z,,
Working on a new mobile app project. Exciting times ahead!,0,user_000719,2025-11-16T20:01:45Z,,
Weekend plans include reading. Should be fun!,0,user_000966,2025-10-11T09:21:30Z,,https://news.bbc.co.uk/article/1257
Beautiful sunset today in New York! 🌅 #photography,0,user_000834,2026-01-02T03:02:55Z,,https://medium.com/article/1717
Great meeting with the product team today. Productive discussions!,0,user_000699,2026-01-14T20:26:58Z,,
Weekend plans include cooking. Should be fun!,0,user_000401,2026-01-30T19:50:38Z,,
Reminder: presentation is coming up next week. Looking forward to it!,0,user_000849,2025-12-28T02:45:12Z,,
Reminder: conference is coming up next week. Looking forward to it!,0,user_000333,2026-01-24T10:33:44Z,,
Coffee break thoughts: innovation drives progress What do you think?,0,user_000719,2026-01-26T05:29:17Z,,
RT @user_000105: RT @user_000642: Celebrating promotion with the family today! 🎉,0,user_000973,2025-11-15T11:54:38Z,user_000105,
Working on a new research project. Exciting times ahead!,0,user_000773,2025-12-07T06:27:52Z,,
Celebrating graduation with the family today! 🎉,0,user_000536,2026-01-03T23:27:05Z,,
Weekend plans include traveling. Should be fun!,0,user_000633,2025-09-24T18:31:32Z,,
Security Alert: Suspicious activity on your Facebook. Confirm identity: https://t.co/confirm717,1,user_000807,2026-01-26T01:52:29Z,,https://t.co/confirm717
Weekend plans include reading. Should be fun!,0,user_000213,2026-01-23T13:32:01Z,,
RT @user_000973: RT @user_000105: RT @user_000642: Celebrating promotion with the family today! 🎉,0,user_000468,2025-11-21T11:52:50Z,user_000973,
Working on a new website project. Exciting times ahead!,0,user_000579,2026-01-13T18:00:39Z,,
Coffee break thoughts: innovation drives progress What do you think?,0,user_000408,2025-11-06T20:21:33Z,,
Reading about renewable energy - fascinating developments in the field,0,user_000668,2025-11-01T08:32:35Z,,
Weekend plans include reading. Should be fun!,0,user_000060,2026-01-11T17:16:46Z,,
Reading about AI - fascinating developments in the field,0,user_000099,2026-01-09T21:16:05Z,,
Coffee break thoughts: innovation drives progress What do you think?,0,user_000172,2025-11-28T16:51:00Z,,
Beautiful sunset today in New York! 🌅 #photography,0,user_000424,2026-02-06T22:57:07Z,,
Great meeting with the sales team today. Productive discussions!,0,user_000525,2025-09-19T05:08:49Z,,https://news.bbc.co.uk/article/8778
Weekend plans include hiking. Should be fun!,0,user_000770,2025-08-26T19:16:56Z,,https://twitter.com/article/6218
Celebrating anniversary with the family today! 🎉,0,user_000022,2025-09-02T09:41:55Z,,
RT @user_000408: Coffee break thoughts: innovation drives progress What do you think?,0,user_000504,2026-01-11T17:47:42Z,user_000408,
Weather update: It's rainy in New York today,0,user_000181,2025-11-14T17:38:55Z,,
Just finished reading an interesting article about space exploration. Thoughts?,0,user_000798,2026-02-10T21:04:40Z,,
Celebrating achievement with the family today! 🎉,0,user_000287,2026-01-25T08:07:45Z,,
RT @user_000191: Your package could not be delivered. Reschedule: https://claim-reward.org/confirm511,1,user_000488,2025-09-23T12:30:25Z,user_000191,https://claim-reward.org/confirm511
Weekend plans include cooking. Should be fun!,0,user_000255,2026-02-14T01:45:35Z,,
Reminder: webinar is coming up next week. Looking forward to it!,0,user_000154,2025-08-25T11:54:26Z,,https://github.com/article/5809
Great meeting with the design team today. Productive discussions!,0,user_000094,2026-01-16T06:43:47Z,,
Reminder: meetup is coming up next week. Looking forward to it!,0,user_000864,2025-12-26T04:08:10Z,,
Reading about climate change - fascinating developments in the field,0,user_000028,2025-10-16T00:21:23Z,,
Beautiful sunset today in Tokyo! 🌅 #photography,0,user_000886,2025-12-26T05:43:17Z,,https://twitter.com/article/9583
RT @user_000090: RT @user_000904: Weekend plans include traveling. Should be fun!,0,user_000670,2026-01-25T10:40:57Z,user_000090,https://linkedin.com/article/4206
Coffee break thoughts: learning never stops What do you think?,0,user_000877,2026-02-01T09:10:57Z,,
Reading about renewable energy - fascinating developments in the field,0,user_000428,2026-01-17T18:10:24Z,,
Weather update: It's rainy in New York today,0,user_000038,2025-09-02T18:21:47Z,,
RT @user_000930: Working on a new mobile app project. Exciting times ahead!,0,user_000950,2025-09-14T18:01:53Z,user_000930,
Beautiful sunset today in New York! 🌅 #photography,0,user_000921,2025-08-24T20:07:04Z,,https://medium.com/article/2322
Weather update: It's snowy in California today,0,user_000810,2025-08-31T21:50:00Z,,
Reminder: workshop is coming up next week. Looking forward to it!,0,user_000462,2025-10-10T09:02:00Z,,
Working on a new website project. Exciting times ahead!,0,user_000941,2025-08-29T00:07:00Z,,
Weekend plans include traveling. Should be fun!,0,user_000387,2025-11-17T09:40:39Z,,https://techcrunch.com/article/9876
Celebrating promotion with the family today! 🎉,0,user_000954,2025-10-09T16:08:11Z,,
Beautiful sunset today in California! 🌅 #photography,0,user_000350,2025-12-29T18:07:19Z,,
Beautiful sunset today in London! 🌅 #photography,0,user_000536,2025-11-25T14:36:35Z,,https://github.com/article/3976
⚠️ Account Locked: Your Facebook needs immediate verification: https://secure-verify.net/secure335,1,user_000942,2025-11-23T09:09:32Z,,https://secure-verify.net/secure335
Reminder: meetup is coming up next week. Looking forward to it!,0,user_000588,2025-11-09T09:35:53Z,,https://github.com/article/8060
Great meeting with the product team today. Productive discussions!,0,user_000195,2026-01-04T12:52:47Z,,https://linkedin.com/article/2013
Coffee break thoughts: learning never stops What do you think?,0,user_000780,2025-09-16T11:43:11Z,,
RT @user_000525: Great meeting with the sales team today. Productive discussions!,0,user_000301,2025-09-27T15:36:45Z,user_000525,https://news.bbc.co.uk/article/8778
BREAKING: Tesla is giving away iPhone 15! Get yours: https://urgent-action.com/verify778,1,user_000851,2026-01-27T03:10:25Z,,https://urgent-action.com/verify778
Working on a new website project. Exciting times ahead!,0,user_000801,2025-10-30T05:54:06Z,,https://youtube.com/article/6628
Reading about climate change - fascinating developments in the field,0,user_000950,2025-12-07T16:46:36Z,,https://linkedin.com/article/1679
Reminder: meetup is coming up next week. Looking forward to it!,0,user_000430,2025-10-31T01:14:25Z,,
Just finished reading an interesting article about AI. Thoughts?,0,user_000714,2025-10-03T08:17:43Z,,
Coffee break thoughts: collaboration is key What do you think?,0,user_000945,2025-12-09T01:01:24Z,,https://techcrunch.com/article/5086
RT @user_000674: RT @user_000679: Beautiful sunset today in Tokyo! 🌅 #photography,0,user_000793,2026-01-18T16:53:02Z,user_000674,https://linkedin.com/article/4227
Coffee break thoughts: innovation drives progress What do you think?,0,user_000253,2025-09-13T03:16:21Z,,https://cnn.com/article/1723
Weather update: It's cloudy in Sydney today,0,user_000449,2026-01-30T13:33:05Z,,
Great meeting with the product team today. Productive discussions!,0,user_000016,2025-09-24T19:48:38Z,,
RT @user_000973: RT @user_000105: RT @user_000642: Celebrating promotion with the family today! 🎉,0,user_000162,2025-11-09T02:53:48Z,user_000973,
Weather update: It's rainy in California today,0,user_000521,2025-11-09T15:42:10Z,,
Weather update: It's windy in Sydney today,0,user_000886,2026-02-01T01:05:42Z,,
RT @user_000162: RT @user_000973: RT @user_000105: RT @user_000642: Celebrating promotion with the family today! 🎉,0,user_000567,2026-01-07T17:22:07Z,user_000162,
RT @user_000633: Weekend plans include traveling. Should be fun!,0,user_000788,2025-10-21T15:09:50Z,user_000633,
Weather update: It's sunny in Tokyo today,0,user_000406,2025-09-04T09:41:37Z,,
Great meeting with the design team today. Productive discussions!,0,user_000431,2025-08-29T12:58:50Z,,
Reminder: conference is coming up next week. Looking forward to it!,0,user_000629,2026-01-15T14:51:38Z,,
Beautiful sunset today in Sydney! 🌅 #photography,0,user_000334,2025-10-07T09:10:47Z,,
Your Google payment failed. Update info to avoid suspension: https://verify-now.net/verify350,1,user_000625,2025-09-22T00:17:33Z,,https://verify-now.net/verify350
Weather update: It's sunny in California today,0,user_000644,2025-09-25T01:06:59Z,,https://cnn.com/article/8699
Weekend plans include reading. Should be fun!,0,user_000952,2025-12-22T11:34:47Z,,https://cnn.com/article/8749
Weekend plans include hiking. Should be fun!,0,user_000208,2025-10-27T10:35:15Z,,
Coffee break thoughts: innovation drives progress What do you think?,0,user_000278,2025-10-27T18:09:54Z,,
Reminder: presentation is coming up next week. Looking forward to it!,0,user_000068,2025-09-05T23:43:14Z,,
Celebrating birthday with the family today! 🎉,0,user_000410,2025-11-07T10:29:42Z,,
Working on a new machine learning project. Exciting times ahead!,0,user_000254,2026-01-02T03:02:59Z,,
Reminder: presentation is coming up next week. Looking forward to it!,0,user_000114,2026-02-12T06:56:05Z,,
Working on a new data analysis project. Exciting times ahead!,0,user_000272,2026-01-27T20:26:24Z,,
RT @user_000387: Weekend plans include traveling. Should be fun!,0,user_000485,2025-09-21T12:50:15Z,user_000387,https://techcrunch.com/article/9876
Final Notice: Apple account expires today. Renew now: https://secure-verify.net/claim875,1,user_000744,2025-11-24T02:55:19Z,,https://secure-verify.net/claim875
Just finished reading an interesting article about AI. Thoughts?,0,user_000020,2025-08-22T05:28:19Z,,
Reminder: webinar is coming up next week. Looking forward to it!,0,user_000258,2025-11-13T16:44:57Z,,https://github.com/article/2278
Great meeting with the engineering team today. Productive discussions!,0,user_000024,2025-10-17T18:16:02Z,,
Weekend plans include reading. Should be fun!,0,user_000495,2026-02-07T01:57:42Z,,https://medium.com/article/8559
Reading about technology trends - fascinating developments in the field,0,user_000066,2025-12-16T10:51:48Z,,
Weekend plans include cooking. Should be fun!,0,user_000799,2026-02-14T12:32:58Z,,
RT @user_000462: Reminder: workshop is coming up next week. Looking forward to it!,0,user_000118,2025-10-19T10:02:20Z,user_000462,
Reminder: webinar is coming up next week. Looking forward to it!,0,user_000473,2025-12-05T20:29:43Z,,https://cnn.com/article/4669
RT @user_000886: Beautiful sunset today in Tokyo! 🌅 #photography,0,user_000274,2025-09-29T22:50:51Z,user_000886,https://twitter.com/article/9583
Weekend plans include coding. Should be fun!,0,user_000921,2025-11-04T00:01:14Z,,
Reminder: presentation is coming up next week. Looking forward to it!,0,user_000178,2025-09-24T05:41:14Z,,
Reminder: webinar is coming up next week. Looking forward to it!,0,user_000275,2025-11-03T17:43:34Z,,https://youtube.com/article/2290
RT @user_000952: Weekend plans include reading. Should be fun!,0,user_000739,2026-02-01T07:42:47Z,user_000952,https://cnn.com/article/8749
Celebrating anniversary with the family today! 🎉,0,user_000353,2025-10-05T12:46:23Z,,https://cnn.com/article/1177
Celebrating graduation with the family today! 🎉,0,user_000122,2025-12-15T02:56:04Z,,https://cnn.com/article/2255
Reading about technology trends - fascinating developments in the field,0,user_000534,2025-12-09T18:47:17Z,,
Great meeting with the sales team today. Productive discussions!,0,user_000004,2026-01-27T20:53:21Z,,https://news.bbc.co.uk/article/2472
Working on a new research project. Exciting times ahead!,0,user_000974,2025-12-24T00:11:37Z,,
Reminder: meetup is coming up next week. Looking forward to it!,0,user_000068,2025-09-28T04:36:49Z,,
Tax refund of $850 pending. Claim here: https://tinyurl.com/claim474,1,user_000001,2026-01-22T08:46:17Z,,https://tinyurl.com/claim474
Reading about AI - fascinating developments in the field,0,user_000584,2025-12-02T23:22:22Z,,
Weather update: It's cloudy in Sydney today,0,user_000876,2025-08-26T06:36:48Z,,
Weekend plans include hiking. Should be fun!,0,user_000548,2025-10-15T18:04:26Z,,
Great meeting with the product team today. Productive discussions!,0,user_000347,2025-08-21T23:41:22Z,,
Reminder: presentation is coming up next week. Looking forward to it!,0,user_000944,2025-11-21T17:15:37Z,,
Weekend plans include cooking. Should be fun!,0,user_000368,2026-02-03T18:34:05Z,,
Weekend plans include hiking. Should be fun!,0,user_000381,2026-01-04T13:06:31Z,,https://github.com/article/2899
Beautiful sunset today in California! 🌅 #photography,0,user_000358,2025-09-03T15:12:04Z,,https://cnn.com/article/3446
Coffee break thoughts: collaboration is key What do you think?,0,user_000071,2026-01-19T16:57:35Z,,
Coffee break thoughts: collaboration is key What do you think?,0,user_000290,2025-12-02T22:38:25Z,,
Working on a new data analysis project. Exciting times ahead!,0,user_000314,2025-10-06T14:54:39Z,,https://cnn.com/article/9571
Coffee break thoughts: learning never stops What do you think?,0,user_000679,2026-01-16T16:38:16Z,,
Weekend plans include coding. Should be fun!,0,user_000449,2025-08-19T07:51:57Z,,https://twitter.com/article/8628
Celebrating graduation with the family today! 🎉,0,user_000974,2025-12-01T00:59:11Z,,https://wikipedia.org/article/6731
Weekend plans include cooking. Should be fun!,0,user_000792,2026-01-04T21:01:38Z,,
Just finished reading an interesting article about space exploration. Thoughts?,0,user_000826,2025-12-24T16:29:45Z,,
Great meeting with the product team today. Productive discussions!,0,user_000912,2025-09-21T00:40:13Z,,
Coffee break thoughts: learning never stops What do you think?,0,user_000020,2025-11-24T00:54:01Z,,
Security Alert: Suspicious activity on your Amazon. Confirm identity: https://secure-verify.net/secure741,1,user_000576,2025-09-25T14:48:26Z,,https://secure-verify.net/secure741
RT @user_000368: Weekend plans include cooking. Should be fun!,0,user_000834,2025-08-23T01:35:37Z,user_000368,
Working on a new research project. Exciting times ahead!,0,user_000573,2025-09-20T10:24:46Z,,
Great meeting with the engineering team today. Productive discussions!,0,user_000770,2025-09-08T04:38:23Z,,
Working on a new research project. Exciting times ahead!,0,user_000291,2025-10-21T01:28:23Z,,
Coffee break thoughts: collaboration is key What do you think?,0,user_000278,2026-02-12T23:17:03Z,,
Weekend plans include hiking. Should be fun!,0,user_000263,2025-09-15T23:56:17Z,,https://twitter.com/article/5844
Your Netflix payment failed. Update info to avoid suspension: https://click.me/secure815,1,user_000228,2025-12-18T17:33:44Z,,https://click.me/secure815
Working on a new data analysis project. Exciting times ahead!,0,user_000002,2025-08-27T06:48:09Z,,
Just finished reading an interesting article about climate change. Thoughts?,0,user_000556,2025-09-26T20:56:12Z,,
BREAKING: Apple is giving away $1000 gift card! Get yours: https://verify-now.net/confirm761,1,user_000844,2025-12-26T02:39:27Z,,https://verify-now.net/confirm761
Weather update: It's snowy in Sydney today,0,user_000178,2026-02-08T08:03:11Z,,https://youtube.com/article/2898
Weekend plans include coding. Should be fun!,0,user_000787,2025-09-04T18:34:42Z,,https://wikipedia.org/article/4363
🚨 URGENT: Your PayPal account has been suspended! Verify immediately: https://tinyurl.com/confirm659,1,user_000312,2025-10-05T19:24:41Z,,https://tinyurl.com/confirm659
Working on a new website project. Exciting times ahead!,0,user_000860,2025-12-09T03:11:14Z,,
Reading about climate change - fascinating developments in the field,0,user_000088,2026-01-04T05:40:49Z,,
RT @user_000548: Weekend plans include hiking. Should be fun!,0,user_000078,2025-12-01T16:30:24Z,user_000548,
RT @user_000358: Beautiful sunset today in California! 🌅 #photography,0,user_000740,2025-10-25T00:38:16Z,user_000358,https://cnn.com/article/3446
⚠️ Account Locked: Your Amazon needs immediate verification: https://click.me/verify628,1,user_000512,2025-08-29T19:00:39Z,,https://click.me/verify628
Just finished reading an interesting article about AI. Thoughts?,0,user_000602,2025-10-26T08:42:32Z,,
Beautiful sunset today in Tokyo! 🌅 #photography,0,user_000438,2025-09-08T05:32:39Z,,
Coffee break thoughts: innovation drives progress What do you think?,0,user_000919,2025-11-21T21:36:10Z,,https://medium.com/article/7158
Working on a new website project. Exciting times ahead!,0,user_000410,2025-09-10T05:42:28Z,,
BREAKING: Amazon is giving away vacation package! Get yours: https://tinyurl.com/confirm130,1,user_000305,2025-10-08T18:26:38Z,,https://tinyurl.com/confirm130
Just finished reading an interesting article about space exploration. Thoughts?,0,user_000895,2025-10-07T11:31:14Z,,https://twitter.com/article/3276
Reading about AI - fascinating developments in the field,0,user_000453,2026-02-05T05:22:55Z,,https://wikipedia.org/article/7405
Great meeting with the marketing team today. Productive discussions!,0,user_000042,2026-02-10T01:04:59Z,,
Reminder: webinar is coming up next week. Looking forward to it!,0,user_000954,2025-08-21T09:18:30Z,,
Weather update: It's sunny in New York today,0,user_000347,2025-10-29T06:09:33Z,,
Reminder: presentation is coming up next week. Looking forward to it!,0,user_000256,2025-11-07T06:12:17Z,,https://wikipedia.org/article/7906
Just finished reading an interesting article about renewable energy. Thoughts?,0,user_000090,2026-01-19T15:03:31Z,,
Great meeting with the engineering team today. Productive discussions!,0,user_000640,2025-09-19T21:31:10Z,,
⚠️ Account Locked: Your Facebook needs immediate verification: https://urgent-action.com/update117,1,user_000753,2025-10-02T18:51:45Z,,https://urgent-action.com/update117
Coffee break thoughts: collaboration is key What do you think?,0,user_000053,2025-12-02T01:47:29Z,,
Working on a new website project. Exciting times ahead!,0,user_000783,2025-09-25T08:10:18Z,,
Working on a new machine learning project. Exciting times ahead!,0,user_000775,2025-11-21T16:08:39Z,,https://github.com/article/9413
Weather update: It's sunny in California today,0,user_000298,2025-09-01T16:55:08Z,,https://medium.com/article/9924
Weather update: It's cloudy in Tokyo today,0,user_000851,2026-01-27T10:57:52Z,,
Reminder: webinar is coming up next week. Looking forward to it!,0,user_000421,2025-09-21T04:30:37Z,,
Final Notice: Facebook account expires today. Renew now: https://t.co/secure336,1,user_000138,2025-10-01T22:05:22Z,,https://t.co/secure336
Weather update: It's sunny in Sydney today,0,user_000799,2025-12-15T19:11:25Z,,
Weekend plans include hiking. Should be fun!,0,user_000993,2026-02-13T07:53:44Z,,
Tax refund of $500 pending. Claim here: https://tinyurl.com/verify797,1,user_000234,2025-09-23T18:06:43Z,,https://tinyurl.com/verify797
Celebrating achievement with the family today! 🎉,0,user_001000,2025-11-18T08:04:25Z,,
Coffee break thoughts: collaboration is key What do you think?,0,user_000482,2025-11-29T07:58:45Z,,
Weekend plans include traveling. Should be fun!,0,user_000358,2025-12-04T05:59:57Z,,
Working on a new data analysis project. Exciting times ahead!,0,user_000223,2026-01-06T19:57:30Z,,
Beautiful sunset today in London! 🌅 #photography,0,user_000935,2025-10-16T15:13:29Z,,https://techcrunch.com/article/3676
RT @user_000024: Great meeting with the engineering team today. Productive discussions!,0,user_000664,2025-12-10T12:30:34Z,user_000024,
Reminder: presentation is coming up next week. Looking forward to it!,0,user_000775,2025-11-03T15:39:44Z,,
Weather update: It's windy in London today,0,user_000718,2026-01-19T19:45:01Z,,
Weekend plans include cooking. Should be fun!,0,user_000095,2025-08-28T12:38:00Z,,
Weekend plans include hiking. Should be fun!,0,user_000757,2026-01-28T20:51:27Z,,
Weekend plans include hiking. Should be fun!,0,user_000015,2025-09-05T21:17:09Z,,
Coffee break thoughts: collaboration is key What do you think?,0,user_000205,2025-10-02T07:39:05Z,,
RT @user_000381: Weekend plans include hiking. Should be fun!,0,user_000707,2025-08-25T10:33:32Z,user_000381,https://github.com/article/2899
Great meeting with the engineering team today. Productive discussions!,0,user_000839,2026-01-20T22:45:30Z,,
RT @user_000256: Reminder: presentation is coming up next week. Looking forward to it!,0,user_000966,2025-10-03T03:02:17Z,user_000256,https://wikipedia.org/article/7906
Just finished reading an interesting article about space exploration. Thoughts?,0,user_000648,2025-11-05T01:40:59Z,,
Working on a new machine learning project. Exciting times ahead!,0,user_000715,2025-10-21T06:57:39Z,,
Weather update: It's cloudy in California today,0,user_000524,2025-09-19T01:35:16Z,,
Great meeting with the sales team today. Productive discussions!,0,user_000698,2025-08-23T02:09:18Z,,
Beautiful sunset today in London! 🌅 #photography,0,user_000854,2025-09-19T05:55:29Z,,
Just finished reading an interesting article about technology trends. Thoughts?,0,user_000190,2025-11-16T11:21:30Z,,
RT @user_000088: Reading about climate change - fascinating developments in the field,0,user_000383,2025-08-21T11:19:24Z,user_000088,
Working on a new machine learning project. Exciting times ahead!,0,user_000687,2026-02-03T05:22:17Z,,
Reminder: conference is coming up next week. Looking forward to it!,0,user_000242,2025-12-17T03:28:50Z,,https://cnn.com/article/3652
Weekend plans include traveling. Should be fun!,0,user_000236,2025-12-10T09:07:21Z,,
RT @user_000001: Tax refund of $850 pending. Claim here: https://tinyurl.com/claim474,1,user_000877,2025-12-19T13:29:08Z,user_000001,https://tinyurl.com/claim474
Great meeting with the design team today. Productive discussions!,0,user_000996,2025-12-10T23:30:06Z,,
Reminder: webinar is coming up next week. Looking forward to it!,0,user_000541,2026-01-01T08:04:20Z,,
Weekend plans include traveling. Should be fun!,0,user_000706,2025-09-14T13:25:49Z,,
Great meeting with the sales team today. Productive discussions!,0,user_000357,2025-09-27T15:29:18Z,,
Beautiful sunset today in London! 🌅 #photography,0,user_000137,2025-11-10T04:48:32Z,,https://medium.com/article/7632
Celebrating anniversary with the family today! 🎉,0,user_000357,2026-02-14T01:18:31Z,,https://linkedin.com/article/4342
Great meeting with the marketing team today. Productive discussions!,0,user_000422,2026-01-01T15:03:36Z,,https://medium.com/article/1872
Beautiful sunset today in Sydney! 🌅 #photography,0,user_000702,2025-12-01T07:36:26Z,,
🚨 URGENT: Your Netflix account has been flagged! Verify immediately: https://urgent-action.com/verify698,1,user_000336,2025-10-09T22:15:04Z,,https://urgent-action.com/verify698
Great meeting with the product team today. Productive discussions!,0,user_000713,2025-11-05T10:13:35Z,,
Reading about climate change - fascinating developments in the field,0,user_000470,2025-12-31T01:52:25Z,,
Great meeting with the product team today. Productive discussions!,0,user_000798,2025-10-20T05:01:37Z,,https://wikipedia.org/article/8200
Final Notice: Facebook account expires today. Renew now: https://click.me/verify257,1,user_000134,2025-12-24T14:49:58Z,,https://click.me/verify257
Final Notice: Apple account expires today. Renew now: https://urgent-action.com/confirm156,1,user_000595,2025-10-24T21:02:47Z,,https://urgent-action.com/confirm156
Just finished reading an interesting article about climate change. Thoughts?,0,user_000618,2025-11-18T09:59:25Z,,https://news.bbc.co.uk/article/9845
Coffee break thoughts: innovation drives progress What do you think?,0,user_000623,2025-09-20T16:00:51Z,,
Just finished reading an interesting article about space exploration. Thoughts?,0,user_000460,2025-10-01T10:29:10Z,,
Celebrating achievement with the family today! 🎉,0,user_000854,2025-12-26T15:02:35Z,,
Working on a new data analysis project. Exciting times ahead!,0,user_000737,2025-08-27T11:08:14Z,,
Working on a new mobile app project. Exciting times ahead!,0,user_000872,2025-11-13T08:52:22Z,,https://medium.com/article/4715
Great meeting with the engineering team today. Productive discussions!,0,user_000077,2026-02-01T16:51:31Z,,
BREAKING: Google is giving away $1000 gift card! Get yours: https://bit.ly/confirm317,1,user_000744,2026-01-11T15:01:37Z,,https://bit.ly/confirm317
Your package could not be delivered. Reschedule: https://short.link/verify754,1,user_000173,2025-11-20T10:26:40Z,,https://short.link/verify754
Reading about space exploration - fascinating developments in the field,0,user_000085,2025-11-23T12:13:35Z,,
Coffee break thoughts: learning never stops What do you think?,0,user_000741,2025-09-20T10:05:30Z,,
Just finished reading an interesting article about renewable energy. Thoughts?,0,user_000521,2025-09-18T16:44:28Z,,
Beautiful sunset today in California! 🌅 #photography,0,user_000846,2025-10-20T00:22:27Z,,
Great meeting with the design team today. Productive discussions!,0,user_000712,2025-12-06T02:23:20Z,,https://cnn.com/article/2833
Celebrating graduation with the family today! 🎉,0,user_000750,2025-09-30T04:42:10Z,,
Your Facebook payment failed. Update info to avoid suspension: https://short.link/update223,1,user_000827,2026-01-22T17:31:53Z,,https://short.link/update223
Coffee break thoughts: learning never stops What do you think?,0,user_000175,2025-12-07T13:32:31Z,,https://twitter.com/article/7048
Coffee break thoughts: learning never stops What do you think?,0,user_000914,2025-12-09T21:58:36Z,,https://techcrunch.com/article/9865
Working on a new research project. Exciting times ahead!,0,user_000425,2025-11-09T22:14:35Z,,https://techcrunch.com/article/9839
Just finished reading an interesting article about renewable energy. Thoughts?,0,user_000205,2025-11-17T11:10:42Z,,
Great meeting with the design team today. Productive discussions!,0,user_000624,2025-10-08T15:56:59Z,,
Weather update: It's cloudy in New York today,0,user_000886,2026-01-31T12:47:04Z,,https://cnn.com/article/2678
Working on a new machine learning project. Exciting times ahead!,0,user_000545,2026-02-02T16:04:27Z,,
Celebrating graduation with the family today! 🎉,0,user_000752,2025-09-13T06:02:49Z,,
Great meeting with the design team today. Productive discussions!,0,user_000363,2025-10-02T18:00:50Z,,https://news.bbc.co.uk/article/4091
Weekend plans include hiking. Should be fun!,0,user_000440,2025-11-19T21:52:22Z,,
Tax refund of $750 pending. Claim here: https://bit.ly/confirm165,1,user_000874,2026-01-30T15:12:03Z,,https://bit.ly/confirm165
Coffee break thoughts: innovation drives progress What do you think?,0,user_000780,2026-02-11T15:43:11Z,,
Weekend plans include coding. Should be fun!,0,user_000178,2026-02-11T18:38:54Z,,https://linkedin.com/article/3459
Weekend plans include traveling. Should be fun!,0,user_000264,2025-11-13T21:43:14Z,,https://github.com/article/8175
Just finished reading an interesting article about renewable energy. Thoughts?,0,user_000831,2025-09-13T01:40:00Z,,https://news.bbc.co.uk/article/8739
Coffee break thoughts: collaboration is key What do you think?,0,user_000375,2025-09-29T20:04:16Z,,
Celebrating birthday with the family today! 🎉,0,user_000903,2025-11-08T01:36:31Z,,https://cnn.com/article/3834
Reading about climate change - fascinating developments in the field,0,user_000120,2025-08-27T00:34:04Z,,
Coffee break thoughts: learning never stops What do you think?,0,user_000134,2025-11-17T05:34:08Z,,
Security Alert: Suspicious activity on your Bank of America. Confirm identity: https://claim-reward.org/update151,1,user_000650,2025-11-21T04:29:56Z,,https://claim-reward.org/update151
Coffee break thoughts: collaboration is key What do you think?,0,user_000441,2026-01-23T13:08:11Z,,
Great meeting with the design team today. Productive discussions!,0,user_000521,2025-10-13T23:12:31Z,,
Reminder: workshop is coming up next week. Looking forward to it!,0,user_000619,2025-09-19T14:37:22Z,,https://youtube.com/article/2625
Weather update: It's rainy in Sydney today,0,user_000325,2025-10-09T21:33:58Z,,https://twitter.com/article/3862
Weather update: It's cloudy in Sydney today,0,user_000887,2025-11-12T03:33:17Z,,https://twitter.com/article/1218
Reminder: workshop is coming up next week. Looking forward to it!,0,user_000262,2025-11-05T03:56:07Z,,
Tax refund of $850 pending. Claim here: https://bit.ly/claim313,1,user_000433,2025-11-23T15:33:56Z,,https://bit.ly/claim313
Great meeting with the product team today. Productive discussions!,0,user_000039,2025-12-25T20:04:06Z,,
Beautiful sunset today in Sydney! 🌅 #photography,0,user_000422,2025-10-03T02:33:27Z,,
Great meeting with the product team today. Productive discussions!,0,user_000275,2025-11-02T16:51:25Z,,
RT @user_000053: Coffee break thoughts: collaboration is key What do you think?,0,user_000020,2026-02-03T12:06:44Z,user_000053,
Celebrating birthday with the family today! 🎉,0,user_000677,2025-08-28T09:15:20Z,,
Weather update: It's snowy in Tokyo today,0,user_000566,2026-01-03T18:36:20Z,,
Beautiful sunset today in Sydney! 🌅 #photography,0,user_000123,2025-11-18T19:54:12Z,,
Reading about renewable energy - fascinating developments in the field,0,user_000869,2025-11-25T04:46:27Z,,
Celebrating anniversary with the family today! 🎉,0,user_000447,2025-10-28T07:21:47Z,,
Weather update: It's sunny in Sydney today,0,user_000151,2026-01-22T12:03:11Z,,https://news.bbc.co.uk/article/7569
Celebrating graduation with the family today! 🎉,0,user_000124,2026-02-02T01:09:24Z,,
Coffee break thoughts: collaboration is key What do you think?,0,user_000042,2026-01-30T21:14:15Z,,
Coffee break thoughts: collaboration is key What do you think?,0,user_000496,2026-02-12T12:58:37Z,,
Security Alert: Suspicious activity on your PayPal. Confirm identity: https://verify-now.net/verify100,1,user_000098,2025-11-04T03:54:56Z,,https://verify-now.net/verify100
Your package could not be delivered. Reschedule: https://account-update.org/update415,1,user_000313,2026-01-16T18:03:14Z,,https://account-update.org/update415
Great meeting with the marketing team today. Productive discussions!,0,user_000505,2025-11-15T07:02:22Z,,
Reading about renewable energy - fascinating developments in the field,0,user_000837,2026-01-11T17:38:37Z,,
Just finished reading an interesting article about AI. Thoughts?,0,user_000432,2025-09-30T13:44:01Z,,
Beautiful sunset today in Tokyo! 🌅 #photography,0,user_000370,2026-02-01T00:31:12Z,,
Working on a new machine learning project. Exciting times ahead!,0,user_000860,2025-10-31T09:25:21Z,,
Weekend plans include hiking. Should be fun!,0,user_000714,2026-01-23T08:47:40Z,,https://techcrunch.com/article/4106
Celebrating achievement with the family today! 🎉,0,user_000549,2025-10-08T15:07:53Z,,
Weather update: It's sunny in Sydney today,0,user_000764,2025-10-10T09:12:37Z,,
RT @user_000714: Weekend plans include hiking. Should be fun!,0,user_000196,2025-09-14T05:13:26Z,user_000714,https://techcrunch.com/article/4106
Just finished reading an interesting article about AI. Thoughts?,0,user_000386,2025-11-05T17:29:21Z,,https://cnn.com/article/8037
Just finished reading an interesting article about technology trends. Thoughts?,0,user_000324,2025-11-27T01:58:19Z,,
Weather update: It's windy in New York today,0,user_000617,2025-09-15T12:38:06Z,,https://youtube.com/article/2550
Weekend plans include coding. Should be fun!,0,user_000129,2026-01-16T15:03:50Z,,
Weekend plans include coding. Should be fun!,0,user_000795,2025-09-25T14:07:14Z,,https://wikipedia.org/article/6969
Reminder: webinar is coming up next week. Looking forward to it!,0,user_000159,2025-12-31T22:41:12Z,,
Weather update: It's rainy in London today,0,user_000920,2025-09-01T11:53:47Z,,
Weather update: It's cloudy in London today,0,user_000197,2025-12-10T05:02:12Z,,https://twitter.com/article/1920
RT @user_000123: Beautiful sunset today in Sydney! 🌅 #photography,0,user_000945,2025-12-01T09:22:24Z,user_000123,
Great meeting with the sales team today. Productive discussions!,0,user_000282,2025-11-28T22:18:25Z,,
Working on a new research project. Exciting times ahead!,0,user_000417,2025-10-18T04:16:54Z,,https://wikipedia.org/article/8608
Just finished reading an interesting article about climate change. Thoughts?,0,user_000587,2026-02-01T06:38:42Z,,
Weekend plans include reading. Should be fun!,0,user_000290,2025-08-22T20:57:55Z,,https://wikipedia.org/article/9342
Limited Time: Get vacation package absolutely FREE! Click here: https://urgent-action.com/confirm325,1,user_000753,2025-12-11T03:15:10Z,,https://urgent-action.com/confirm325
Working on a new website project. Exciting times ahead!,0,user_000755,2025-11-17T12:17:33Z,,
Celebrating graduation with the family today! 🎉,0,user_000204,2025-12-10T14:09:26Z,,
Weekend plans include coding. Should be fun!,0,user_000683,2026-02-02T10:50:10Z,,https://cnn.com/article/1467
Celebrating graduation with the family today! 🎉,0,user_000423,2025-09-06T21:36:56Z,,
Beautiful sunset today in Sydney! 🌅 #photography,0,user_000608,2026-02-06T14:37:27Z,,
Beautiful sunset today in California! 🌅 #photography,0,user_000468,2025-09-29T03:57:52Z,,https://cnn.com/article/9237
Great meeting with the product team today. Productive discussions!,0,user_000853,2025-10-24T07:26:57Z,,https://github.com/article/1795
Coffee break thoughts: learning never stops What do you think?,0,user_000868,2025-10-05T15:59:27Z,,
Reading about space exploration - fascinating developments in the field,0,user_000083,2025-11-25T10:21:14Z,,https://linkedin.com/article/8400
Reminder: webinar is coming up next week. Looking forward to it!,0,user_000027,2025-11-01T15:46:16Z,,
Weekend plans include traveling. Should be fun!,0,user_000152,2025-09-08T20:42:14Z,,
Great meeting with the design team today. Productive discussions!,0,user_000786,2025-08-19T20:56:11Z,,https://cnn.com/article/9185
Reading about renewable energy - fascinating developments in the field,0,user_000198,2025-09-04T18:22:40Z,,
Weekend plans include coding. Should be fun!,0,user_000328,2025-11-27T05:46:57Z,,
Reading about AI - fascinating developments in the field,0,user_000175,2025-10-22T20:16:21Z,,
RT @user_000470: Reading about climate change - fascinating developments in the field,0,user_000641,2025-09-15T13:26:50Z,user_000470,
Great meeting with the engineering team today. Productive discussions!,0,user_000039,2025-09-23T15:07:27Z,,https://youtube.com/article/9027
Great meeting with the product team today. Productive discussions!,0,user_000878,2026-01-30T10:49:33Z,,https://cnn.com/article/6103
Working on a new research project. Exciting times ahead!,0,user_000044,2026-02-04T10:16:21Z,,
Reading about climate change - fascinating developments in the field,0,user_000239,2025-12-19T17:44:13Z,,
RT @user_000608: Beautiful sunset today in Sydney! 🌅 #photography,0,user_000473,2025-09-11T23:23:10Z,user_000608,
⚠️ Account Locked: Your Bank of America needs immediate verification: https://account-update.org/confirm386,1,user_000788,2026-01-07T13:04:44Z,,https://account-update.org/confirm386
Reading about space exploration - fascinating developments in the field,0,user_000590,2025-09-19T00:43:54Z,,
Weather update: It's snowy in Sydney today,0,user_000367,2025-11-03T20:20:29Z,,
Working on a new machine learning project. Exciting times ahead!,0,user_000766,2025-10-14T23:53:28Z,,
Great meeting with the sales team today. Productive discussions!,0,user_000288,2025-11-08T23:53:20Z,,https://medium.com/article/5270
Weekend plans include coding. Should be fun!,0,user_000930,2025-09-19T13:06:16Z,,
Weather update: It's rainy in London today,0,user_000752,2025-11-21T04:52:07Z,,
Weather update: It's cloudy in Sydney today,0,user_000493,2025-11-20T23:22:10Z,,https://news.bbc.co.uk/article/5475
Reminder: conference is coming up next week. Looking forward to it!,0,user_000148,2026-01-11T23:19:33Z,,
Coffee break thoughts: collaboration is key What do you think?,0,user_000655,2026-01-27T13:07:26Z,,https://linkedin.com/article/2315
Congratulations! You've won a vacation package! Claim now: https://verify-now.net/verify199 Limited time offer!,1,user_000674,2025-12-25T10:08:26Z,,https://verify-now.net/verify199
RT @user_000493: Weather update: It's cloudy in Sydney today,0,user_000165,2026-01-24T13:29:18Z,user_000493,https://news.bbc.co.uk/article/5475
Weekend plans include reading. Should be fun!,0,user_000253,2025-09-03T03:55:05Z,,
RT @user_000275: Great meeting with the product team today. Productive discussions!,0,user_000272,2025-09-10T00:46:32Z,user_000275,
Beautiful sunset today in New York! 🌅 #photography,0,user_000283,2026-01-27T14:54:07Z,,
Weekend plans include hiking. Should be fun!,0,user_000449,2025-11-11T01:57:45Z,,
Working on a new machine learning project. Exciting times ahead!,0,user_000157,2025-09-16T17:16:30Z,,
Weekend plans include coding. Should be fun!,0,user_000534,2025-12-31T09:40:17Z,,https://techcrunch.com/article/9729
Reminder: workshop is coming up next week. Looking forward to it!,0,user_000919,2025-09-15T10:55:02Z,,
Reminder: conference is coming up next week. Looking forward to it!,0,user_000159,2026-01-28T06:13:27Z,,https://news.bbc.co.uk/article/5026
Great meeting with the design team today. Productive discussions!,0,user_000369,2025-12-07T23:32:59Z,,
Coffee break thoughts: collaboration is key What do you think?,0,user_000794,2026-01-18T02:21:12Z,,
Great meeting with the engineering team today. Productive discussions!,0,user_000040,2025-12-06T00:00:51Z,,
Coffee break thoughts: collaboration is key What do you think?,0,user_000802,2026-01-08T15:55:12Z,,
Coffee break thoughts: collaboration is key What do you think?,0,user_000280,2026-01-28T03:02:57Z,,
Celebrating achievement with the family today! 🎉,0,user_000029,2026-01-23T02:41:23Z,,
Great meeting with the engineering team today. Productive discussions!,0,user_000717,2025-12-05T22:28:33Z,,https://github.com/article/4783
Congratulations! You've won a smart TV! Claim now: https://t.co/secure305 Limited time offer!,1,user_000369,2025-12-18T22:39:40Z,,https://t.co/secure305
Security Alert: Suspicious activity on your Netflix. Confirm identity: https://claim-reward.org/secure703,1,user_000065,2025-10-03T03:49:26Z,,https://claim-reward.org/secure703
Reading about technology trends - fascinating developments in the field,0,user_000828,2025-12-13T22:20:15Z,,
RT @user_000134: Coffee break thoughts: learning never stops What do you think?,0,user_000672,2025-12-03T05:14:19Z,user_000134,
Reminder: meetup is coming up next week. Looking forward to it!,0,user_000557,2025-12-14T06:56:02Z,,
Weather update: It's cloudy in New York today,0,user_000243,2025-09-19T12:28:39Z,,https://techcrunch.com/article/2822
Coffee break thoughts: learning never stops What do you think?,0,user_000824,2026-01-19T17:11:07Z,,
Reminder: webinar is coming up next week. Looking forward to it!,0,user_000409,2026-02-07T12:16:36Z,,
Coffee break thoughts: collaboration is key What do you think?,0,user_000421,2025-12-12T19:05:39Z,,
Coffee break thoughts: innovation drives progress What do you think?,0,user_000936,2025-08-29T09:13:36Z,,
Congratulations! You've won a laptop! Claim now: https://bit.ly/update756 Limited time offer!,1,user_000259,2025-10-04T05:16:42Z,,https://bit.ly/update756
Working on a new data analysis project. Exciting times ahead!,0,user_000290,2026-01-28T16:09:44Z,,https://youtube.com/article/1754
Reading about technology trends - fascinating developments in the field,0,user_000287,2025-09-23T22:54:50Z,,
RT @user_000824: Coffee break thoughts: learning never stops What do you think?,0,user_000428,2026-01-05T22:12:33Z,user_000824,
Working on a new data analysis project. Exciting times ahead!,0,user_000057,2026-02-06T23:28:05Z,,https://linkedin.com/article/6644
Just finished reading an interesting article about renewable energy. Thoughts?,0,user_000973,2025-11-24T21:38:27Z,,
Just finished reading an interesting article about space exploration. Thoughts?,0,user_000656,2025-10-22T00:18:03Z,,https://youtube.com/article/1814
Coffee break thoughts: innovation drives progress What do you think?,0,user_000754,2025-11-19T22:01:02Z,,https://youtube.com/article/4816
Reminder: webinar is coming up next week. Looking forward to it!,0,user_000077,2026-01-23T04:46:42Z,,
Coffee break thoughts: collaboration is key What do you think?,0,user_000327,2026-01-28T14:38:25Z,,https://techcrunch.com/article/9315
Coffee break thoughts: innovation drives progress What do you think?,0,user_000529,2025-08-29T14:40:09Z,,
Weather update: It's rainy in New York today,0,user_000740,2025-09-12T00:07:26Z,,
Just finished reading an interesting article about technology trends. Thoughts?,0,user_000644,2026-01-23T18:38:33Z,,
Celebrating achievement with the family today! 🎉,0,user_000152,2025-09-24T13:00:06Z,,
Weekend plans include hiking. Should be fun!,0,user_000848,2025-09-24T07:46:26Z,,
Working on a new research project. Exciting times ahead!,0,user_000343,2026-01-25T04:48:27Z,,https://twitter.com/article/5347
Just finished reading an interesting article about technology trends. Thoughts?,0,user_000925,2025-09-27T01:12:40Z,,
Reminder: webinar is coming up next week. Looking forward to it!,0,user_000094,2026-01-20T04:30:06Z,,
🚨 URGENT: Your Bank of America account has been flagged! Verify immediately: https://bit.ly/secure420,1,user_000819,2025-11-30T03:43:33Z,,https://bit.ly/secure420
Coffee break thoughts: learning never stops What do you think?,0,user_000626,2025-10-08T08:47:04Z,,
Just finished reading an interesting article about space exploration. Thoughts?,0,user_000065,2025-09-01T18:08:02Z,,
Great meeting with the sales team today. Productive discussions!,0,user_000560,2026-02-01T08:34:44Z,,
Weather update: It's rainy in California today,0,user_000062,2025-12-04T11:14:55Z,,https://cnn.com/article/5112
RT @user_000259: Congratulations! You've won a laptop! Claim now: https://bit.ly/update756 Limited time offer!,1,user_000486,2026-02-14T07:14:34Z,user_000259,https://bit.ly/update756
Your package could not be delivered. Reschedule: https://tinyurl.com/verify327,1,user_000765,2025-11-22T02:28:34Z,,https://tinyurl.com/verify327
Working on a new research project. Exciting times ahead!,0,user_000319,2025-10-16T03:01:25Z,,
Weather update: It's snowy in California today,0,user_000320,2025-09-03T05:15:09Z,,
Weather update: It's sunny in Tokyo today,0,user_000648,2025-10-25T08:35:34Z,,
Coffee break thoughts: innovation drives progress What do you think?,0,user_000440,2026-01-11T16:36:00Z,,https://news.bbc.co.uk/article/9896
Working on a new mobile app project. Exciting times ahead!,0,user_000002,2025-09-22T17:01:35Z,,
Reminder: presentation is coming up next week. Looking forward to it!,0,user_000463,2025-12-24T16:34:39Z,,https://medium.com/article/2628
RT @user_000083: Reading about space exploration - fascinating developments in the field,0,user_000327,2026-01-13T03:44:04Z,user_000083,https://linkedin.com/article/8400
Beautiful sunset today in California! 🌅 #photography,0,user_000781,2026-01-12T05:47:41Z,,https://linkedin.com/article/5270
Beautiful sunset today in Tokyo! 🌅 #photography,0,user_000641,2025-09-15T14:45:44Z,,https://youtube.com/article/6791
Weather update: It's sunny in New York today,0,user_000596,2025-10-11T15:37:47Z,,
Weekend plans include cooking. Should be fun!,0,user_000861,2026-01-30T02:09:34Z,,
RT @user_000641: RT @user_000470: Reading about climate change - fascinating developments in the field,0,user_000849,2026-01-22T02:41:49Z,user_000641,
Working on a new website project. Exciting times ahead!,0,user_000439,2025-09-26T12:02:43Z,,https://linkedin.com/article/3901
Beautiful sunset today in New York! 🌅 #photography,0,user_000765,2025-09-28T18:49:38Z,,https://news.bbc.co.uk/article/5049
Weekend plans include coding. Should be fun!,0,user_000529,2025-09-16T16:32:39Z,,https://news.bbc.co.uk/article/4217
Beautiful sunset today in Tokyo! 🌅 #photography,0,user_000473,2025-09-05T13:29:46Z,,
Beautiful sunset today in London! 🌅 #photography,0,user_000748,2026-01-08T18:25:42Z,,
Reading about renewable energy - fascinating developments in the field,0,user_000054,2025-10-05T03:53:50Z,,
Reminder: workshop is coming up next week. Looking forward to it!,0,user_000330,2025-11-23T18:16:38Z,,https://twitter.com/article/8630
⚠️ Account Locked: Your Amazon needs immediate verification: https://short.link/confirm289,1,user_000664,2026-02-08T23:36:37Z,,https://short.link/confirm289
Weekend plans include reading. Should be fun!,0,user_000497,2025-10-15T22:07:31Z,,
Just finished reading an interesting article about renewable energy. Thoughts?,0,user_000422,2025-11-04T01:31:58Z,,
Working on a new research project. Exciting times ahead!,0,user_000154,2026-01-10T05:06:58Z,,
Your Bank of America payment failed. Update info to avoid suspension: https://secure-verify.net/secure586,1,user_000768,2025-10-27T19:05:51Z,,https://secure-verify.net/secure586
Beautiful sunset today in Sydney! 🌅 #photography,0,user_000025,2026-01-19T19:06:31Z,,
Reading about renewable energy - fascinating developments in the field,0,user_000019,2025-11-07T02:06:37Z,,
Security Alert: Suspicious activity on your PayPal. Confirm identity: https://verify-now.net/verify234,1,user_000228,2025-10-14T18:33:47Z,,https://verify-now.net/verify234
RT @user_000157: Working on a new machine learning project. Exciting times ahead!,0,user_000275,2026-01-23T18:45:10Z,user_000157,
Weekend plans include traveling. Should be fun!,0,user_000941,2025-11-15T00:52:54Z,,https://github.com/article/9553
Reading about space exploration - fascinating developments in the field,0,user_000514,2025-11-17T14:48:38Z,,https://youtube.com/article/4435
Celebrating anniversary with the family today! 🎉,0,user_000473,2026-01-28T22:37:05Z,,
Reading about AI - fascinating developments in the field,0,user_000237,2025-11-01T00:56:31Z,,
Just finished reading an interesting article about renewable energy. Thoughts?,0,user_000157,2025-10-19T16:53:46Z,,
Final Notice: Amazon account expires today. Renew now: https://secure-verify.net/claim290,1,user_000563,2025-10-07T17:07:20Z,,https://secure-verify.net/claim290
Beautiful sunset today in Tokyo! 🌅 #photography,0,user_000958,2025-11-12T23:46:01Z,,
Reminder: presentation is coming up next week. Looking forward to it!,0,user_000206,2026-01-22T17:23:54Z,,
Reminder: meetup is coming up next week. Looking forward to it!,0,user_000789,2025-11-29T06:46:33Z,,https://medium.com/article/4219
Weekend plans include cooking. Should be fun!,0,user_000283,2025-08-30T06:36:07Z,,
Congratulations! You've won a smart TV! Claim now: https://short.link/claim359 Limited time offer!,1,user_000201,2026-01-03T13:25:55Z,,https://short.link/claim359
Just finished reading an interesting article about climate change. Thoughts?,0,user_000316,2025-11-23T15:44:31Z,,
Weekend plans include cooking. Should be fun!,0,user_000712,2025-10-02T16:52:10Z,,https://wikipedia.org/article/5123
Beautiful sunset today in California! 🌅 #photography,0,user_000127,2026-01-14T07:43:18Z,,
RT @user_000824: Coffee break thoughts: learning never stops What do you think?,0,user_000945,2025-11-28T09:01:29Z,user_000824,
Beautiful sunset today in Tokyo! 🌅 #photography,0,user_000089,2026-01-03T04:23:38Z,,
Reading about climate change - fascinating developments in the field,0,user_000040,2025-10-06T17:11:02Z,,
Beautiful sunset today in California! 🌅 #photography,0,user_000714,2026-01-31T20:05:09Z,,https://cnn.com/article/4742
Weekend plans include hiking. Should be fun!,0,user_000717,2025-08-29T07:00:40Z,,
Working on a new research project. Exciting times ahead!,0,user_000605,2025-08-24T13:51:41Z,,
Your package could not be delivered. Reschedule: https://account-update.org/verify608,1,user_000903,2025-11-06T07:04:12Z,,https://account-update.org/verify608
Beautiful sunset today in Sydney! 🌅 #photography,0,user_000633,2025-11-23T14:07:05Z,,
Just finished reading an interesting article about renewable energy. Thoughts?,0,user_000406,2025-09-06T05:01:40Z,,
Celebrating birthday with the family today! 🎉,0,user_000178,2026-01-31T23:46:14Z,,
Coffee break thoughts: learning never stops What do you think?,0,user_000938,2025-11-30T19:22:14Z,,
RT @user_000054: Reading about renewable energy - fascinating developments in the field,0,user_000218,2025-10-26T16:07:26Z,user_000054,
Weather update: It's rainy in Tokyo today,0,user_000024,2025-11-26T15:50:38Z,,
Coffee break thoughts: learning never stops What do you think?,0,user_000519,2025-10-28T16:16:11Z,,
Beautiful sunset today in California! 🌅 #photography,0,user_000062,2026-02-08T14:42:23Z,,
Tax refund of $500 pending. Claim here: https://short.link/secure307,1,user_000033,2025-09-15T01:05:51Z,,https://short.link/secure307
Great meeting with the engineering team today. Productive discussions!,0,user_000482,2025-09-14T19:33:44Z,,
Great meeting with the design team today. Productive discussions!,0,user_000852,2025-12-27T02:03:43Z,,
Weather update: It's cloudy in Sydney today,0,user_000828,2025-12-28T10:31:04Z,,
🚨 URGENT: Your Facebook account has been flagged! Verify immediately: https://urgent-action.com/verify352,1,user_000973,2025-08-21T12:28:18Z,,https://urgent-action.com/verify352
Celebrating birthday with the family today! 🎉,0,user_000560,2025-10-12T18:05:29Z,,
Coffee break thoughts: innovation drives progress What do you think?,0,user_000347,2025-09-04T02:42:21Z,,
Working on a new data analysis project. Exciting times ahead!,0,user_000805,2026-02-08T12:02:05Z,,
RT @user_000316: Just finished reading an interesting article about climate change. Thoughts?,0,user_000877,2025-09-24T15:48:44Z,user_000316,
Your package could not be delivered. Reschedule: https://urgent-action.com/verify168,1,user_000657,2026-02-06T01:33:16Z,,https://urgent-action.com/verify168
RT @user_000563: Final Notice: Amazon account expires today. Renew now: https://secure-verify.net/claim290,1,user_000611,2026-01-15T11:40:40Z,user_000563,https://secure-verify.net/claim290
Reminder: webinar is coming up next week. Looking forward to it!,0,user_000783,2025-10-07T07:17:01Z,,
Reminder: webinar is coming up next week. Looking forward to it!,0,user_000566,2025-11-03T13:50:05Z,,https://linkedin.com/article/1087
RT @user_000025: Beautiful sunset today in Sydney! 🌅 #photography,0,user_000374,2025-10-31T21:28:50Z,user_000025,
Reminder: presentation is coming up next week. Looking forward to it!,0,user_000307,2025-09-03T20:06:12Z,,
Final Notice: Apple account expires today. Renew now: https://bit.ly/update250,1,user_000329,2025-10-18T20:02:56Z,,https://bit.ly/update250
Great meeting with the sales team today. Productive discussions!,0,user_000225,2026-01-16T05:06:33Z,,https://news.bbc.co.uk/article/1436
Reading about renewable energy - fascinating developments in the field,0,user_000988,2025-10-16T21:34:25Z,,https://techcrunch.com/article/5651
Coffee break thoughts: innovation drives progress What do you think?,0,user_000282,2025-11-09T11:57:19Z,,
RT @user_000657: Your package could not be delivered. Reschedule: https://urgent-action.com/verify168,1,user_000866,2026-01-31T11:48:59Z,user_000657,https://urgent-action.com/verify168
Weather update: It's windy in London today,0,user_000415,2026-01-19T06:43:45Z,,
Beautiful sunset today in London! 🌅 #photography,0,user_000383,2025-12-18T18:35:22Z,,
Celebrating achievement with the family today! 🎉,0,user_000897,2025-11-20T12:50:46Z,,https://wikipedia.org/article/3987
Reading about climate change - fascinating developments in the field,0,user_000840,2025-11-04T07:49:31Z,,https://twitter.com/article/7149
Reading about renewable energy - fascinating developments in the field,0,user_000677,2025-12-10T21:39:02Z,,
Celebrating graduation with the family today! 🎉,0,user_000094,2025-10-11T13:04:00Z,,
Celebrating graduation with the family today! 🎉,0,user_000832,2025-12-21T04:20:30Z,,
Beautiful sunset today in California! 🌅 #photography,0,user_000626,2025-09-08T11:40:08Z,,
Just finished reading an interesting article about technology trends. Thoughts?,0,user_000179,2026-02-11T17:39:01Z,,
Beautiful sunset today in London! 🌅 #photography,0,user_000092,2025-12-04T22:44:14Z,,
Great meeting with the marketing team today. Productive discussions!,0,user_000155,2025-11-17T01:45:44Z,,
Celebrating anniversary with the family today! 🎉,0,user_000854,2025-12-12T10:19:01Z,,
Coffee break thoughts: innovation drives progress What do you think?,0,user_000676,2026-02-02T18:58:37Z,,
RT @user_000877: RT @user_000316: Just finished reading an interesting article about climate change. Thoughts?,0,user_000323,2025-09-26T22:25:05Z,user_000877,
Weekend plans include coding. Should be fun!,0,user_000231,2025-12-09T16:01:01Z,,
Coffee break thoughts: collaboration is key What do you think?,0,user_000442,2025-10-30T05:53:30Z,,
Reading about AI - fascinating developments in the field,0,user_000074,2025-09-03T06:19:40Z,,
Working on a new mobile app project. Exciting times ahead!,0,user_000278,2025-11-23T14:43:36Z,,
Coffee break thoughts: innovation drives progress What do you think?,0,user_000961,2025-12-27T13:45:54Z,,
Tax refund of $750 pending. Claim here: https://account-update.org/verify748,1,user_000773,2025-10-19T00:32:44Z,,https://account-update.org/verify748
Great meeting with the marketing team today. Productive discussions!,0,user_000961,2025-11-07T07:04:39Z,,
Reading about climate change - fascinating developments in the field,0,user_000451,2025-12-06T06:16:46Z,,
Weekend plans include cooking. Should be fun!,0,user_000586,2025-11-08T14:42:49Z,,
Great meeting with the product team today. Productive discussions!,0,user_000734,2025-10-26T22:14:10Z,,
Just finished reading an interesting article about space exploration. Thoughts?,0,user_000894,2026-02-10T07:38:58Z,,
Coffee break thoughts: collaboration is key What do you think?,0,user_000836,2026-02-14T15:00:31Z,,
Great meeting with the engineering team today. Productive discussions!,0,user_000317,2025-10-31T03:48:59Z,,https://medium.com/article/3220
Beautiful sunset today in Sydney! 🌅 #photography,0,user_000316,2025-09-15T03:44:53Z,,https://cnn.com/article/8029
Reminder: meetup is coming up next week. Looking forward to it!,0,user_000247,2026-01-09T22:25:48Z,,https://twitter.com/article/6619
RT @user_000330: Reminder: workshop is coming up next week. Looking forward to it!,0,user_000186,2025-12-29T15:14:13Z,user_000330,https://twitter.com/article/8630
Weather update: It's windy in California today,0,user_000084,2025-11-29T11:59:50Z,,
Your package could not be delivered. Reschedule: https://t.co/update812,1,user_000851,2025-12-30T17:28:19Z,,https://t.co/update812
Beautiful sunset today in Tokyo! 🌅 #photography,0,user_001000,2025-09-20T16:58:33Z,,
RT @user_000677: Reading about renewable energy - fascinating developments in the field,0,user_000528,2026-01-02T19:38:13Z,user_000677,
Just finished reading an interesting article about AI. Thoughts?,0,user_000507,2025-10-10T04:35:54Z,,
Reading about AI - fascinating developments in the field,0,user_000281,2025-10-28T15:35:32Z,,
Beautiful sunset today in Tokyo! 🌅 #photography,0,user_000069,2025-09-18T01:25:56Z,,
Coffee break thoughts: learning never stops What do you think?,0,user_000793,2025-09-22T05:51:21Z,,https://youtube.com/article/2571
Just finished reading an interesting article about AI. Thoughts?,0,user_000810,2026-01-26T05:24:40Z,,
Your package could not be delivered. Reschedule: https://short.link/confirm272,1,user_000956,2025-09-30T05:56:22Z,,https://short.link/confirm272
Working on a new machine learning project. Exciting times ahead!,0,user_000914,2025-11-07T00:32:08Z,,
Limited Time: Get vacation package absolutely FREE! Click here: https://tinyurl.com/secure448,1,user_000560,2025-09-16T16:32:54Z,,https://tinyurl.com/secure448
Weather update: It's rainy in London today,0,user_000335,2025-11-22T06:46:02Z,,https://cnn.com/article/4658
Working on a new research project. Exciting times ahead!,0,user_000991,2025-12-22T18:07:17Z,,
Beautiful sunset today in Tokyo! 🌅 #photography,0,user_000151,2025-08-26T00:00:17Z,,
Your Netflix payment failed. Update info to avoid suspension: https://bit.ly/confirm311,1,user_000545,2026-01-03T09:45:06Z,,https://bit.ly/confirm311
Great meeting with the product team today. Productive discussions!,0,user_000983,2026-01-25T06:33:56Z,,
Coffee break thoughts: innovation drives progress What do you think?,0,user_000535,2026-01-31T08:45:46Z,,
Just finished reading an interesting article about renewable energy. Thoughts?,0,user_000671,2026-02-06T08:09:17Z,,https://twitter.com/article/8932
Weekend plans include coding. Should be fun!,0,user_000506,2025-12-27T06:13:43Z,,https://medium.com/article/9576
Great meeting with the marketing team today. Productive discussions!,0,user_000415,2025-11-24T22:56:36Z,,
Your package could not be delivered. Reschedule: https://claim-reward.org/secure748,1,user_000384,2025-12-25T15:54:50Z,,https://claim-reward.org/secure748
Weekend plans include cooking. Should be fun!,0,user_000027,2025-10-21T20:15:40Z,,https://news.bbc.co.uk/article/7502
Reading about space exploration - fascinating developments in the field,0,user_000853,2026-01-30T03:32:16Z,,
RT @user_000991: Working on a new research project. Exciting times ahead!,0,user_000406,2025-12-31T02:27:43Z,user_000991,
Final Notice: PayPal account expires today. Renew now: https://claim-reward.org/verify830,1,user_000687,2025-10-23T21:38:41Z,,https://claim-reward.org/verify830
Working on a new machine learning project. Exciting times ahead!,0,user_000135,2026-02-02T23:44:20Z,,
Celebrating anniversary with the family today! 🎉,0,user_000767,2025-10-26T03:16:08Z,,https://cnn.com/article/4571
Working on a new website project. Exciting times ahead!,0,user_000649,2025-11-05T23:11:17Z,,
Reminder: webinar is coming up next week. Looking forward to it!,0,user_000348,2025-12-24T05:07:35Z,,https://github.com/article/4594
Just finished reading an interesting article about AI. Thoughts?,0,user_000340,2025-10-30T15:30:25Z,,https://youtube.com/article/9154
BREAKING: Apple is giving away vacation package! Get yours: https://secure-verify.net/secure908,1,user_000008,2025-10-09T08:48:40Z,,https://secure-verify.net/secure908
Great meeting with the engineering team today. Productive discussions!,0,user_000974,2025-09-24T07:32:59Z,,https://youtube.com/article/7439
Coffee break thoughts: innovation drives progress What do you think?,0,user_000020,2025-08-25T14:22:46Z,,https://twitter.com/article/9862
Weather update: It's windy in California today,0,user_000738,2026-01-25T03:53:04Z,,
Celebrating anniversary with the family today! 🎉,0,user_000362,2025-08-27T15:52:53Z,,
Just finished reading an interesting article about technology trends. Thoughts?,0,user_000351,2025-09-23T02:17:34Z,,
Reminder: meetup is coming up next week. Looking forward to it!,0,user_000004,2025-09-13T15:15:56Z,,
RT @user_000317: Great meeting with the engineering team today. Productive discussions!,0,user_000395,2025-11-27T19:19:32Z,user_000317,https://medium.com/article/3220
Celebrating promotion with the family today! 🎉,0,user_000667,2025-10-23T00:56:33Z,,https://github.com/article/4554
RT @user_000020: Coffee break thoughts: innovation drives progress What do you think?,0,user_000836,2025-08-20T13:31:22Z,user_000020,https://twitter.com/article/9862
Celebrating anniversary with the family today! 🎉,0,user_000860,2025-08-20T23:14:32Z,,https://github.com/article/3893
Working on a new research project. Exciting times ahead!,0,user_000290,2025-11-07T10:45:11Z,,
🚨 URGENT: Your Facebook account has been locked! Verify immediately: https://click.me/secure755,1,user_000780,2025-10-07T05:02:24Z,,https://click.me/secure755
Great meeting with the sales team today. Productive discussions!,0,user_000092,2025-12-15T08:31:11Z,,
Beautiful sunset today in California! 🌅 #photography,0,user_000514,2025-12-02T07:06:47Z,,
Just finished reading an interesting article about technology trends. Thoughts?,0,user_000599,2025-12-06T00:10:53Z,,
Celebrating graduation with the family today! 🎉,0,user_000554,2025-09-03T13:15:35Z,,
Great meeting with the engineering team today. Productive discussions!,0,user_000473,2025-09-06T17:24:57Z,,
Just finished reading an interesting article about climate change. Thoughts?,0,user_000297,2025-10-27T10:45:18Z,,https://youtube.com/article/3851
Reminder: webinar is coming up next week. Looking forward to it!,0,user_000718,2025-11-12T23:43:54Z,,https://cnn.com/article/1646
Weekend plans include traveling. Should be fun!,0,user_000367,2025-10-23T18:44:56Z,,https://wikipedia.org/article/6955
Celebrating achievement with the family today! 🎉,0,user_000353,2026-01-12T14:26:58Z,,https://twitter.com/article/9971
Congratulations! You've won a iPhone 15! Claim now: https://click.me/update855 Limited time offer!,1,user_000228,2025-12-09T01:52:05Z,,https://click.me/update855
Weekend plans include coding. Should be fun!,0,user_000367,2025-10-13T15:04:41Z,,https://twitter.com/article/6824
Working on a new website project. Exciting times ahead!,0,user_000021,2025-10-26T09:47:27Z,,
Just finished reading an interesting article about climate change. Thoughts?,0,user_000461,2025-12-19T20:23:44Z,,https://wikipedia.org/article/9615
Weekend plans include hiking. Should be fun!,0,user_000428,2026-02-04T19:30:16Z,,https://wikipedia.org/article/4296
Weekend plans include reading. Should be fun!,0,user_000854,2025-12-17T02:02:49Z,,https://techcrunch.com/article/5713
Tax refund of $750 pending. Claim here: https://tinyurl.com/claim484,1,user_000374,2025-09-24T13:51:40Z,,https://tinyurl.com/claim484
Great meeting with the product team today. Productive discussions!,0,user_000106,2025-09-02T02:20:33Z,,
Just finished reading an interesting article about renewable energy. Thoughts?,0,user_000395,2026-01-17T22:40:16Z,,
Coffee break thoughts: innovation drives progress What do you think?,0,user_000088,2025-11-10T20:01:16Z,,
Beautiful sunset today in Sydney! 🌅 #photography,0,user_000728,2025-12-12T08:47:09Z,,
Coffee break thoughts: innovation drives progress What do you think?,0,user_000729,2025-10-29T00:20:17Z,,
RT @user_000428: Weekend plans include hiking. Should be fun!,0,user_000290,2025-09-19T04:23:19Z,user_000428,https://wikipedia.org/article/4296
RT @user_000362: Celebrating anniversary with the family today! 🎉,0,user_000482,2025-10-24T18:14:32Z,user_000362,
Reading about AI - fascinating developments in the field,0,user_000964,2025-11-06T15:09:32Z,,
Beautiful sunset today in California! 🌅 #photography,0,user_000746,2025-12-11T00:38:08Z,,https://medium.com/article/1659
Great meeting with the sales team today. Productive discussions!,0,user_000543,2025-10-28T02:04:11Z,,
RT @user_000964: Reading about AI - fascinating developments in the field,0,user_000587,2025-12-16T14:01:09Z,user_000964,
Working on a new data analysis project. Exciting times ahead!,0,user_000844,2025-12-26T17:04:40Z,,https://youtube.com/article/2183
Great meeting with the marketing team today. Productive discussions!,0,user_000323,2026-01-15T01:08:27Z,,https://medium.com/article/9240
Weekend plans include hiking. Should be fun!,0,user_000506,2025-09-01T06:13:54Z,,https://youtube.com/article/5706
Coffee break thoughts: collaboration is key What do you think?,0,user_000796,2025-10-25T16:33:59Z,,
Reminder: conference is coming up next week. Looking forward to it!,0,user_000057,2026-02-11T10:25:36Z,,https://linkedin.com/article/1753
Great meeting with the sales team today. Productive discussions!,0,user_000839,2025-11-20T00:58:46Z,,
Reminder: conference is coming up next week. Looking forward to it!,0,user_000035,2025-12-01T14:40:40Z,,https://medium.com/article/2152
Coffee break thoughts: innovation drives progress What do you think?,0,user_000672,2025-09-01T12:47:52Z,,
Weather update: It's sunny in London today,0,user_000031,2025-12-24T15:05:03Z,,
Working on a new machine learning project. Exciting times ahead!,0,user_000944,2025-09-30T22:03:39Z,,
Great meeting with the marketing team today. Productive discussions!,0,user_000634,2025-10-08T13:38:14Z,,
Beautiful sunset today in Tokyo! 🌅 #photography,0,user_000162,2025-11-01T18:36:45Z,,
Beautiful sunset today in Tokyo! 🌅 #photography,0,user_000874,2025-09-06T20:03:28Z,,
Final Notice: PayPal account expires today. Renew now: https://click.me/verify660,1,user_000934,2025-11-27T10:23:09Z,,https://click.me/verify660
Just finished reading an interesting article about AI. Thoughts?,0,user_000411,2025-12-16T04:20:09Z,,
Weekend plans include coding. Should be fun!,0,user_000913,2026-02-11T00:29:31Z,,https://medium.com/article/2725
Reading about space exploration - fascinating developments in the field,0,user_000495,2026-01-23T08:05:49Z,,
Coffee break thoughts: collaboration is key What do you think?,0,user_000033,2026-02-13T06:41:48Z,,https://github.com/article/7023
Celebrating anniversary with the family today! 🎉,0,user_000666,2025-12-28T09:10:54Z,,
Reminder: conference is coming up next week. Looking forward to it!,0,user_000881,2025-10-30T08:54:07Z,,
Weather update: It's snowy in California today,0,user_000715,2026-01-16T22:35:13Z,,https://youtube.com/article/4145
Reminder: presentation is coming up next week. Looking forward to it!,0,user_000596,2026-01-07T20:30:35Z,,
Coffee break thoughts: learning never stops What do you think?,0,user_000569,2025-11-17T00:32:34Z,,
⚠️ Account Locked: Your Netflix needs immediate verification: https://t.co/claim247,1,user_000151,2025-09-27T01:48:57Z,,https://t.co/claim247
"Tax refund of $1,200 pending. Claim here: https://verify-now.net/update304",1,user_000406,2026-01-20T11:26:56Z,,https://verify-now.net/update304
Great meeting with the engineering team today. Productive discussions!,0,user_000169,2026-01-16T04:39:05Z,,
Coffee break thoughts: collaboration is key What do you think?,0,user_000965,2025-12-09T01:35:55Z,,https://techcrunch.com/article/7564
Reading about AI - fascinating developments in the field,0,user_000506,2026-01-12T06:44:04Z,,
RT @user_000793: Coffee break thoughts: learning never stops What do you think?,0,user_000009,2025-11-19T02:18:59Z,user_000793,https://youtube.com/article/2571
RT @user_000767: Celebrating anniversary with the family today! 🎉,0,user_000667,2025-09-06T00:37:55Z,user_000767,https://cnn.com/article/4571
Just finished reading an interesting article about space exploration. Thoughts?,0,user_000324,2025-12-30T23:42:11Z,,
Great meeting with the engineering team today. Productive discussions!,0,user_000583,2025-08-23T11:39:40Z,,https://linkedin.com/article/8486
Weather update: It's snowy in Sydney today,0,user_000462,2025-12-03T18:21:57Z,,
Great meeting with the sales team today. Productive discussions!,0,user_000968,2025-10-16T10:34:40Z,,
RT @user_000991: Working on a new research project. Exciting times ahead!,0,user_000301,2025-10-24T15:11:01Z,user_000991,
Working on a new machine learning project. Exciting times ahead!,0,user_000669,2026-01-09T08:55:09Z,,
Working on a new research project. Exciting times ahead!,0,user_000546,2025-10-31T09:00:24Z,,
Weekend plans include traveling. Should be fun!,0,user_000002,2025-11-02T11:45:51Z,,https://github.com/article/4512
Reading about renewable energy - fascinating developments in the field,0,user_000937,2025-08-25T20:22:53Z,,
Just finished reading an interesting article about space exploration. Thoughts?,0,user_000999,2025-11-19T06:00:03Z,,
Working on a new machine learning project. Exciting times ahead!,0,user_000047,2026-01-26T00:28:33Z,,https://medium.com/article/1405
Reminder: meetup is coming up next week. Looking forward to it!,0,user_000196,2025-12-26T08:34:48Z,,https://youtube.com/article/2876
Reading about space exploration - fascinating developments in the field,0,user_000972,2025-09-10T09:46:02Z,,
Weather update: It's snowy in California today,0,user_000884,2026-01-07T19:24:55Z,,
Reading about technology trends - fascinating developments in the field,0,user_000696,2025-10-26T18:35:51Z,,
Celebrating promotion with the family today! 🎉,0,user_000657,2025-10-11T16:41:42Z,,
RT @user_000506: Weekend plans include coding. Should be fun!,0,user_000567,2025-11-04T03:33:03Z,user_000506,https://medium.com/article/9576
Weekend plans include coding. Should be fun!,0,user_000508,2026-01-13T22:13:42Z,,
Beautiful sunset today in Tokyo! 🌅 #photography,0,user_000196,2025-10-19T22:38:25Z,,
🚨 URGENT: Your Google account has been suspended! Verify immediately: https://verify-now.net/verify609,1,user_000740,2025-12-24T09:29:21Z,,https://verify-now.net/verify609
BREAKING: Microsoft is giving away $1000 gift card! Get yours: https://tinyurl.com/secure540,1,user_000981,2025-09-21T16:20:05Z,,https://tinyurl.com/secure540
Your package could not be delivered. Reschedule: https://secure-verify.net/confirm429,1,user_000705,2025-10-27T12:43:02Z,,https://secure-verify.net/confirm429
Weather update: It's windy in Sydney today,0,user_000087,2025-10-31T06:12:17Z,,
Reading about AI - fascinating developments in the field,0,user_000454,2026-02-04T19:57:28Z,,https://twitter.com/article/9977
Weekend plans include hiking. Should be fun!,0,user_000750,2026-02-08T22:15:48Z,,
Beautiful sunset today in New York! 🌅 #photography,0,user_000637,2025-10-28T01:03:04Z,,https://cnn.com/article/1237
Reminder: conference is coming up next week. Looking forward to it!,0,user_000555,2025-12-26T01:04:13Z,,https://medium.com/article/2757
Reminder: presentation is coming up next week. Looking forward to it!,0,user_000436,2025-09-02T13:51:23Z,,
Working on a new research project. Exciting times ahead!,0,user_000211,2025-12-16T20:41:37Z,,
Beautiful sunset today in London! 🌅 #photography,0,user_000077,2026-02-03T18:51:11Z,,
Reading about technology trends - fascinating developments in the field,0,user_000377,2025-12-05T02:44:25Z,,
BREAKING: Tesla is giving away iPhone 15! Get yours: https://verify-now.net/claim724,1,user_000289,2025-08-26T18:53:42Z,,https://verify-now.net/claim724
Weekend plans include cooking. Should be fun!,0,user_000204,2025-09-06T15:27:32Z,,
RT @user_000092: Great meeting with the sales team today. Productive discussions!,0,user_000849,2025-12-26T11:30:14Z,user_000092,
Weekend plans include reading. Should be fun!,0,user_000673,2026-02-06T20:45:36Z,,
Weekend plans include hiking. Should be fun!,0,user_000222,2025-10-12T03:10:22Z,,https://news.bbc.co.uk/article/1880
Working on a new website project. Exciting times ahead!,0,user_000788,2026-01-12T18:45:53Z,,https://github.com/article/5652
Weekend plans include traveling. Should be fun!,0,user_000923,2025-12-10T07:08:07Z,,https://news.bbc.co.uk/article/3375
Reading about space exploration - fascinating developments in the field,0,user_000831,2026-02-08T18:17:11Z,,
Weekend plans include traveling. Should be fun!,0,user_000527,2025-11-16T02:09:02Z,,
Beautiful sunset today in London! 🌅 #photography,0,user_000804,2025-09-18T20:54:04Z,,
Great meeting with the product team today. Productive discussions!,0,user_000449,2025-12-11T12:16:00Z,,
Coffee break thoughts: collaboration is key What do you think?,0,user_000324,2025-10-20T22:41:54Z,,https://techcrunch.com/article/9456
Weekend plans include cooking. Should be fun!,0,user_000817,2025-09-11T18:05:27Z,,https://wikipedia.org/article/2789
Great meeting with the design team today. Productive discussions!,0,user_000895,2025-09-09T04:41:53Z,,https://cnn.com/article/3687
Weather update: It's snowy in Tokyo today,0,user_000021,2025-10-08T21:43:03Z,,https://techcrunch.com/article/4936
Weekend plans include coding. Should be fun!,0,user_000082,2026-01-30T12:23:43Z,,https://cnn.com/article/6951
Just finished reading an interesting article about technology trends. Thoughts?,0,user_000580,2025-09-18T06:43:26Z,,
Reading about technology trends - fascinating developments in the field,0,user_000952,2025-10-05T21:31:17Z,,
Celebrating graduation with the family today! 🎉,0,user_000288,2025-09-24T08:00:44Z,,https://linkedin.com/article/1838
⚠️ Account Locked: Your Google needs immediate verification: https://t.co/verify996,1,user_000642,2026-01-09T03:45:44Z,,https://t.co/verify996
Reminder: conference is coming up next week. Looking forward to it!,0,user_000893,2025-12-28T20:29:27Z,,https://twitter.com/article/7441
Weather update: It's snowy in Sydney today,0,user_000820,2025-11-25T01:36:14Z,,
Working on a new mobile app project. Exciting times ahead!,0,user_000158,2025-09-21T03:51:20Z,,https://cnn.com/article/7837
Beautiful sunset today in Tokyo! 🌅 #photography,0,user_000077,2025-11-09T14:39:29Z,,https://cnn.com/article/5411
Reading about space exploration - fascinating developments in the field,0,user_000967,2025-10-22T13:54:48Z,,
Reading about climate change - fascinating developments in the field,0,user_000612,2026-02-08T04:57:58Z,,
Beautiful sunset today in New York! 🌅 #photography,0,user_000547,2026-01-27T02:50:40Z,,
RT @user_000290: RT @user_000428: Weekend plans include hiking. Should be fun!,0,user_000078,2026-01-13T17:40:05Z,user_000290,https://wikipedia.org/article/4296
Celebrating anniversary with the family today! 🎉,0,user_000057,2025-10-14T17:19:39Z,,https://youtube.com/article/2564
Your Bank of America payment failed. Update info to avoid suspension: https://verify-now.net/confirm872,1,user_000285,2025-09-24T13:43:57Z,,https://verify-now.net/confirm872
Weather update: It's snowy in California today,0,user_000244,2026-01-07T18:59:27Z,,https://github.com/article/2314
Coffee break thoughts: learning never stops What do you think?,0,user_000161,2025-10-20T12:50:24Z,,
Weekend plans include hiking. Should be fun!,0,user_000458,2025-10-30T10:17:07Z,,
Beautiful sunset today in Sydney! 🌅 #photography,0,user_000539,2025-11-16T12:49:04Z,,
Coffee break thoughts: collaboration is key What do you think?,0,user_000999,2026-02-13T10:10:28Z,,https://youtube.com/article/2015
Coffee break thoughts: learning never stops What do you think?,0,user_000981,2025-09-01T18:24:47Z,,https://news.bbc.co.uk/article/2229
Reminder: meetup is coming up next week. Looking forward to it!,0,user_000760,2026-01-01T04:22:26Z,,
Working on a new machine learning project. Exciting times ahead!,0,user_000008,2025-10-10T13:40:06Z,,
Coffee break thoughts: learning never stops What do you think?,0,user_000179,2025-11-26T03:27:16Z,,https://github.com/article/6594
Celebrating birthday with the family today! 🎉,0,user_000648,2025-10-29T05:52:45Z,,
Reminder: meetup is coming up next week. Looking forward to it!,0,user_000904,2025-08-27T08:50:30Z,,
Beautiful sunset today in California! 🌅 #photography,0,user_000679,2025-12-24T16:09:55Z,,https://twitter.com/article/8727
Coffee break thoughts: collaboration is key What do you think?,0,user_000524,2026-02-03T18:33:56Z,,https://wikipedia.org/article/6684
Weekend plans include cooking. Should be fun!,0,user_000765,2026-01-31T17:21:52Z,,
Weekend plans include cooking. Should be fun!,0,user_000083,2025-11-05T13:00:50Z,,
BREAKING: Apple is giving away laptop! Get yours: https://click.me/confirm501,1,user_000337,2025-12-03T00:39:33Z,,https://click.me/confirm501
Working on a new machine learning project. Exciting times ahead!,0,user_000659,2025-11-01T07:11:40Z,,
Working on a new machine learning project. Exciting times ahead!,0,user_000420,2025-12-29T21:33:57Z,,https://cnn.com/article/3770
Celebrating anniversary with the family today! 🎉,0,user_000963,2025-12-26T23:47:44Z,,
Final Notice: Facebook account expires today. Renew now: https://click.me/secure197,1,user_000633,2025-12-30T20:25:27Z,,https://click.me/secure197
Just finished reading an interesting article about climate change. Thoughts?,0,user_000206,2025-11-09T03:14:48Z,,
Great meeting with the sales team today. Productive discussions!,0,user_000777,2025-10-09T06:06:28Z,,
RT @user_000082: Weekend plans include coding. Should be fun!,0,user_000473,2025-12-09T13:34:02Z,user_000082,https://cnn.com/article/6951
Just finished reading an interesting article about space exploration. Thoughts?,0,user_000377,2025-11-12T23:54:41Z,,
Celebrating anniversary with the family today! 🎉,0,user_000510,2025-10-20T16:58:58Z,,
Weather update: It's windy in Tokyo today,0,user_000431,2025-09-15T09:54:58Z,,
Working on a new data analysis project. Exciting times ahead!,0,user_000563,2026-01-04T04:02:32Z,,https://news.bbc.co.uk/article/3008
Congratulations! You've won a laptop! Claim now: https://account-update.org/update654 Limited time offer!,1,user_000490,2025-09-30T03:05:30Z,,https://account-update.org/update654
Celebrating birthday with the family today! 🎉,0,user_000467,2026-02-13T07:35:29Z,,https://linkedin.com/article/2475
RT @user_000009: RT @user_000793: Coffee break thoughts: learning never stops What do you think?,0,user_000667,2025-09-05T13:57:27Z,user_000009,https://youtube.com/article/2571
Beautiful sunset today in Tokyo! 🌅 #photography,0,user_000248,2025-12-01T21:18:14Z,,
Beautiful sunset today in Sydney! 🌅 #photography,0,user_000978,2026-01-23T19:24:07Z,,
Beautiful sunset today in California! 🌅 #photography,0,user_000761,2025-08-30T22:55:24Z,,
Tax refund of $750 pending. Claim here: https://short.link/secure659,1,user_000218,2025-08-26T04:56:31Z,,https://short.link/secure659
RT @user_000648: Celebrating birthday with the family today! 🎉,0,user_000538,2025-09-07T14:56:52Z,user_000648,
Security Alert: Suspicious activity on your PayPal. Confirm identity: https://secure-verify.net/confirm379,1,user_000117,2025-12-10T03:04:44Z,,https://secure-verify.net/confirm379
Just finished reading an interesting article about space exploration. Thoughts?,0,user_000650,2026-01-02T19:52:02Z,,
Beautiful sunset today in California! 🌅 #photography,0,user_000573,2025-09-28T15:16:45Z,,https://youtube.com/article/4851
Beautiful sunset today in Tokyo! 🌅 #photography,0,user_000728,2025-09-22T16:20:25Z,,https://linkedin.com/article/3029
Weather update: It's snowy in New York today,0,user_000594,2025-12-03T07:22:28Z,,
Reminder: conference is coming up next week. Looking forward to it!,0,user_000394,2025-08-22T02:53:48Z,,https://linkedin.com/article/2035
Coffee break thoughts: innovation drives progress What do you think?,0,user_000521,2026-02-06T03:09:03Z,,
Your package could not be delivered. Reschedule: https://verify-now.net/claim597,1,user_000775,2025-12-04T16:57:53Z,,https://verify-now.net/claim597
Great meeting with the design team today. Productive discussions!,0,user_000592,2026-01-06T12:58:04Z,,https://youtube.com/article/4270
RT @user_000539: Beautiful sunset today in Sydney! 🌅 #photography,0,user_000632,2025-08-25T19:53:01Z,user_000539,
Reminder: meetup is coming up next week. Looking forward to it!,0,user_000448,2025-09-08T08:44:17Z,,https://news.bbc.co.uk/article/2765
Great meeting with the product team today. Productive discussions!,0,user_000979,2025-09-29T22:45:17Z,,
Beautiful sunset today in Tokyo! 🌅 #photography,0,user_000196,2025-11-27T12:16:12Z,,
Weather update: It's sunny in Tokyo today,0,user_000201,2025-09-29T05:12:19Z,,https://cnn.com/article/8919
Celebrating achievement with the family today! 🎉,0,user_000273,2025-12-12T07:02:50Z,,
Final Notice: Apple account expires today. Renew now: https://verify-now.net/confirm931,1,user_000737,2025-09-08T21:09:27Z,,https://verify-now.net/confirm931
Celebrating achievement with the family today! 🎉,0,user_000259,2025-11-19T03:53:38Z,,
Reminder: webinar is coming up next week. Looking forward to it!,0,user_000772,2025-09-25T13:08:40Z,,
Just finished reading an interesting article about AI. Thoughts?,0,user_000492,2026-01-06T11:03:18Z,,
⚠️ Account Locked: Your Google needs immediate verification: https://short.link/verify613,1,user_000349,2025-11-02T14:47:23Z,,https://short.link/verify613
Weather update: It's snowy in California today,0,user_000415,2025-11-26T12:34:43Z,,
Weather update: It's rainy in Sydney today,0,user_000211,2025-10-01T16:48:06Z,,https://youtube.com/article/2436
Beautiful sunset today in London! 🌅 #photography,0,user_000258,2025-12-22T05:33:05Z,,
Reminder: presentation is coming up next week. Looking forward to it!,0,user_000908,2025-09-28T09:53:31Z,,
Beautiful sunset today in Tokyo! 🌅 #photography,0,user_000242,2025-10-13T02:21:28Z,,
Reading about renewable energy - fascinating developments in the field,0,user_001000,2025-09-12T12:19:06Z,,
Working on a new mobile app project. Exciting times ahead!,0,user_000264,2025-12-25T13:30:04Z,,
Weather update: It's rainy in New York today,0,user_000858,2025-12-06T01:34:42Z,,
RT @user_000737: Final Notice: Apple account expires today. Renew now: https://verify-now.net/confirm931,1,user_000170,2026-01-22T00:43:46Z,user_000737,https://verify-now.net/confirm931
Coffee break thoughts: learning never stops What do you think?,0,user_000515,2025-09-27T09:13:55Z,,
Coffee break thoughts: learning never stops What do you think?,0,user_000821,2025-12-28T16:57:22Z,,
Reading about climate change - fascinating developments in the field,0,user_000612,2025-08-19T17:01:21Z,,
Working on a new website project. Exciting times ahead!,0,user_000267,2026-02-12T08:58:31Z,,https://news.bbc.co.uk/article/7475
Reading about space exploration - fascinating developments in the field,0,user_000110,2025-10-13T08:20:41Z,,
RT @user_000021: Weather update: It's snowy in Tokyo today,0,user_000436,2025-11-26T09:48:20Z,user_000021,https://techcrunch.com/article/4936
Working on a new website project. Exciting times ahead!,0,user_000371,2025-11-22T03:02:26Z,,
Limited Time: Get laptop absolutely FREE! Click here: https://secure-verify.net/verify280,1,user_000246,2026-01-25T17:32:01Z,,https://secure-verify.net/verify280
Just finished reading an interesting article about climate change. Thoughts?,0,user_000688,2026-02-13T14:13:15Z,,
Reminder: presentation is coming up next week. Looking forward to it!,0,user_000780,2025-09-16T11:15:26Z,,
Weather update: It's rainy in New York today,0,user_000483,2026-01-18T08:04:43Z,,https://wikipedia.org/article/4094
Beautiful sunset today in Tokyo! 🌅 #photography,0,user_000748,2025-08-19T00:02:31Z,,
Congratulations! You've won a vacation package! Claim now: https://tinyurl.com/confirm239 Limited time offer!,1,user_000861,2025-12-26T21:12:33Z,,https://tinyurl.com/confirm239
Just finished reading an interesting article about climate change. Thoughts?,0,user_000828,2025-12-01T13:17:48Z,,https://medium.com/article/5009
Working on a new machine learning project. Exciting times ahead!,0,user_000273,2025-12-30T17:11:19Z,,https://cnn.com/article/1593
Beautiful sunset today in Sydney! 🌅 #photography,0,user_000051,2025-10-20T11:58:50Z,,
Weekend plans include traveling. Should be fun!,0,user_000703,2026-01-10T18:13:13Z,,
Reminder: meetup is coming up next week. Looking forward to it!,0,user_000362,2025-09-14T06:51:29Z,,
Security Alert: Suspicious activity on your Bank of America. Confirm identity: https://bit.ly/verify730,1,user_000841,2026-01-14T12:36:51Z,,https://bit.ly/verify730
Reminder: meetup is coming up next week. Looking forward to it!,0,user_000706,2025-11-12T23:54:59Z,,https://cnn.com/article/3068
Weekend plans include reading. Should be fun!,0,user_000272,2026-01-20T13:42:19Z,,
Weekend plans include traveling. Should be fun!,0,user_000835,2025-12-03T15:52:09Z,,
RT @user_000117: Security Alert: Suspicious activity on your PayPal. Confirm identity: https://secure-verify.net/confirm379,1,user_000512,2026-01-11T08:05:04Z,user_000117,https://secure-verify.net/confirm379
RT @user_000667: RT @user_000009: RT @user_000793: Coffee break thoughts: learning never stops What do you think?,0,user_000843,2025-11-05T18:31:42Z,user_000667,https://youtube.com/article/2571
Reading about AI - fascinating developments in the field,0,user_000838,2025-12-09T14:11:02Z,,https://techcrunch.com/article/8762
Reminder: meetup is coming up next week. Looking forward to it!,0,user_000487,2025-12-13T10:06:39Z,,https://linkedin.com/article/6887
Just finished reading an interesting article about AI. Thoughts?,0,user_000647,2025-12-15T22:42:07Z,,
Coffee break thoughts: collaboration is key What do you think?,0,user_000834,2025-08-25T09:26:53Z,,
Great meeting with the design team today. Productive discussions!,0,user_000966,2025-09-23T02:26:30Z,,
Limited Time: Get $1000 gift card absolutely FREE! Click here: https://claim-reward.org/update697,1,user_000230,2025-10-03T14:10:04Z,,https://claim-reward.org/update697
Reading about climate change - fascinating developments in the field,0,user_000509,2025-11-12T08:58:38Z,,https://youtube.com/article/7722
⚠️ Account Locked: Your Netflix needs immediate verification: https://short.link/confirm666,1,user_000139,2026-01-05T10:13:10Z,,https://short.link/confirm666
Beautiful sunset today in Tokyo! 🌅 #photography,0,user_000066,2026-01-26T14:02:08Z,,
Celebrating graduation with the family today! 🎉,0,user_000158,2025-08-21T02:45:29Z,,https://linkedin.com/article/5839
Weather update: It's cloudy in London today,0,user_000108,2025-11-24T14:25:34Z,,
RT @user_000563: Working on a new data analysis project. Exciting times ahead!,0,user_000147,2025-10-17T19:59:25Z,user_000563,https://news.bbc.co.uk/article/3008
Celebrating achievement with the family today! 🎉,0,user_000144,2025-10-01T10:21:21Z,,
Celebrating anniversary with the family today! 🎉,0,user_000884,2025-09-23T16:40:53Z,,https://github.com/article/5642
Great meeting with the engineering team today. Productive discussions!,0,user_000987,2025-08-28T23:36:07Z,,
Just finished reading an interesting article about AI. Thoughts?,0,user_000572,2026-01-05T15:35:52Z,,https://wikipedia.org/article/6485
RT @user_000371: Working on a new website project. Exciting times ahead!,0,user_000371,2025-10-30T17:42:51Z,user_000371,
Celebrating birthday with the family today! 🎉,0,user_000700,2025-11-05T05:47:42Z,,
Working on a new website project. Exciting times ahead!,0,user_000334,2025-10-31T00:32:09Z,,
Working on a new data analysis project. Exciting times ahead!,0,user_000990,2026-01-01T05:55:31Z,,
Reading about AI - fascinating developments in the field,0,user_000712,2026-01-02T15:34:38Z,,
Great meeting with the product team today. Productive discussions!,0,user_000051,2026-01-20T23:17:12Z,,
Weather update: It's sunny in Sydney today,0,user_000076,2025-12-19T08:55:04Z,,
Reading about climate change - fascinating developments in the field,0,user_000070,2025-12-28T01:52:43Z,,
Great meeting with the marketing team today. Productive discussions!,0,user_000494,2026-01-27T02:03:49Z,,
Reminder: meetup is coming up next week. Looking forward to it!,0,user_000172,2025-11-05T10:35:05Z,,
Your Google payment failed. Update info to avoid suspension: https://secure-verify.net/update638,1,user_000679,2025-12-18T20:54:28Z,,https://secure-verify.net/update638
Your package could not be delivered. Reschedule: https://bit.ly/confirm675,1,user_000992,2025-11-28T03:54:57Z,,https://bit.ly/confirm675
Great meeting with the product team today. Productive discussions!,0,user_000096,2025-12-06T23:00:35Z,,https://twitter.com/article/4994
Great meeting with the sales team today. Productive discussions!,0,user_000669,2026-01-10T15:01:01Z,,
Weather update: It's rainy in London today,0,user_000167,2025-10-27T07:18:09Z,,
Reading about renewable energy - fascinating developments in the field,0,user_000398,2025-10-06T04:08:29Z,,https://news.bbc.co.uk/article/2462
🚨 URGENT: Your PayPal account has been locked! Verify immediately: https://tinyurl.com/update792,1,user_000040,2026-01-30T10:54:44Z,,https://tinyurl.com/update792
Celebrating birthday with the family today! 🎉,0,user_000591,2025-11-21T07:02:37Z,,https://github.com/article/4909
Coffee break thoughts: innovation drives progress What do you think?,0,user_000958,2025-10-06T15:19:56Z,,https://news.bbc.co.uk/article/9261
Reminder: presentation is coming up next week. Looking forward to it!,0,user_000921,2025-12-08T17:17:30Z,,
Great meeting with the design team today. Productive discussions!,0,user_000512,2025-12-27T07:29:26Z,,
RT @user_000861: Congratulations! You've won a vacation package! Claim now: https://tinyurl.com/confirm239 Limited time offer!,1,user_000189,2025-09-24T12:44:13Z,user_000861,https://tinyurl.com/confirm239
Reading about AI - fascinating developments in the field,0,user_000538,2025-09-27T21:28:04Z,,
Security Alert: Suspicious activity on your PayPal. Confirm identity: https://verify-now.net/confirm451,1,user_000763,2025-10-21T17:55:09Z,,https://verify-now.net/confirm451
Coffee break thoughts: learning never stops What do you think?,0,user_000611,2025-10-24T20:49:49Z,,
Great meeting with the engineering team today. Productive discussions!,0,user_000653,2026-01-09T07:28:01Z,,
Reading about space exploration - fascinating developments in the field,0,user_000039,2025-12-27T05:04:36Z,,https://cnn.com/article/8086
Weather update: It's rainy in Sydney today,0,user_000847,2025-10-09T09:33:45Z,,https://wikipedia.org/article/5026
Reading about technology trends - fascinating developments in the field,0,user_000124,2025-08-24T05:07:17Z,,
Reminder: webinar is coming up next week. Looking forward to it!,0,user_000114,2025-10-06T14:31:11Z,,
Celebrating graduation with the family today! 🎉,0,user_000539,2025-10-02T13:32:36Z,,https://wikipedia.org/article/9610
Celebrating graduation with the family today! 🎉,0,user_000258,2025-12-10T09:20:13Z,,
RT @user_000763: Security Alert: Suspicious activity on your PayPal. Confirm identity: https://verify-now.net/confirm451,1,user_000632,2025-09-26T23:01:11Z,user_000763,https://verify-now.net/confirm451
Celebrating anniversary with the family today! 🎉,0,user_000065,2026-01-08T00:36:11Z,,
Coffee break thoughts: innovation drives progress What do you think?,0,user_000347,2026-01-29T12:20:00Z,,
BREAKING: Amazon is giving away $1000 gift card! Get yours: https://urgent-action.com/confirm854,1,user_000503,2025-12-03T18:24:51Z,,https://urgent-action.com/confirm854
Just finished reading an interesting article about AI. Thoughts?,0,user_000300,2026-02-05T12:03:17Z,,
Great meeting with the product team today. Productive discussions!,0,user_000517,2025-12-30T17:39:29Z,,
Coffee break thoughts: innovation drives progress What do you think?,0,user_000211,2025-09-25T23:11:59Z,,
Reminder: workshop is coming up next week. Looking forward to it!,0,user_000397,2025-11-09T08:56:18Z,,
Reading about AI - fascinating developments in the field,0,user_000159,2025-09-10T05:34:26Z,,
Weekend plans include traveling. Should be fun!,0,user_000778,2025-12-05T02:36:04Z,,https://news.bbc.co.uk/article/8612
Great meeting with the design team today. Productive discussions!,0,user_000879,2025-10-12T10:12:55Z,,
Coffee break thoughts: learning never stops What do you think?,0,user_000130,2025-09-22T10:38:46Z,,
Celebrating graduation with the family today! 🎉,0,user_000459,2025-09-28T22:03:37Z,,
Reminder: meetup is coming up next week. Looking forward to it!,0,user_000676,2025-10-15T18:02:04Z,,
Working on a new mobile app project. Exciting times ahead!,0,user_000501,2025-09-05T17:18:53Z,,
Great meeting with the engineering team today. Productive discussions!,0,user_000394,2026-02-06T13:58:12Z,,
Celebrating graduation with the family today! 🎉,0,user_000098,2025-10-06T15:57:28Z,,
Weekend plans include cooking. Should be fun!,0,user_000205,2025-08-29T02:38:44Z,,
Beautiful sunset today in London! 🌅 #photography,0,user_000778,2026-01-16T04:23:21Z,,
Beautiful sunset today in Sydney! 🌅 #photography,0,user_000810,2025-09-03T08:29:46Z,,
Coffee break thoughts: collaboration is key What do you think?,0,user_000928,2025-11-27T07:14:40Z,,
Weather update: It's cloudy in New York today,0,user_000639,2026-01-12T06:04:02Z,,https://cnn.com/article/7591
Coffee break thoughts: collaboration is key What do you think?,0,user_000652,2025-11-08T18:59:29Z,,
Reading about technology trends - fascinating developments in the field,0,user_000275,2025-08-19T10:48:29Z,,https://youtube.com/article/8714
BREAKING: Microsoft is giving away laptop! Get yours: https://account-update.org/secure739,1,user_000165,2026-02-08T09:06:29Z,,https://account-update.org/secure739
Reminder: webinar is coming up next week. Looking forward to it!,0,user_000157,2025-11-03T03:41:12Z,,https://youtube.com/article/2666
Reminder: workshop is coming up next week. Looking forward to it!,0,user_000363,2025-10-25T10:43:01Z,,
Great meeting with the design team today. Productive discussions!,0,user_000677,2025-11-23T10:06:37Z,,
Reading about technology trends - fascinating developments in the field,0,user_000728,2025-09-05T15:28:08Z,,https://github.com/article/3131
Weather update: It's cloudy in London today,0,user_000325,2025-09-09T13:11:27Z,,
Reading about climate change - fascinating developments in the field,0,user_000900,2025-11-17T20:39:52Z,,
Weekend plans include coding. Should be fun!,0,user_000955,2025-11-23T08:54:53Z,,
Reading about climate change - fascinating developments in the field,0,user_000366,2025-10-10T20:23:22Z,,
RT @user_000843: RT @user_000667: RT @user_000009: RT @user_000793: Coffee break thoughts: learning never stops What do you think?,0,user_000782,2025-12-09T05:35:41Z,user_000843,https://youtube.com/article/2571
Reminder: webinar is coming up next week. Looking forward to it!,0,user_000775,2025-11-25T05:05:59Z,,
Great meeting with the sales team today. Productive discussions!,0,user_000068,2026-02-10T09:48:51Z,,https://twitter.com/article/9094
Just finished reading an interesting article about technology trends. Thoughts?,0,user_000434,2025-12-14T22:16:29Z,,
Weather update: It's rainy in Sydney today,0,user_000030,2026-01-17T19:39:18Z,,
Beautiful sunset today in New York! 🌅 #photography,0,user_000825,2025-11-12T06:00:34Z,,
Great meeting with the product team today. Productive discussions!,0,user_000302,2026-01-17T19:20:22Z,,
Weather update: It's snowy in California today,0,user_000102,2026-01-29T14:06:48Z,,
Limited Time: Get $1000 gift card absolutely FREE! Click here: https://click.me/verify970,1,user_000741,2026-01-07T10:59:45Z,,https://click.me/verify970
Coffee break thoughts: learning never stops What do you think?,0,user_000533,2025-09-05T22:13:38Z,,
Reminder: webinar is coming up next week. Looking forward to it!,0,user_000468,2025-12-23T01:14:46Z,,https://twitter.com/article/4347
Celebrating achievement with the family today! 🎉,0,user_000590,2026-01-05T19:34:20Z,,
"Tax refund of $1,200 pending. Claim here: https://t.co/confirm155",1,user_000591,2025-09-20T14:42:22Z,,https://t.co/confirm155
Reading about space exploration - fascinating developments in the field,0,user_000630,2025-09-12T09:30:15Z,,https://cnn.com/article/4023
Weather update: It's rainy in New York today,0,user_000708,2025-09-28T21:40:17Z,,
Beautiful sunset today in California! 🌅 #photography,0,user_000655,2025-11-12T15:47:10Z,,https://github.com/article/3231
RT @user_000124: Reading about technology trends - fascinating developments in the field,0,user_000036,2025-11-24T14:28:22Z,user_000124,
Beautiful sunset today in California! 🌅 #photography,0,user_000421,2025-11-15T02:54:30Z,,https://wikipedia.org/article/5960
Celebrating achievement with the family today! 🎉,0,user_000203,2025-12-16T08:32:36Z,,
Beautiful sunset today in London! 🌅 #photography,0,user_000566,2025-10-19T09:50:49Z,,https://medium.com/article/7060
Reminder: conference is coming up next week. Looking forward to it!,0,user_000113,2026-01-10T07:43:44Z,,
Just finished reading an interesting article about climate change. Thoughts?,0,user_000588,2025-09-25T04:09:57Z,,https://wikipedia.org/article/4761
Great meeting with the product team today. Productive discussions!,0,user_000641,2025-10-25T15:46:18Z,,
Limited Time: Get laptop absolutely FREE! Click here: https://secure-verify.net/claim536,1,user_000323,2026-01-30T21:03:45Z,,https://secure-verify.net/claim536
Security Alert: Suspicious activity on your Facebook. Confirm identity: https://bit.ly/secure121,1,user_000347,2025-11-02T11:33:02Z,,https://bit.ly/secure121
Reading about technology trends - fascinating developments in the field,0,user_000213,2025-10-05T07:05:32Z,,https://techcrunch.com/article/8650
Reading about AI - fascinating developments in the field,0,user_000029,2026-01-10T08:53:34Z,,
Reminder: workshop is coming up next week. Looking forward to it!,0,user_000171,2025-10-19T13:30:35Z,,https://wikipedia.org/article/9557
Weekend plans include traveling. Should be fun!,0,user_000509,2025-11-06T13:43:40Z,,
Reminder: presentation is coming up next week. Looking forward to it!,0,user_000162,2026-01-30T04:20:33Z,,https://medium.com/article/9070
Just finished reading an interesting article about climate change. Thoughts?,0,user_000059,2025-09-23T22:57:06Z,,
Celebrating anniversary with the family today! 🎉,0,user_000531,2026-01-09T12:42:26Z,,
Weekend plans include reading. Should be fun!,0,user_000100,2026-01-25T06:53:08Z,,https://cnn.com/article/5314
RT @user_000566: Beautiful sunset today in London! 🌅 #photography,0,user_000885,2026-01-13T06:03:46Z,user_000566,https://medium.com/article/7060
Your package could not be delivered. Reschedule: https://account-update.org/update558,1,user_000538,2025-08-27T12:50:08Z,,https://account-update.org/update558
Great meeting with the marketing team today. Productive discussions!,0,user_000800,2026-01-08T16:58:13Z,,
RT @user_000171: Reminder: workshop is coming up next week. Looking forward to it!,0,user_000032,2025-09-15T10:22:06Z,user_000171,https://wikipedia.org/article/9557
Working on a new data analysis project. Exciting times ahead!,0,user_000304,2025-12-28T13:18:38Z,,
Weekend plans include traveling. Should be fun!,0,user_000849,2026-01-21T12:28:11Z,,https://cnn.com/article/1257
Reminder: presentation is coming up next week. Looking forward to it!,0,user_000836,2025-10-01T22:38:33Z,,
Weekend plans include traveling. Should be fun!,0,user_000230,2025-11-28T18:05:10Z,,
Just finished reading an interesting article about AI. Thoughts?,0,user_000930,2025-12-08T01:08:49Z,,https://news.bbc.co.uk/article/8383
RT @user_000741: Limited Time: Get $1000 gift card absolutely FREE! Click here: https://click.me/verify970,1,user_000930,2025-10-10T23:13:26Z,user_000741,https://click.me/verify970
RT @user_000632: RT @user_000763: Security Alert: Suspicious activity on your PayPal. Confirm identity: https://verify-now.net/confirm451,1,user_000043,2025-12-09T15:06:19Z,user_000632,https://verify-now.net/confirm451
Coffee break thoughts: innovation drives progress What do you think?,0,user_000221,2025-09-08T03:27:03Z,,https://linkedin.com/article/1156
Coffee break thoughts: collaboration is key What do you think?,0,user_000941,2026-01-24T01:45:06Z,,
Congratulations! You've won a vacation package! Claim now: https://short.link/verify122 Limited time offer!,1,user_000631,2025-09-03T01:18:24Z,,https://short.link/verify122
Working on a new machine learning project. Exciting times ahead!,0,user_000846,2026-01-29T02:07:52Z,,
Coffee break thoughts: innovation drives progress What do you think?,0,user_000087,2025-11-09T00:58:48Z,,https://youtube.com/article/4008
Beautiful sunset today in London! 🌅 #photography,0,user_000366,2025-10-05T19:30:01Z,,https://github.com/article/8303
Reminder: workshop is coming up next week. Looking forward to it!,0,user_000714,2025-11-20T23:16:54Z,,
Beautiful sunset today in California! 🌅 #photography,0,user_000880,2025-10-13T13:50:20Z,,https://medium.com/article/6995
Reading about climate change - fascinating developments in the field,0,user_000483,2025-12-06T11:37:21Z,,https://youtube.com/article/4072
Reading about climate change - fascinating developments in the field,0,user_000447,2025-12-10T10:08:51Z,,https://news.bbc.co.uk/article/2131
Coffee break thoughts: learning never stops What do you think?,0,user_000858,2025-12-29T00:13:18Z,,
RT @user_000029: Reading about AI - fascinating developments in the field,0,user_000757,2025-11-30T21:07:10Z,user_000029,
Weekend plans include traveling. Should be fun!,0,user_000856,2025-09-30T18:16:30Z,,
Weekend plans include coding. Should be fun!,0,user_000338,2026-01-26T00:52:05Z,,
Coffee break thoughts: learning never stops What do you think?,0,user_000876,2025-09-29T08:19:52Z,,https://techcrunch.com/article/4806
RT @user_000275: Reading about technology trends - fascinating developments in the field,0,user_000357,2025-11-03T00:29:38Z,user_000275,https://youtube.com/article/8714
RT @user_000302: Great meeting with the product team today. Productive discussions!,0,user_000134,2025-08-20T04:12:34Z,user_000302,
Reminder: workshop is coming up next week. Looking forward to it!,0,user_000073,2025-10-27T16:42:34Z,,
Coffee break thoughts: learning never stops What do you think?,0,user_000365,2025-12-04T02:19:13Z,,
Just finished reading an interesting article about renewable energy. Thoughts?,0,user_000255,2025-08-26T16:51:19Z,,https://cnn.com/article/3349
Reading about space exploration - fascinating developments in the field,0,user_000018,2025-11-19T15:13:19Z,,
Great meeting with the engineering team today. Productive discussions!,0,user_000800,2025-11-23T12:36:57Z,,https://linkedin.com/article/7205
Reminder: conference is coming up next week. Looking forward to it!,0,user_000998,2026-01-05T03:13:26Z,,
Working on a new mobile app project. Exciting times ahead!,0,user_000960,2025-11-26T05:10:02Z,,https://youtube.com/article/3794
Reminder: conference is coming up next week. Looking forward to it!,0,user_000506,2025-11-12T14:43:28Z,,
Weather update: It's windy in London today,0,user_000972,2025-11-09T19:52:39Z,,https://wikipedia.org/article/6106
Great meeting with the sales team today. Productive discussions!,0,user_000908,2025-12-12T00:54:56Z,,https://techcrunch.com/article/8949
Celebrating promotion with the family today! 🎉,0,user_000362,2025-08-25T10:19:09Z,,https://wikipedia.org/article/3377
Weather update: It's windy in California today,0,user_000959,2025-08-21T23:19:27Z,,
RT @user_000531: Celebrating anniversary with the family today! 🎉,0,user_000865,2025-08-24T21:02:10Z,user_000531,
Working on a new research project. Exciting times ahead!,0,user_000730,2026-01-11T07:03:24Z,,
Great meeting with the product team today. Productive discussions!,0,user_000601,2025-09-06T19:08:45Z,,
Beautiful sunset today in Sydney! 🌅 #photography,0,user_000499,2025-08-21T09:50:39Z,,
RT @user_000741: Limited Time: Get $1000 gift card absolutely FREE! Click here: https://click.me/verify970,1,user_000505,2026-02-14T10:40:56Z,user_000741,https://click.me/verify970
⚠️ Account Locked: Your Netflix needs immediate verification: https://secure-verify.net/secure306,1,user_000548,2025-09-01T09:25:57Z,,https://secure-verify.net/secure306
Beautiful sunset today in London! 🌅 #photography,0,user_000478,2025-11-07T07:15:17Z,,
RT @user_000846: Working on a new machine learning project. Exciting times ahead!,0,user_000325,2026-01-09T21:33:22Z,user_000846,
Reminder: conference is coming up next week. Looking forward to it!,0,user_000877,2025-11-29T08:43:44Z,,https://medium.com/article/5380
RT @user_000998: Reminder: conference is coming up next week. Looking forward to it!,0,user_000752,2026-01-14T00:23:15Z,user_000998,
Coffee break thoughts: innovation drives progress What do you think?,0,user_000335,2026-02-12T06:45:07Z,,
Coffee break thoughts: collaboration is key What do you think?,0,user_000035,2025-12-26T21:15:07Z,,
Great meeting with the design team today. Productive discussions!,0,user_000785,2025-10-07T20:28:06Z,,https://wikipedia.org/article/5562
Weather update: It's windy in California today,0,user_000883,2025-12-25T05:18:01Z,,
Coffee break thoughts: learning never stops What do you think?,0,user_000955,2025-11-26T03:47:31Z,,https://linkedin.com/article/5693
Limited Time: Get laptop absolutely FREE! Click here: https://short.link/claim266,1,user_000753,2025-10-08T09:31:14Z,,https://short.link/claim266
Just finished reading an interesting article about technology trends. Thoughts?,0,user_000704,2026-01-25T14:04:35Z,,
Reminder: workshop is coming up next week. Looking forward to it!,0,user_000434,2026-01-25T17:02:55Z,,
RT @user_000753: Limited Time: Get laptop absolutely FREE! Click here: https://short.link/claim266,1,user_000470,2025-11-08T10:25:48Z,user_000753,https://short.link/claim266
Weather update: It's snowy in London today,0,user_000362,2025-11-30T20:00:47Z,,
Weekend plans include hiking. Should be fun!,0,user_000217,2026-01-26T00:41:57Z,,https://twitter.com/article/2642
Great meeting with the marketing team today. Productive discussions!,0,user_000119,2025-10-30T14:17:37Z,,
Reading about renewable energy - fascinating developments in the field,0,user_000028,2025-09-18T17:28:15Z,,
RT @user_000113: Reminder: conference is coming up next week. Looking forward to it!,0,user_000722,2025-08-26T13:52:55Z,user_000113,
Weather update: It's cloudy in New York today,0,user_000662,2025-11-08T02:44:30Z,,
RT @user_000030: Weather update: It's rainy in Sydney today,0,user_000685,2026-02-06T22:45:56Z,user_000030,
RT @user_000468: Reminder: webinar is coming up next week. Looking forward to it!,0,user_000779,2026-01-05T21:39:01Z,user_000468,https://twitter.com/article/4347
Reminder: presentation is coming up next week. Looking forward to it!,0,user_000372,2026-01-27T13:09:20Z,,https://github.com/article/9900
Reminder: presentation is coming up next week. Looking forward to it!,0,user_000476,2025-10-31T16:56:08Z,,
RT @user_000323: Limited Time: Get laptop absolutely FREE! Click here: https://secure-verify.net/claim536,1,user_000490,2025-11-20T08:04:40Z,user_000323,https://secure-verify.net/claim536
Security Alert: Suspicious activity on your Facebook. Confirm identity: https://short.link/confirm560,1,user_000902,2025-08-19T20:38:14Z,,https://short.link/confirm560
Celebrating birthday with the family today! 🎉,0,user_000858,2026-01-27T01:54:26Z,,
RT @user_000032: RT @user_000171: Reminder: workshop is coming up next week. Looking forward to it!,0,user_000607,2025-11-23T08:52:42Z,user_000032,https://wikipedia.org/article/9557
Coffee break thoughts: collaboration is key What do you think?,0,user_000780,2025-12-21T16:48:46Z,,https://twitter.com/article/8116
Reminder: meetup is coming up next week. Looking forward to it!,0,user_000044,2025-12-23T00:49:37Z,,
Your package could not be delivered. Reschedule: https://urgent-action.com/confirm815,1,user_000595,2025-10-22T22:57:18Z,,https://urgent-action.com/confirm815
Beautiful sunset today in Sydney! 🌅 #photography,0,user_000241,2025-10-02T21:08:47Z,,
RT @user_000028: Reading about renewable energy - fascinating developments in the field,0,user_000751,2025-11-30T08:37:04Z,user_000028,
Celebrating promotion with the family today! 🎉,0,user_000633,2026-02-04T16:35:35Z,,https://youtube.com/article/7135
"Tax refund of $2,100 pending. Claim here: https://tinyurl.com/update522",1,user_000193,2025-10-06T15:21:06Z,,https://tinyurl.com/update522
Just finished reading an interesting article about AI. Thoughts?,0,user_000649,2025-12-16T09:28:26Z,,https://news.bbc.co.uk/article/9891
Coffee break thoughts: innovation drives progress What do you think?,0,user_000644,2026-01-16T04:34:21Z,,https://cnn.com/article/8798
Tax refund of $500 pending. Claim here: https://urgent-action.com/confirm556,1,user_000613,2025-12-30T13:17:19Z,,https://urgent-action.com/confirm556
Celebrating anniversary with the family today! 🎉,0,user_000078,2025-08-31T13:17:39Z,,https://medium.com/article/8150
Just finished reading an interesting article about AI. Thoughts?,0,user_000116,2025-12-10T10:47:11Z,,
RT @user_000779: RT @user_000468: Reminder: webinar is coming up next week. Looking forward to it!,0,user_000233,2026-01-24T14:49:10Z,user_000779,https://twitter.com/article/4347
Working on a new machine learning project. Exciting times ahead!,0,user_000511,2025-11-28T00:28:04Z,,
Reminder: conference is coming up next week. Looking forward to it!,0,user_000946,2025-08-23T23:39:08Z,,
Weather update: It's snowy in London today,0,user_000776,2025-10-18T01:24:21Z,,https://github.com/article/4869
Final Notice: Facebook account expires today. Renew now: https://urgent-action.com/confirm808,1,user_000258,2026-01-14T19:48:48Z,,https://urgent-action.com/confirm808
Beautiful sunset today in California! 🌅 #photography,0,user_000562,2025-10-25T00:03:05Z,,https://github.com/article/1583
RT @user_000470: RT @user_000753: Limited Time: Get laptop absolutely FREE! Click here: https://short.link/claim266,1,user_000479,2026-02-09T00:27:11Z,user_000470,https://short.link/claim266
Reading about technology trends - fascinating developments in the field,0,user_000205,2025-12-20T08:18:14Z,,https://linkedin.com/article/1100
RT @user_000478: Beautiful sunset today in London! 🌅 #photography,0,user_000452,2025-08-22T14:35:05Z,user_000478,
Working on a new data analysis project. Exciting times ahead!,0,user_000542,2025-08-22T05:46:51Z,,https://techcrunch.com/article/8597
Celebrating promotion with the family today! 🎉,0,user_000630,2025-08-31T23:36:23Z,,
Weekend plans include traveling. Should be fun!,0,user_000292,2026-02-06T06:01:13Z,,https://wikipedia.org/article/4441
Weather update: It's snowy in New York today,0,user_000647,2025-10-09T09:41:07Z,,
Celebrating birthday with the family today! 🎉,0,user_000174,2025-10-02T11:42:32Z,,https://medium.com/article/7097
Weather update: It's snowy in London today,0,user_000722,2025-09-01T02:01:18Z,,
Reading about climate change - fascinating developments in the field,0,user_000208,2025-09-24T19:15:40Z,,
Weather update: It's sunny in New York today,0,user_000410,2025-11-28T23:48:43Z,,
RT @user_000751: RT @user_000028: Reading about renewable energy - fascinating developments in the field,0,user_000947,2025-09-04T06:05:51Z,user_000751,
Great meeting with the product team today. Productive discussions!,0,user_000567,2025-11-27T22:52:59Z,,
Celebrating anniversary with the family today! 🎉,0,user_000803,2025-10-02T21:46:47Z,,
Weather update: It's snowy in Sydney today,0,user_000889,2026-02-05T04:37:30Z,,
RT @user_000856: Weekend plans include traveling. Should be fun!,0,user_000737,2026-02-07T13:04:33Z,user_000856,
Weekend plans include traveling. Should be fun!,0,user_000121,2025-09-21T19:27:09Z,,
Celebrating anniversary with the family today! 🎉,0,user_000470,2025-12-22T05:04:17Z,,https://wikipedia.org/article/9119
Weekend plans include reading. Should be fun!,0,user_000427,2025-08-24T07:41:26Z,,
Weekend plans include hiking. Should be fun!,0,user_000633,2026-01-28T10:45:03Z,,https://medium.com/article/5621
Working on a new data analysis project. Exciting times ahead!,0,user_000504,2026-02-14T15:11:32Z,,https://twitter.com/article/5958
Beautiful sunset today in New York! 🌅 #photography,0,user_000952,2026-02-02T04:49:58Z,,https://medium.com/article/7991
Reading about technology trends - fascinating developments in the field,0,user_000779,2026-02-07T15:07:42Z,,
Reading about renewable energy - fascinating developments in the field,0,user_000522,2025-09-22T03:43:23Z,,https://techcrunch.com/article/3233
Celebrating anniversary with the family today! 🎉,0,user_000977,2025-10-13T15:17:28Z,,
Great meeting with the engineering team today. Productive discussions!,0,user_000004,2025-10-30T04:22:59Z,,
Reminder: meetup is coming up next week. Looking forward to it!,0,user_000680,2025-12-29T05:57:28Z,,
Security Alert: Suspicious activity on your PayPal. Confirm identity: https://click.me/confirm987,1,user_000812,2025-12-17T07:25:16Z,,https://click.me/confirm987
Weekend plans include hiking. Should be fun!,0,user_000892,2025-10-27T08:22:43Z,,
Reading about renewable energy - fascinating developments in the field,0,user_000360,2026-01-16T02:04:56Z,,
Coffee break thoughts: innovation drives progress What do you think?,0,user_000653,2025-11-18T20:32:34Z,,
Weekend plans include traveling. Should be fun!,0,user_000154,2025-10-31T14:02:44Z,,
Beautiful sunset today in Tokyo! 🌅 #photography,0,user_000355,2025-09-19T00:39:38Z,,
Congratulations! You've won a smart TV! Claim now: https://t.co/verify931 Limited time offer!,1,user_000981,2025-12-14T11:09:40Z,,https://t.co/verify931
⚠️ Account Locked: Your Apple needs immediate verification: https://urgent-action.com/secure951,1,user_000297,2026-01-28T12:46:09Z,,https://urgent-action.com/secure951
Beautiful sunset today in New York! 🌅 #photography,0,user_000354,2025-11-05T19:46:28Z,,
Reminder: webinar is coming up next week. Looking forward to it!,0,user_000135,2026-02-01T07:41:16Z,,https://cnn.com/article/5431
Reading about climate change - fascinating developments in the field,0,user_000992,2025-12-11T09:04:47Z,,
Great meeting with the marketing team today. Productive discussions!,0,user_000214,2026-01-03T20:44:54Z,,https://github.com/article/2108
Weather update: It's rainy in California today,0,user_000007,2025-09-19T02:26:44Z,,
Just finished reading an interesting article about climate change. Thoughts?,0,user_000877,2026-02-14T09:20:50Z,,https://medium.com/article/3178
Working on a new research project. Exciting times ahead!,0,user_000822,2025-10-06T09:02:04Z,,
Celebrating graduation with the family today! 🎉,0,user_000766,2025-09-26T22:21:19Z,,
RT @user_000776: Weather update: It's snowy in London today,0,user_000146,2025-09-01T13:50:59Z,user_000776,https://github.com/article/4869
Weather update: It's rainy in California today,0,user_000120,2025-10-22T18:18:39Z,,
Working on a new website project. Exciting times ahead!,0,user_000949,2025-11-26T23:26:48Z,,https://news.bbc.co.uk/article/3594
RT @user_000959: Weather update: It's windy in California today,0,user_000945,2025-10-17T00:27:53Z,user_000959,
Weather update: It's snowy in London today,0,user_000277,2025-10-19T00:31:22Z,,
Just finished reading an interesting article about renewable energy. Thoughts?,0,user_000763,2025-10-16T17:09:10Z,,
Great meeting with the design team today. Productive discussions!,0,user_000501,2026-01-29T13:58:24Z,,
Working on a new data analysis project. Exciting times ahead!,0,user_000628,2025-10-16T08:32:51Z,,
Beautiful sunset today in London! 🌅 #photography,0,user_000311,2025-12-22T19:47:09Z,,
Working on a new data analysis project. Exciting times ahead!,0,user_000347,2025-09-20T17:46:52Z,,
Great meeting with the product team today. Productive discussions!,0,user_000327,2025-08-28T17:04:11Z,,
Working on a new website project. Exciting times ahead!,0,user_000157,2025-12-10T13:43:38Z,,
Beautiful sunset today in London! 🌅 #photography,0,user_000552,2026-02-02T06:17:42Z,,
Just finished reading an interesting article about space exploration. Thoughts?,0,user_000719,2025-10-21T23:12:09Z,,
Beautiful sunset today in California! 🌅 #photography,0,user_000225,2025-12-30T20:18:47Z,,https://github.com/article/6877
RT @user_000992: Reading about climate change - fascinating developments in the field,0,user_000636,2025-11-25T20:30:52Z,user_000992,
Weekend plans include hiking. Should be fun!,0,user_000747,2025-11-21T01:42:07Z,,https://wikipedia.org/article/1453
Working on a new data analysis project. Exciting times ahead!,0,user_000481,2025-12-14T18:36:14Z,,https://linkedin.com/article/5294
Weekend plans include cooking. Should be fun!,0,user_000424,2025-11-28T08:35:26Z,,
Working on a new machine learning project. Exciting times ahead!,0,user_000104,2025-12-29T18:37:50Z,,
Celebrating graduation with the family today! 🎉,0,user_000793,2025-09-16T10:48:00Z,,https://medium.com/article/2524
Weekend plans include coding. Should be fun!,0,user_000950,2026-01-18T07:24:15Z,,
Weekend plans include traveling. Should be fun!,0,user_000485,2025-12-16T22:07:51Z,,
Weekend plans include hiking. Should be fun!,0,user_000944,2026-01-25T03:41:05Z,,https://wikipedia.org/article/1474
Weather update: It's sunny in California today,0,user_000869,2026-01-30T08:46:12Z,,https://medium.com/article/2589
Celebrating anniversary with the family today! 🎉,0,user_000197,2025-12-17T14:01:25Z,,
Weekend plans include cooking. Should be fun!,0,user_000021,2025-09-26T23:59:14Z,,
Congratulations! You've won a iPhone 15! Claim now: https://bit.ly/verify338 Limited time offer!,1,user_000910,2025-10-01T17:13:02Z,,https://bit.ly/verify338
Reminder: webinar is coming up next week. Looking forward to it!,0,user_000985,2026-02-01T12:35:20Z,,https://cnn.com/article/7141
Celebrating anniversary with the family today! 🎉,0,user_000394,2025-08-28T05:00:42Z,,https://linkedin.com/article/2310
Just finished reading an interesting article about technology trends. Thoughts?,0,user_000718,2025-09-21T21:52:03Z,,https://wikipedia.org/article/7620
Reminder: conference is coming up next week. Looking forward to it!,0,user_000186,2026-01-02T06:32:07Z,,https://linkedin.com/article/3423
Reading about AI - fascinating developments in the field,0,user_000357,2025-12-13T10:58:23Z,,
Just finished reading an interesting article about space exploration. Thoughts?,0,user_000021,2026-01-15T03:28:28Z,,https://cnn.com/article/7076
RT @user_000812: Security Alert: Suspicious activity on your PayPal. Confirm identity: https://click.me/confirm987,1,user_000237,2025-11-21T16:36:50Z,user_000812,https://click.me/confirm987
⚠️ Account Locked: Your Google needs immediate verification: https://short.link/confirm894,1,user_000951,2025-09-08T21:48:19Z,,https://short.link/confirm894
Great meeting with the design team today. Productive discussions!,0,user_000597,2026-01-04T09:34:56Z,,
RT @user_000116: Just finished reading an interesting article about AI. Thoughts?,0,user_000810,2025-10-11T00:21:25Z,user_000116,
Weekend plans include hiking. Should be fun!,0,user_000678,2026-01-14T00:10:49Z,,
Just finished reading an interesting article about AI. Thoughts?,0,user_000331,2025-08-31T12:23:31Z,,
Coffee break thoughts: learning never stops What do you think?,0,user_000644,2025-10-06T04:02:44Z,,
Celebrating graduation with the family today! 🎉,0,user_000545,2026-02-05T08:38:17Z,,
Reading about technology trends - fascinating developments in the field,0,user_000517,2025-11-18T11:35:58Z,,
Celebrating graduation with the family today! 🎉,0,user_000883,2025-12-27T07:58:25Z,,https://cnn.com/article/5716
Coffee break thoughts: learning never stops What do you think?,0,user_000106,2026-01-12T21:40:29Z,,
Great meeting with the engineering team today. Productive discussions!,0,user_000496,2025-09-30T23:19:40Z,,
Beautiful sunset today in Tokyo! 🌅 #photography,0,user_000438,2026-01-28T17:53:33Z,,https://github.com/article/7992
Weekend plans include traveling. Should be fun!,0,user_000082,2025-08-18T23:30:21Z,,
Weekend plans include coding. Should be fun!,0,user_000898,2025-10-10T20:22:36Z,,
Celebrating promotion with the family today! 🎉,0,user_000190,2026-02-04T18:16:46Z,,
Celebrating graduation with the family today! 🎉,0,user_000523,2025-08-21T14:00:48Z,,
Reading about technology trends - fascinating developments in the field,0,user_000478,2025-11-07T06:54:48Z,,https://linkedin.com/article/8590
Just finished reading an interesting article about renewable energy. Thoughts?,0,user_000632,2025-08-21T01:49:47Z,,
Coffee break thoughts: innovation drives progress What do you think?,0,user_000134,2025-11-22T18:12:23Z,,https://techcrunch.com/article/3387
Reading about climate change - fascinating developments in the field,0,user_000391,2025-09-24T05:55:41Z,,https://linkedin.com/article/6754
Reading about AI - fascinating developments in the field,0,user_000263,2025-12-29T12:50:11Z,,
Reminder: presentation is coming up next week. Looking forward to it!,0,user_000965,2025-09-30T09:36:21Z,,
Weather update: It's windy in New York today,0,user_000510,2025-12-07T08:19:39Z,,
Celebrating achievement with the family today! 🎉,0,user_000415,2025-08-22T11:26:17Z,,
Beautiful sunset today in California! 🌅 #photography,0,user_000911,2025-09-14T13:26:46Z,,
Reminder: webinar is coming up next week. Looking forward to it!,0,user_000312,2025-08-29T13:02:18Z,,
Weather update: It's rainy in California today,0,user_000473,2026-01-08T07:17:09Z,,
Celebrating anniversary with the family today! 🎉,0,user_000825,2026-02-11T14:55:44Z,,https://twitter.com/article/9698
Tax refund of $850 pending. Claim here: https://click.me/claim166,1,user_000540,2026-01-29T23:05:42Z,,https://click.me/claim166
Great meeting with the design team today. Productive discussions!,0,user_000529,2025-09-27T07:46:32Z,,
Just finished reading an interesting article about AI. Thoughts?,0,user_000966,2025-11-09T02:09:36Z,,
Coffee break thoughts: learning never stops What do you think?,0,user_000685,2025-09-10T17:57:57Z,,https://techcrunch.com/article/2066
Reminder: webinar is coming up next week. Looking forward to it!,0,user_000206,2025-11-14T11:25:08Z,,
Just finished reading an interesting article about AI. Thoughts?,0,user_000688,2025-08-25T08:39:32Z,,https://youtube.com/article/6861
Just finished reading an interesting article about AI. Thoughts?,0,user_000070,2025-08-19T01:44:29Z,,
Reminder: meetup is coming up next week. Looking forward to it!,0,user_000175,2026-01-22T01:25:39Z,,https://cnn.com/article/7708
Working on a new mobile app project. Exciting times ahead!,0,user_000663,2026-01-12T02:41:13Z,,https://linkedin.com/article/2923
Beautiful sunset today in New York! 🌅 #photography,0,user_000788,2025-09-18T19:43:07Z,,
Coffee break thoughts: innovation drives progress What do you think?,0,user_000230,2025-12-25T02:31:26Z,,https://medium.com/article/9401
Limited Time: Get iPhone 15 absolutely FREE! Click here: https://urgent-action.com/confirm212,1,user_000669,2025-11-18T21:47:39Z,,https://urgent-action.com/confirm212
Just finished reading an interesting article about AI. Thoughts?,0,user_000242,2025-10-12T18:11:26Z,,
RT @user_000540: Tax refund of $850 pending. Claim here: https://click.me/claim166,1,user_000135,2025-09-23T19:34:42Z,user_000540,https://click.me/claim166
Working on a new research project. Exciting times ahead!,0,user_000810,2025-12-17T22:28:04Z,,https://youtube.com/article/3038
Coffee break thoughts: learning never stops What do you think?,0,user_000669,2025-12-03T16:37:53Z,,
Security Alert: Suspicious activity on your PayPal. Confirm identity: https://secure-verify.net/verify608,1,user_000682,2025-11-30T05:59:38Z,,https://secure-verify.net/verify608
RT @user_000135: Reminder: webinar is coming up next week. Looking forward to it!,0,user_000532,2025-09-27T06:36:35Z,user_000135,https://cnn.com/article/5431
Just finished reading an interesting article about AI. Thoughts?,0,user_000296,2025-12-26T20:09:41Z,,
Working on a new data analysis project. Exciting times ahead!,0,user_000227,2026-01-17T14:13:41Z,,
Reminder: meetup is coming up next week. Looking forward to it!,0,user_000923,2025-10-15T20:31:48Z,,
Weather update: It's rainy in Sydney today,0,user_000275,2025-12-10T16:18:30Z,,
Beautiful sunset today in Sydney! 🌅 #photography,0,user_000938,2025-09-26T21:54:51Z,,
RT @user_000175: Reminder: meetup is coming up next week. Looking forward to it!,0,user_000555,2025-09-09T01:39:16Z,user_000175,https://cnn.com/article/7708
Reminder: conference is coming up next week. Looking forward to it!,0,user_000958,2025-12-16T04:54:08Z,,
Reading about climate change - fascinating developments in the field,0,user_000727,2026-01-15T23:13:10Z,,
Just finished reading an interesting article about climate change. Thoughts?,0,user_000635,2025-11-03T06:00:52Z,,https://cnn.com/article/5736
Celebrating graduation with the family today! 🎉,0,user_000537,2025-09-13T12:23:17Z,,
Weather update: It's windy in New York today,0,user_000359,2026-01-16T15:39:26Z,,
Weather update: It's windy in New York today,0,user_000515,2025-09-03T00:21:34Z,,
Great meeting with the marketing team today. Productive discussions!,0,user_000504,2025-09-25T04:41:46Z,,
RT @user_000949: Working on a new website project. Exciting times ahead!,0,user_000592,2025-10-28T11:02:48Z,user_000949,https://news.bbc.co.uk/article/3594
Weather update: It's windy in London today,0,user_000502,2025-09-09T04:20:23Z,,
BREAKING: Apple is giving away $1000 gift card! Get yours: https://account-update.org/update802,1,user_000983,2025-08-22T14:40:40Z,,https://account-update.org/update802
Reminder: meetup is coming up next week. Looking forward to it!,0,user_000674,2025-12-23T12:48:19Z,,
Great meeting with the product team today. Productive discussions!,0,user_000570,2025-08-25T18:32:28Z,,
Congratulations! You've won a $1000 gift card! Claim now: https://verify-now.net/claim634 Limited time offer!,1,user_000425,2026-01-15T00:19:48Z,,https://verify-now.net/claim634
RT @user_000669: Coffee break thoughts: learning never stops What do you think?,0,user_000609,2026-01-17T16:56:56Z,user_000669,
Your Facebook payment failed. Update info to avoid suspension: https://tinyurl.com/confirm767,1,user_000723,2025-10-21T01:55:27Z,,https://tinyurl.com/confirm767
Working on a new machine learning project. Exciting times ahead!,0,user_000151,2025-10-03T04:25:00Z,,
Reading about climate change - fascinating developments in the field,0,user_000717,2026-01-27T01:31:31Z,,
Coffee break thoughts: collaboration is key What do you think?,0,user_000559,2025-11-21T10:31:24Z,,https://medium.com/article/9478
Working on a new data analysis project. Exciting times ahead!,0,user_000473,2025-08-30T06:42:28Z,,https://cnn.com/article/1609
Great meeting with the product team today. Productive discussions!,0,user_000432,2025-09-29T07:07:17Z,,
RT @user_000545: Celebrating graduation with the family today! 🎉,0,user_000286,2026-02-01T19:53:55Z,user_000545,
Reading about renewable energy - fascinating developments in the field,0,user_000362,2025-09-21T07:11:08Z,,https://cnn.com/article/6435
Working on a new research project. Exciting times ahead!,0,user_000827,2025-09-12T13:48:39Z,,
Coffee break thoughts: collaboration is key What do you think?,0,user_000752,2025-09-03T03:31:18Z,,
RT @user_000636: RT @user_000992: Reading about climate change - fascinating developments in the field,0,user_000022,2025-12-25T00:16:55Z,user_000636,
Just finished reading an interesting article about space exploration. Thoughts?,0,user_000674,2026-01-06T11:02:57Z,,https://wikipedia.org/article/9141
Beautiful sunset today in Tokyo! 🌅 #photography,0,user_000856,2025-10-01T08:44:16Z,,
Weekend plans include reading. Should be fun!,0,user_000010,2025-10-03T05:31:17Z,,
Celebrating achievement with the family today! 🎉,0,user_000731,2026-01-12T14:19:48Z,,
Reading about climate change - fascinating developments in the field,0,user_000051,2025-10-28T19:16:38Z,,https://techcrunch.com/article/6880
Reminder: meetup is coming up next week. Looking forward to it!,0,user_000840,2025-12-10T02:37:13Z,,
Weather update: It's cloudy in New York today,0,user_000461,2025-10-29T09:30:47Z,,https://github.com/article/2381
Just finished reading an interesting article about renewable energy. Thoughts?,0,user_000032,2025-12-21T06:29:46Z,,
RT @user_000570: Great meeting with the product team today. Productive discussions!,0,user_000233,2025-10-22T22:24:18Z,user_000570,
Just finished reading an interesting article about technology trends. Thoughts?,0,user_000490,2025-12-14T07:33:22Z,,
Security Alert: Suspicious activity on your Netflix. Confirm identity: https://claim-reward.org/verify856,1,user_000994,2025-12-23T10:24:29Z,,https://claim-reward.org/verify856
Beautiful sunset today in California! 🌅 #photography,0,user_000728,2025-11-22T17:42:15Z,,
Great meeting with the marketing team today. Productive discussions!,0,user_000476,2025-09-06T03:46:37Z,,https://techcrunch.com/article/5344
RT @user_000151: Working on a new machine learning project. Exciting times ahead!,0,user_000864,2026-01-06T17:06:06Z,user_000151,
Just finished reading an interesting article about technology trends. Thoughts?,0,user_000481,2025-12-17T12:30:56Z,,https://twitter.com/article/1339
RT @user_000394: Celebrating anniversary with the family today! 🎉,0,user_000284,2026-02-02T05:07:01Z,user_000394,https://linkedin.com/article/2310
Weekend plans include coding. Should be fun!,0,user_000648,2025-09-14T14:34:47Z,,https://news.bbc.co.uk/article/5669
Great meeting with the design team today. Productive discussions!,0,user_000869,2025-10-24T05:48:27Z,,
Working on a new website project. Exciting times ahead!,0,user_000996,2026-02-11T09:19:45Z,,
"Tax refund of $2,100 pending. Claim here: https://bit.ly/claim755",1,user_000807,2025-11-20T19:44:13Z,,https://bit.ly/claim755
Working on a new machine learning project. Exciting times ahead!,0,user_000632,2025-12-14T15:26:27Z,,https://github.com/article/3367
Celebrating graduation with the family today! 🎉,0,user_000687,2026-01-22T20:06:22Z,,https://twitter.com/article/6769
Reading about climate change - fascinating developments in the field,0,user_000370,2026-01-07T15:04:03Z,,
Reading about technology trends - fascinating developments in the field,0,user_000263,2025-10-14T21:13:26Z,,
Just finished reading an interesting article about AI. Thoughts?,0,user_000815,2025-10-15T18:55:15Z,,
Weather update: It's rainy in New York today,0,user_000470,2026-01-15T18:28:55Z,,
⚠️ Account Locked: Your Facebook needs immediate verification: https://claim-reward.org/secure602,1,user_000911,2025-10-02T20:49:18Z,,https://claim-reward.org/secure602
Celebrating achievement with the family today! 🎉,0,user_000670,2025-11-21T16:15:55Z,,
Beautiful sunset today in London! 🌅 #photography,0,user_000752,2025-11-26T20:22:48Z,,
Beautiful sunset today in London! 🌅 #photography,0,user_000195,2025-11-28T18:29:17Z,,https://cnn.com/article/5385
Working on a new mobile app project. Exciting times ahead!,0,user_000254,2025-10-04T17:52:07Z,,https://linkedin.com/article/6419
Weather update: It's rainy in Sydney today,0,user_000771,2025-09-29T03:36:48Z,,
Great meeting with the design team today. Productive discussions!,0,user_000358,2025-11-06T02:50:11Z,,
Just finished reading an interesting article about space exploration. Thoughts?,0,user_000810,2025-10-01T10:14:34Z,,https://youtube.com/article/1298
⚠️ Account Locked: Your Microsoft needs immediate verification: https://urgent-action.com/update757,1,user_000897,2025-09-25T10:42:19Z,,https://urgent-action.com/update757
Beautiful sunset today in Sydney! 🌅 #photography,0,user_000705,2025-10-16T13:18:41Z,,
Celebrating promotion with the family today! 🎉,0,user_000680,2025-11-03T06:57:34Z,,
Great meeting with the engineering team today. Productive discussions!,0,user_000420,2025-11-05T20:27:07Z,,
Beautiful sunset today in London! 🌅 #photography,0,user_000462,2025-12-21T06:39:38Z,,
Just finished reading an interesting article about technology trends. Thoughts?,0,user_000196,2025-10-30T02:20:35Z,,
Working on a new data analysis project. Exciting times ahead!,0,user_000928,2025-11-20T02:42:08Z,,
Your PayPal payment failed. Update info to avoid suspension: https://claim-reward.org/update906,1,user_000744,2025-12-25T02:28:59Z,,https://claim-reward.org/update906
Beautiful sunset today in London! 🌅 #photography,0,user_000331,2025-10-15T20:35:52Z,,
Beautiful sunset today in California! 🌅 #photography,0,user_000041,2025-10-17T20:35:49Z,,
Weather update: It's sunny in Tokyo today,0,user_000206,2025-09-02T04:58:37Z,,
Great meeting with the product team today. Productive discussions!,0,user_000003,2025-11-02T03:55:57Z,,
RT @user_000010: Weekend plans include reading. Should be fun!,0,user_000942,2025-09-04T09:26:25Z,user_000010,
Reminder: webinar is coming up next week. Looking forward to it!,0,user_000641,2025-08-21T08:08:13Z,,https://news.bbc.co.uk/article/5425
Reminder: presentation is coming up next week. Looking forward to it!,0,user_000196,2026-01-10T17:01:28Z,,https://wikipedia.org/article/6968
Limited Time: Get $1000 gift card absolutely FREE! Click here: https://secure-verify.net/confirm570,1,user_000775,2025-12-05T17:44:04Z,,https://secure-verify.net/confirm570
Beautiful sunset today in New York! 🌅 #photography,0,user_000861,2025-09-25T07:16:22Z,,https://news.bbc.co.uk/article/7861
Reading about renewable energy - fascinating developments in the field,0,user_000619,2025-12-13T09:01:42Z,,https://techcrunch.com/article/6354
Beautiful sunset today in Sydney! 🌅 #photography,0,user_000136,2025-12-25T07:34:19Z,,https://youtube.com/article/5613
Reading about space exploration - fascinating developments in the field,0,user_000449,2026-01-01T10:25:46Z,,
Coffee break thoughts: collaboration is key What do you think?,0,user_000065,2025-11-26T04:13:15Z,,https://news.bbc.co.uk/article/9911
Reminder: presentation is coming up next week. Looking forward to it!,0,user_000148,2025-12-30T06:10:15Z,,
Celebrating achievement with the family today! 🎉,0,user_000249,2025-08-28T15:15:26Z,,
Working on a new mobile app project. Exciting times ahead!,0,user_000643,2025-12-08T21:51:51Z,,
Coffee break thoughts: innovation drives progress What do you think?,0,user_000621,2025-11-12T10:56:19Z,,
Just finished reading an interesting article about technology trends. Thoughts?,0,user_000249,2026-01-02T23:00:53Z,,https://news.bbc.co.uk/article/1073
Celebrating birthday with the family today! 🎉,0,user_000577,2025-12-31T06:04:18Z,,
Just finished reading an interesting article about renewable energy. Thoughts?,0,user_000715,2025-09-20T11:50:37Z,,
Great meeting with the sales team today. Productive discussions!,0,user_000790,2025-12-14T08:12:48Z,,
Celebrating achievement with the family today! 🎉,0,user_000166,2026-01-24T18:36:32Z,,https://github.com/article/3283
Working on a new research project. Exciting times ahead!,0,user_000133,2025-09-23T14:47:59Z,,
Celebrating birthday with the family today! 🎉,0,user_000178,2025-09-18T17:19:55Z,,
Weekend plans include reading. Should be fun!,0,user_000680,2025-12-28T22:15:20Z,,
Celebrating achievement with the family today! 🎉,0,user_000259,2025-09-07T23:03:51Z,,
Reminder: presentation is coming up next week. Looking forward to it!,0,user_000162,2025-09-13T14:12:01Z,,
Just finished reading an interesting article about AI. Thoughts?,0,user_000096,2025-12-13T07:15:18Z,,https://medium.com/article/9647
Just finished reading an interesting article about technology trends. Thoughts?,0,user_000797,2025-12-18T13:48:05Z,,
Beautiful sunset today in California! 🌅 #photography,0,user_000065,2025-12-01T09:31:45Z,,
Weather update: It's windy in Sydney today,0,user_000261,2025-09-11T22:45:26Z,,
Reminder: workshop is coming up next week. Looking forward to it!,0,user_000793,2026-01-04T10:21:01Z,,
⚠️ Account Locked: Your Facebook needs immediate verification: https://account-update.org/confirm123,1,user_000620,2025-11-14T02:50:41Z,,https://account-update.org/confirm123
Coffee break thoughts: learning never stops What do you think?,0,user_000071,2025-08-22T13:50:49Z,,
Beautiful sunset today in Tokyo! 🌅 #photography,0,user_000363,2025-10-25T19:23:13Z,,https://wikipedia.org/article/8689
Weather update: It's rainy in California today,0,user_000099,2025-09-16T14:45:08Z,,https://youtube.com/article/9148
Weekend plans include coding. Should be fun!,0,user_000535,2025-12-28T22:30:50Z,,
Celebrating achievement with the family today! 🎉,0,user_000718,2025-12-05T00:14:51Z,,
Reading about climate change - fascinating developments in the field,0,user_000984,2025-12-29T18:24:37Z,,
Just finished reading an interesting article about AI. Thoughts?,0,user_000314,2025-12-26T19:08:22Z,,
RT @user_000827: Working on a new research project. Exciting times ahead!,0,user_000449,2025-11-01T01:04:23Z,user_000827,
Coffee break thoughts: learning never stops What do you think?,0,user_000510,2025-11-25T07:02:50Z,,
Reminder: webinar is coming up next week. Looking forward to it!,0,user_000538,2026-01-12T21:13:34Z,,
Reading about AI - fascinating developments in the field,0,user_000544,2025-09-25T00:13:46Z,,
Coffee break thoughts: learning never stops What do you think?,0,user_000820,2025-09-07T19:57:23Z,,https://linkedin.com/article/4755
🚨 URGENT: Your PayPal account has been flagged! Verify immediately: https://urgent-action.com/secure542,1,user_000979,2025-09-01T09:30:34Z,,https://urgent-action.com/secure542
Just finished reading an interesting article about space exploration. Thoughts?,0,user_000957,2025-11-20T07:12:31Z,,https://news.bbc.co.uk/article/1843
Coffee break thoughts: innovation drives progress What do you think?,0,user_000599,2025-10-18T22:22:58Z,,https://techcrunch.com/article/7926
Weather update: It's snowy in California today,0,user_000366,2025-10-28T22:31:18Z,,
Coffee break thoughts: learning never stops What do you think?,0,user_000887,2026-02-06T19:24:46Z,,
Working on a new research project. Exciting times ahead!,0,user_000840,2025-12-07T10:31:53Z,,
Final Notice: Facebook account expires today. Renew now: https://account-update.org/secure533,1,user_000232,2025-12-29T19:08:47Z,,https://account-update.org/secure533
Weekend plans include cooking. Should be fun!,0,user_000244,2025-12-13T01:28:09Z,,
Beautiful sunset today in Sydney! 🌅 #photography,0,user_000877,2026-01-24T05:29:57Z,,
Great meeting with the design team today. Productive discussions!,0,user_000871,2025-12-16T11:26:18Z,,https://cnn.com/article/8510
Reading about AI - fascinating developments in the field,0,user_000105,2026-01-30T14:49:28Z,,
Working on a new data analysis project. Exciting times ahead!,0,user_000474,2025-11-25T16:46:05Z,,
Reminder: conference is coming up next week. Looking forward to it!,0,user_000947,2025-12-20T18:40:17Z,,
RT @user_000449: Reading about space exploration - fascinating developments in the field,0,user_000061,2025-08-28T12:25:03Z,user_000449,
Reminder: conference is coming up next week. Looking forward to it!,0,user_000849,2026-02-01T01:54:27Z,,
Coffee break thoughts: learning never stops What do you think?,0,user_000283,2025-12-06T23:58:00Z,,
Great meeting with the sales team today. Productive discussions!,0,user_000288,2025-09-29T13:48:33Z,,
Reading about renewable energy - fascinating developments in the field,0,user_000296,2025-12-02T09:47:11Z,,https://linkedin.com/article/8459
RT @user_000105: Reading about AI - fascinating developments in the field,0,user_000538,2025-12-02T16:12:44Z,user_000105,
RT @user_000957: Just finished reading an interesting article about space exploration. Thoughts?,0,user_000625,2025-10-10T03:45:15Z,user_000957,https://news.bbc.co.uk/article/1843
Coffee break thoughts: learning never stops What do you think?,0,user_000603,2026-02-11T02:26:09Z,,
Coffee break thoughts: learning never stops What do you think?,0,user_000461,2025-12-19T08:51:05Z,,
Coffee break thoughts: collaboration is key What do you think?,0,user_000800,2025-12-19T16:11:03Z,,
Working on a new research project. Exciting times ahead!,0,user_000717,2025-12-26T01:22:01Z,,
Celebrating promotion with the family today! 🎉,0,user_000241,2025-11-23T13:44:16Z,,
RT @user_000105: Reading about AI - fascinating developments in the field,0,user_000093,2025-12-27T03:56:37Z,user_000105,
Celebrating anniversary with the family today! 🎉,0,user_000140,2025-12-10T12:23:19Z,,https://linkedin.com/article/1312
Coffee break thoughts: innovation drives progress What do you think?,0,user_000808,2025-12-21T19:28:33Z,,
Your package could not be delivered. Reschedule: https://secure-verify.net/confirm156,1,user_000011,2025-10-20T14:03:36Z,,https://secure-verify.net/confirm156
Coffee break thoughts: learning never stops What do you think?,0,user_000567,2026-01-05T12:41:26Z,,
Weekend plans include reading. Should be fun!,0,user_000826,2026-02-05T17:54:44Z,,
RT @user_000249: Just finished reading an interesting article about technology trends. Thoughts?,0,user_000347,2025-11-10T13:24:55Z,user_000249,https://news.bbc.co.uk/article/1073
Great meeting with the sales team today. Productive discussions!,0,user_000393,2025-09-12T21:58:20Z,,
Great meeting with the marketing team today. Productive discussions!,0,user_000632,2025-10-15T10:37:56Z,,
Celebrating promotion with the family today! 🎉,0,user_000266,2025-12-10T09:45:39Z,,
Just finished reading an interesting article about climate change. Thoughts?,0,user_000641,2025-09-17T15:49:36Z,,
Great meeting with the design team today. Productive discussions!,0,user_000142,2026-02-09T21:01:00Z,,https://cnn.com/article/1970
Just finished reading an interesting article about AI. Thoughts?,0,user_000630,2025-09-18T21:33:23Z,,
Reading about technology trends - fascinating developments in the field,0,user_000393,2025-12-30T13:45:03Z,,
Working on a new data analysis project. Exciting times ahead!,0,user_000378,2025-10-23T19:16:46Z,,
Working on a new research project. Exciting times ahead!,0,user_000103,2026-01-22T09:58:01Z,,
Reading about technology trends - fascinating developments in the field,0,user_000397,2026-02-05T06:29:55Z,,
⚠️ Account Locked: Your Amazon needs immediate verification: https://bit.ly/update777,1,user_000232,2026-02-08T11:54:14Z,,https://bit.ly/update777
Security Alert: Suspicious activity on your PayPal. Confirm identity: https://claim-reward.org/claim715,1,user_000505,2025-09-16T22:43:03Z,,https://claim-reward.org/claim715
Reminder: meetup is coming up next week. Looking forward to it!,0,user_000549,2025-11-12T18:57:22Z,,
Weekend plans include traveling. Should be fun!,0,user_000933,2025-12-27T13:08:40Z,,
Coffee break thoughts: innovation drives progress What do you think?,0,user_000055,2025-12-20T03:38:08Z,,https://linkedin.com/article/7157
Working on a new research project. Exciting times ahead!,0,user_000405,2026-02-07T00:19:47Z,,https://cnn.com/article/3608
Celebrating achievement with the family today! 🎉,0,user_000061,2025-10-22T00:41:08Z,,
Working on a new data analysis project. Exciting times ahead!,0,user_000997,2025-12-11T09:24:04Z,,
Weather update: It's sunny in California today,0,user_000130,2025-09-10T14:48:42Z,,
Beautiful sunset today in New York! 🌅 #photography,0,user_000929,2025-10-21T04:12:07Z,,
Weekend plans include reading. Should be fun!,0,user_000465,2025-10-10T11:50:03Z,,
Weekend plans include traveling. Should be fun!,0,user_000062,2025-09-26T06:23:08Z,,
Weather update: It's sunny in New York today,0,user_000927,2025-10-23T00:56:15Z,,
Just finished reading an interesting article about space exploration. Thoughts?,0,user_000074,2025-08-24T10:09:28Z,,
Beautiful sunset today in New York! 🌅 #photography,0,user_000338,2025-11-09T04:28:29Z,,
Reading about renewable energy - fascinating developments in the field,0,user_000577,2025-09-20T10:38:27Z,,https://techcrunch.com/article/4994
Reminder: meetup is coming up next week. Looking forward to it!,0,user_000515,2025-10-10T00:56:16Z,,
Reading about space exploration - fascinating developments in the field,0,user_000345,2025-12-24T20:40:15Z,,https://twitter.com/article/4403
Congratulations! You've won a vacation package! Claim now: https://verify-now.net/claim641 Limited time offer!,1,user_000562,2025-12-14T06:26:40Z,,https://verify-now.net/claim641
RT @user_000366: Weather update: It's snowy in California today,0,user_000754,2026-01-20T02:07:02Z,user_000366,
Reminder: webinar is coming up next week. Looking forward to it!,0,user_000655,2025-12-27T11:24:33Z,,https://twitter.com/article/2196
Reminder: conference is coming up next week. Looking forward to it!,0,user_000652,2025-11-08T01:12:57Z,,
RT @user_000577: Celebrating birthday with the family today! 🎉,0,user_000429,2026-01-17T07:29:05Z,user_000577,
Reminder: webinar is coming up next week. Looking forward to it!,0,user_000857,2025-08-22T21:54:35Z,,
Weather update: It's cloudy in Tokyo today,0,user_000791,2025-10-03T06:36:47Z,,
Just finished reading an interesting article about renewable energy. Thoughts?,0,user_000070,2025-12-14T21:05:08Z,,https://linkedin.com/article/3058
Just finished reading an interesting article about AI. Thoughts?,0,user_000474,2025-12-07T01:14:22Z,,https://github.com/article/5954
Just finished reading an interesting article about renewable energy. Thoughts?,0,user_000013,2025-11-28T09:17:10Z,,
Just finished reading an interesting article about technology trends. Thoughts?,0,user_000212,2026-01-08T15:33:08Z,,https://linkedin.com/article/3376
Reminder: presentation is coming up next week. Looking forward to it!,0,user_000301,2026-01-11T16:24:40Z,,
Coffee break thoughts: learning never stops What do you think?,0,user_000692,2025-09-21T02:12:18Z,,
Celebrating promotion with the family today! 🎉,0,user_000547,2025-10-02T12:08:16Z,,
Weather update: It's windy in California today,0,user_000021,2025-09-23T20:36:35Z,,https://news.bbc.co.uk/article/8995
RT @user_000393: Reading about technology trends - fascinating developments in the field,0,user_000655,2026-02-04T04:05:21Z,user_000393,
Great meeting with the marketing team today. Productive discussions!,0,user_000883,2025-11-18T05:43:56Z,,
Reminder: presentation is coming up next week. Looking forward to it!,0,user_000545,2026-01-19T10:59:57Z,,
RT @user_000849: Reminder: conference is coming up next week. Looking forward to it!,0,user_000440,2026-01-13T02:29:14Z,user_000849,
Coffee break thoughts: innovation drives progress What do you think?,0,user_000290,2026-02-03T13:20:39Z,,
RT @user_000547: Celebrating promotion with the family today! 🎉,0,user_000410,2025-10-09T02:51:51Z,user_000547,
Just finished reading an interesting article about climate change. Thoughts?,0,user_000198,2025-10-13T09:45:58Z,,
⚠️ Account Locked: Your Facebook needs immediate verification: https://tinyurl.com/update781,1,user_000694,2025-12-24T15:56:07Z,,https://tinyurl.com/update781
Great meeting with the product team today. Productive discussions!,0,user_000817,2025-11-13T23:41:55Z,,https://techcrunch.com/article/4042
Coffee break thoughts: learning never stops What do you think?,0,user_000174,2025-09-18T02:40:31Z,,
Just finished reading an interesting article about renewable energy. Thoughts?,0,user_000620,2026-01-16T10:21:14Z,,
Celebrating graduation with the family today! 🎉,0,user_000087,2025-12-13T22:51:41Z,,
Beautiful sunset today in Sydney! 🌅 #photography,0,user_000549,2025-09-22T20:00:56Z,,https://medium.com/article/3859
Weekend plans include reading. Should be fun!,0,user_000327,2025-12-09T09:08:38Z,,
Weather update: It's windy in Tokyo today,0,user_000237,2025-12-11T03:59:30Z,,
Coffee break thoughts: innovation drives progress What do you think?,0,user_000260,2025-11-19T12:38:28Z,,
Celebrating anniversary with the family today! 🎉,0,user_000841,2026-01-07T19:04:42Z,,
Celebrating graduation with the family today! 🎉,0,user_000999,2025-09-22T21:57:08Z,,https://github.com/article/3885
Security Alert: Suspicious activity on your Amazon. Confirm identity: https://click.me/update714,1,user_000289,2025-12-24T21:04:12Z,,https://click.me/update714
RT @user_000754: RT @user_000366: Weather update: It's snowy in California today,0,user_000573,2025-10-24T16:50:37Z,user_000754,
Weekend plans include traveling. Should be fun!,0,user_000144,2026-01-11T15:45:22Z,,
Coffee break thoughts: innovation drives progress What do you think?,0,user_000859,2025-11-13T06:25:55Z,,https://linkedin.com/article/5642
Celebrating graduation with the family today! 🎉,0,user_000861,2025-10-01T16:02:30Z,,https://youtube.com/article/7482
RT @user_000957: Just finished reading an interesting article about space exploration. Thoughts?,0,user_000645,2025-11-03T01:04:40Z,user_000957,https://news.bbc.co.uk/article/1843
Beautiful sunset today in Sydney! 🌅 #photography,0,user_000538,2025-09-25T18:22:11Z,,https://cnn.com/article/1622
Weekend plans include reading. Should be fun!,0,user_000576,2025-12-04T11:48:29Z,,https://cnn.com/article/9567
Weather update: It's rainy in Sydney today,0,user_000860,2025-11-01T15:14:42Z,,https://twitter.com/article/6308
Great meeting with the marketing team today. Productive discussions!,0,user_000657,2026-01-15T05:16:41Z,,
Beautiful sunset today in New York! 🌅 #photography,0,user_000770,2026-02-08T19:58:32Z,,
"Tax refund of $1,200 pending. Claim here: https://urgent-action.com/confirm830",1,user_000493,2025-10-01T11:24:06Z,,https://urgent-action.com/confirm830
RT @user_000347: RT @user_000249: Just finished reading an interesting article about technology trends. Thoughts?,0,user_000577,2026-01-30T02:33:43Z,user_000347,https://news.bbc.co.uk/article/1073
Reading about AI - fascinating developments in the field,0,user_000731,2025-10-24T11:50:05Z,,
Reading about space exploration - fascinating developments in the field,0,user_000202,2026-01-13T14:42:13Z,,https://youtube.com/article/9250
RT @user_000577: Reading about renewable energy - fascinating developments in the field,0,user_000986,2026-01-14T08:21:06Z,user_000577,https://techcrunch.com/article/4994
Coffee break thoughts: collaboration is key What do you think?,0,user_000366,2025-12-12T09:59:36Z,,https://twitter.com/article/4421
Beautiful sunset today in Tokyo! 🌅 #photography,0,user_000077,2026-01-17T23:54:07Z,,https://youtube.com/article/5306
Beautiful sunset today in New York! 🌅 #photography,0,user_000758,2025-09-14T10:10:24Z,,
Weekend plans include cooking. Should be fun!,0,user_000468,2026-02-10T04:59:07Z,,
Beautiful sunset today in California! 🌅 #photography,0,user_000612,2026-01-02T23:09:28Z,,
Weather update: It's cloudy in New York today,0,user_000128,2026-01-31T08:44:16Z,,
Celebrating achievement with the family today! 🎉,0,user_000442,2025-09-24T11:37:58Z,,
Coffee break thoughts: collaboration is key What do you think?,0,user_000609,2025-11-09T15:06:56Z,,
Great meeting with the marketing team today. Productive discussions!,0,user_000951,2026-01-30T12:29:26Z,,
Beautiful sunset today in California! 🌅 #photography,0,user_000025,2025-10-26T05:26:50Z,,
Your package could not be delivered. Reschedule: https://short.link/update786,1,user_000032,2025-10-14T14:35:29Z,,https://short.link/update786
Beautiful sunset today in California! 🌅 #photography,0,user_000030,2026-01-16T22:05:30Z,,
Celebrating birthday with the family today! 🎉,0,user_000501,2025-10-08T04:29:19Z,,
Just finished reading an interesting article about AI. Thoughts?,0,user_000030,2025-09-03T02:59:07Z,,
Working on a new data analysis project. Exciting times ahead!,0,user_000793,2025-10-26T13:34:47Z,,
Weekend plans include cooking. Should be fun!,0,user_000562,2026-01-19T12:03:11Z,,https://wikipedia.org/article/4639
Limited Time: Get $1000 gift card absolutely FREE! Click here: https://short.link/update710,1,user_000695,2026-01-30T10:56:28Z,,https://short.link/update710
Congratulations! You've won a $1000 gift card! Claim now: https://click.me/confirm246 Limited time offer!,1,user_000636,2026-02-05T15:12:08Z,,https://click.me/confirm246
Weather update: It's sunny in Tokyo today,0,user_000386,2025-08-27T06:40:56Z,,https://cnn.com/article/4606
Weather update: It's cloudy in California today,0,user_000164,2025-11-16T22:13:54Z,,https://medium.com/article/4892
⚠️ Account Locked: Your Bank of America needs immediate verification: https://urgent-action.com/confirm670,1,user_000039,2026-02-09T03:04:46Z,,https://urgent-action.com/confirm670
Reading about renewable energy - fascinating developments in the field,0,user_000061,2025-11-22T16:03:11Z,,
Beautiful sunset today in New York! 🌅 #photography,0,user_000041,2025-11-15T08:57:25Z,,
Beautiful sunset today in California! 🌅 #photography,0,user_000127,2025-10-02T20:25:57Z,,https://linkedin.com/article/3564
Congratulations! You've won a vacation package! Claim now: https://account-update.org/update914 Limited time offer!,1,user_000886,2025-08-24T17:33:59Z,,https://account-update.org/update914
Coffee break thoughts: collaboration is key What do you think?,0,user_000673,2025-12-01T01:13:27Z,,
RT @user_000859: Coffee break thoughts: innovation drives progress What do you think?,0,user_000937,2026-01-23T01:32:45Z,user_000859,https://linkedin.com/article/5642
Weekend plans include hiking. Should be fun!,0,user_000456,2025-11-14T08:17:38Z,,https://wikipedia.org/article/5898
Great meeting with the product team today. Productive discussions!,0,user_000580,2025-10-17T11:53:26Z,,
Just finished reading an interesting article about space exploration. Thoughts?,0,user_000052,2026-01-30T00:42:25Z,,
Beautiful sunset today in Sydney! 🌅 #photography,0,user_000797,2025-11-13T19:47:45Z,,
Great meeting with the engineering team today. Productive discussions!,0,user_000242,2025-08-24T09:28:36Z,,https://youtube.com/article/2155
Weather update: It's rainy in Tokyo today,0,user_000884,2025-09-07T07:19:03Z,,https://linkedin.com/article/1727
Great meeting with the sales team today. Productive discussions!,0,user_000071,2026-01-24T16:26:21Z,,https://techcrunch.com/article/3205
Tax refund of $750 pending. Claim here: https://short.link/secure751,1,user_000532,2026-01-15T05:59:43Z,,https://short.link/secure751
Your package could not be delivered. Reschedule: https://click.me/update908,1,user_000497,2025-12-07T21:40:20Z,,https://click.me/update908
Weather update: It's sunny in California today,0,user_000962,2025-09-09T13:58:57Z,,
Just finished reading an interesting article about space exploration. Thoughts?,0,user_000582,2025-12-14T21:31:58Z,,
Weekend plans include reading. Should be fun!,0,user_000944,2025-10-26T18:29:53Z,,
Beautiful sunset today in Sydney! 🌅 #photography,0,user_000346,2025-12-06T22:38:15Z,,
Just finished reading an interesting article about renewable energy. Thoughts?,0,user_000024,2025-11-28T04:50:19Z,,
Beautiful sunset today in New York! 🌅 #photography,0,user_000181,2025-08-21T06:00:00Z,,
Reminder: meetup is coming up next week. Looking forward to it!,0,user_000106,2025-12-16T22:12:49Z,,
Great meeting with the design team today. Productive discussions!,0,user_000606,2025-09-06T13:41:21Z,,
Weekend plans include cooking. Should be fun!,0,user_000602,2025-10-15T01:57:46Z,,
Reading about AI - fascinating developments in the field,0,user_000545,2025-09-13T02:18:42Z,,
Just finished reading an interesting article about renewable energy. Thoughts?,0,user_000853,2025-08-21T13:06:52Z,,
Celebrating birthday with the family today! 🎉,0,user_000706,2025-09-06T12:24:11Z,,
Weather update: It's windy in California today,0,user_000233,2025-09-21T15:37:47Z,,https://cnn.com/article/1863
Working on a new machine learning project. Exciting times ahead!,0,user_000001,2025-11-11T16:05:00Z,,https://news.bbc.co.uk/article/1428
Reminder: meetup is coming up next week. Looking forward to it!,0,user_000857,2025-10-01T07:53:45Z,,https://youtube.com/article/6805
RT @user_000886: Congratulations! You've won a vacation package! Claim now: https://account-update.org/update914 Limited time offer!,1,user_000633,2026-01-01T02:58:24Z,user_000886,https://account-update.org/update914
Reading about AI - fascinating developments in the field,0,user_000703,2025-12-05T13:57:25Z,,
Reading about space exploration - fascinating developments in the field,0,user_000250,2025-09-29T06:27:05Z,,
Weekend plans include hiking. Should be fun!,0,user_000260,2025-12-16T06:02:35Z,,https://techcrunch.com/article/9731
RT @user_000545: Reminder: presentation is coming up next week. Looking forward to it!,0,user_000378,2025-12-07T12:22:28Z,user_000545,
Weather update: It's cloudy in London today,0,user_000847,2025-12-19T16:18:48Z,,
Celebrating birthday with the family today! 🎉,0,user_000783,2025-08-24T23:13:34Z,,https://wikipedia.org/article/5182
Your Netflix payment failed. Update info to avoid suspension: https://claim-reward.org/verify795,1,user_000555,2025-09-06T20:12:06Z,,https://claim-reward.org/verify795
Beautiful sunset today in Tokyo! 🌅 #photography,0,user_000887,2025-11-25T03:38:10Z,,
Working on a new website project. Exciting times ahead!,0,user_000600,2025-10-09T15:11:33Z,,
Working on a new machine learning project. Exciting times ahead!,0,user_000999,2025-12-04T03:10:13Z,,
Great meeting with the design team today. Productive discussions!,0,user_000474,2025-08-31T10:06:35Z,,
RT @user_000580: Great meeting with the product team today. Productive discussions!,0,user_000874,2025-09-11T05:47:33Z,user_000580,
Congratulations! You've won a laptop! Claim now: https://urgent-action.com/verify407 Limited time offer!,1,user_000362,2025-10-02T08:15:01Z,,https://urgent-action.com/verify407
RT @user_000633: RT @user_000886: Congratulations! You've won a vacation package! Claim now: https://account-update.org/update914 Limited time offer!,1,user_000143,2025-12-18T16:19:47Z,user_000633,https://account-update.org/update914
Weekend plans include cooking. Should be fun!,0,user_000738,2025-11-21T19:51:19Z,,
Just finished reading an interesting article about technology trends. Thoughts?,0,user_000218,2025-08-29T22:58:43Z,,https://news.bbc.co.uk/article/6542
Celebrating anniversary with the family today! 🎉,0,user_000590,2025-10-21T17:00:07Z,,
Reading about space exploration - fascinating developments in the field,0,user_000257,2026-02-11T07:10:02Z,,
Beautiful sunset today in New York! 🌅 #photography,0,user_000510,2026-01-10T15:13:30Z,,
Great meeting with the sales team today. Productive discussions!,0,user_000409,2025-09-23T03:22:48Z,,
Reading about space exploration - fascinating developments in the field,0,user_000432,2025-10-21T05:48:13Z,,
Beautiful sunset today in Sydney! 🌅 #photography,0,user_000395,2026-01-17T17:32:50Z,,https://youtube.com/article/9988
⚠️ Account Locked: Your Facebook needs immediate verification: https://t.co/claim483,1,user_000928,2025-08-23T09:53:05Z,,https://t.co/claim483
Reminder: webinar is coming up next week. Looking forward to it!,0,user_000120,2025-09-25T08:30:35Z,,
Coffee break thoughts: innovation drives progress What do you think?,0,user_000538,2025-11-14T02:31:18Z,,
Coffee break thoughts: collaboration is key What do you think?,0,user_000164,2025-12-22T02:24:42Z,,
Great meeting with the design team today. Productive discussions!,0,user_000390,2025-09-26T12:31:58Z,,https://github.com/article/3246
Celebrating graduation with the family today! 🎉,0,user_000050,2026-01-08T10:31:40Z,,
Weekend plans include hiking. Should be fun!,0,user_000308,2025-10-12T23:22:32Z,,https://cnn.com/article/1397
Coffee break thoughts: innovation drives progress What do you think?,0,user_000157,2025-10-10T04:40:22Z,,
Security Alert: Suspicious activity on your PayPal. Confirm identity: https://bit.ly/verify213,1,user_000374,2025-10-06T13:56:50Z,,https://bit.ly/verify213
Congratulations! You've won a vacation package! Claim now: https://t.co/verify925 Limited time offer!,1,user_000011,2025-09-24T04:55:30Z,,https://t.co/verify925
RT @user_000937: RT @user_000859: Coffee break thoughts: innovation drives progress What do you think?,0,user_000840,2025-12-21T14:00:34Z,user_000937,https://linkedin.com/article/5642
Beautiful sunset today in Sydney! 🌅 #photography,0,user_000350,2025-10-06T08:23:22Z,,
Just finished reading an interesting article about space exploration. Thoughts?,0,user_000142,2025-09-11T18:51:01Z,,
RT @user_000374: Security Alert: Suspicious activity on your PayPal. Confirm identity: https://bit.ly/verify213,1,user_000443,2025-11-08T06:18:40Z,user_000374,https://bit.ly/verify213
Just finished reading an interesting article about renewable energy. Thoughts?,0,user_000524,2026-01-19T21:37:32Z,,
Your package could not be delivered. Reschedule: https://account-update.org/confirm426,1,user_000768,2025-09-12T00:09:06Z,,https://account-update.org/confirm426
Great meeting with the design team today. Productive discussions!,0,user_000665,2025-12-26T22:41:47Z,,
Great meeting with the engineering team today. Productive discussions!,0,user_000436,2025-10-23T19:01:59Z,,
Weather update: It's rainy in New York today,0,user_000584,2025-12-03T14:38:56Z,,
Celebrating anniversary with the family today! 🎉,0,user_000774,2026-01-15T16:24:11Z,,
Reading about space exploration - fascinating developments in the field,0,user_000395,2025-11-26T09:33:02Z,,
Great meeting with the product team today. Productive discussions!,0,user_000020,2025-11-20T22:28:38Z,,https://github.com/article/7414
Weather update: It's rainy in Tokyo today,0,user_000515,2025-09-01T16:51:26Z,,
RT @user_000673: Coffee break thoughts: collaboration is key What do you think?,0,user_000481,2025-08-19T05:34:09Z,user_000673,
RT @user_000202: Reading about space exploration - fascinating developments in the field,0,user_000538,2025-10-06T05:40:56Z,user_000202,https://youtube.com/article/9250
RT @user_000633: RT @user_000886: Congratulations! You've won a vacation package! Claim now: https://account-update.org/update914 Limited time offer!,1,user_000926,2026-02-08T09:38:48Z,user_000633,https://account-update.org/update914
Just finished reading an interesting article about AI. Thoughts?,0,user_000107,2025-10-30T04:52:11Z,,
Working on a new machine learning project. Exciting times ahead!,0,user_000817,2026-02-10T13:52:52Z,,https://linkedin.com/article/3020
RT @user_000052: Just finished reading an interesting article about space exploration. Thoughts?,0,user_000657,2025-11-05T09:24:16Z,user_000052,
RT @user_000474: Great meeting with the design team today. Productive discussions!,0,user_000619,2026-01-08T16:52:47Z,user_000474,
Weekend plans include coding. Should be fun!,0,user_000704,2025-11-15T13:46:20Z,,
RT @user_000545: Reading about AI - fascinating developments in the field,0,user_000957,2025-09-13T02:59:24Z,user_000545,
Beautiful sunset today in Tokyo! 🌅 #photography,0,user_000415,2025-09-01T21:42:12Z,,
Great meeting with the sales team today. Productive discussions!,0,user_000674,2025-11-16T21:49:12Z,,https://github.com/article/6300
Beautiful sunset today in Tokyo! 🌅 #photography,0,user_000409,2025-11-17T13:20:21Z,,https://twitter.com/article/1110
Coffee break thoughts: learning never stops What do you think?,0,user_000445,2025-11-26T04:18:05Z,,
Working on a new machine learning project. Exciting times ahead!,0,user_000320,2026-01-07T16:40:45Z,,
Weekend plans include reading. Should be fun!,0,user_000051,2025-10-23T07:46:19Z,,
Great meeting with the design team today. Productive discussions!,0,user_000558,2026-02-07T16:38:57Z,,
Great meeting with the engineering team today. Productive discussions!,0,user_000879,2025-12-02T07:34:25Z,,https://cnn.com/article/4824
Reminder: meetup is coming up next week. Looking forward to it!,0,user_000681,2026-02-14T03:50:47Z,,https://news.bbc.co.uk/article/1661
Reading about space exploration - fascinating developments in the field,0,user_000604,2026-01-08T12:46:57Z,,
Reminder: presentation is coming up next week. Looking forward to it!,0,user_000834,2025-12-10T02:30:21Z,,https://twitter.com/article/7030
Reminder: workshop is coming up next week. Looking forward to it!,0,user_000394,2025-12-07T12:00:04Z,,https://news.bbc.co.uk/article/5924
Weekend plans include cooking. Should be fun!,0,user_000503,2025-11-20T21:37:47Z,,https://youtube.com/article/7411
Just finished reading an interesting article about climate change. Thoughts?,0,user_000713,2026-01-12T05:51:35Z,,
RT @user_000474: Great meeting with the design team today. Productive discussions!,0,user_000329,2025-08-31T05:36:06Z,user_000474,
Reading about climate change - fascinating developments in the field,0,user_000432,2025-09-17T08:01:47Z,,
Coffee break thoughts: learning never stops What do you think?,0,user_000962,2026-02-03T10:16:53Z,,
RT @user_000157: Coffee break thoughts: innovation drives progress What do you think?,0,user_000244,2025-12-02T20:29:32Z,user_000157,
Just finished reading an interesting article about space exploration. Thoughts?,0,user_000432,2025-10-03T07:07:47Z,,
RT @user_000584: Weather update: It's rainy in New York today,0,user_000719,2026-01-04T09:11:19Z,user_000584,
Working on a new machine learning project. Exciting times ahead!,0,user_000168,2025-09-15T21:34:11Z,,
Beautiful sunset today in California! 🌅 #photography,0,user_000474,2026-02-12T01:57:49Z,,
Great meeting with the product team today. Productive discussions!,0,user_000964,2026-01-02T05:01:14Z,,https://github.com/article/4086
Just finished reading an interesting article about climate change. Thoughts?,0,user_000399,2025-11-03T03:34:32Z,,
Just finished reading an interesting article about AI. Thoughts?,0,user_000635,2025-09-10T08:01:52Z,,https://github.com/article/8249
RT @user_000374: Security Alert: Suspicious activity on your PayPal. Confirm identity: https://bit.ly/verify213,1,user_000625,2025-09-15T06:29:18Z,user_000374,https://bit.ly/verify213
Coffee break thoughts: innovation drives progress What do you think?,0,user_000836,2025-12-03T19:15:08Z,,https://github.com/article/5961
Just finished reading an interesting article about climate change. Thoughts?,0,user_000461,2026-01-06T05:00:14Z,,
BREAKING: Apple is giving away $1000 gift card! Get yours: https://account-update.org/verify103,1,user_000274,2025-09-21T07:59:21Z,,https://account-update.org/verify103
Weekend plans include hiking. Should be fun!,0,user_000494,2025-10-02T19:35:07Z,,
Working on a new mobile app project. Exciting times ahead!,0,user_000754,2026-01-30T00:27:39Z,,
Great meeting with the engineering team today. Productive discussions!,0,user_000907,2026-02-13T05:38:46Z,,
RT @user_000515: Weather update: It's rainy in Tokyo today,0,user_000375,2026-01-01T03:34:48Z,user_000515,
Just finished reading an interesting article about space exploration. Thoughts?,0,user_000640,2025-09-26T11:56:31Z,,
Weather update: It's snowy in California today,0,user_000512,2025-10-10T12:00:42Z,,
Beautiful sunset today in Sydney! 🌅 #photography,0,user_000626,2025-12-18T04:04:11Z,,
Reminder: presentation is coming up next week. Looking forward to it!,0,user_000292,2025-12-22T21:18:47Z,,https://github.com/article/7557
Celebrating promotion with the family today! 🎉,0,user_000397,2026-02-10T04:14:13Z,,
Coffee break thoughts: collaboration is key What do you think?,0,user_000596,2025-11-03T09:44:08Z,,
Coffee break thoughts: learning never stops What do you think?,0,user_000741,2025-08-22T23:03:03Z,,
Weekend plans include hiking. Should be fun!,0,user_000056,2025-12-28T07:57:36Z,,https://news.bbc.co.uk/article/7724
Weekend plans include hiking. Should be fun!,0,user_000240,2025-11-17T01:52:09Z,,https://cnn.com/article/9191
Coffee break thoughts: innovation drives progress What do you think?,0,user_000963,2025-08-21T07:25:54Z,,
Weekend plans include coding. Should be fun!,0,user_000915,2025-12-17T05:11:45Z,,https://youtube.com/article/4997
Celebrating achievement with the family today! 🎉,0,user_000330,2025-08-21T20:08:06Z,,
Reminder: workshop is coming up next week. Looking forward to it!,0,user_000952,2025-10-17T12:02:54Z,,
Reminder: presentation is coming up next week. Looking forward to it!,0,user_000490,2026-01-20T23:10:01Z,,https://linkedin.com/article/8840
Coffee break thoughts: innovation drives progress What do you think?,0,user_000155,2025-11-27T00:11:38Z,,
🚨 URGENT: Your PayPal account has been compromised! Verify immediately: https://claim-reward.org/claim500,1,user_000396,2025-08-23T03:07:25Z,,https://claim-reward.org/claim500
Coffee break thoughts: learning never stops What do you think?,0,user_000707,2025-12-31T10:00:59Z,,
Weather update: It's cloudy in California today,0,user_000501,2026-01-11T10:41:05Z,,
Coffee break thoughts: collaboration is key What do you think?,0,user_000111,2026-01-12T00:47:43Z,,https://twitter.com/article/5354
Reading about renewable energy - fascinating developments in the field,0,user_000917,2025-09-16T06:39:22Z,,
Reminder: meetup is coming up next week. Looking forward to it!,0,user_000821,2025-10-22T13:33:11Z,,https://news.bbc.co.uk/article/4708
Reminder: presentation is coming up next week. Looking forward to it!,0,user_000983,2025-09-17T19:53:30Z,,
Beautiful sunset today in Sydney! 🌅 #photography,0,user_000212,2025-12-02T01:03:46Z,,
Just finished reading an interesting article about climate change. Thoughts?,0,user_000668,2025-10-14T06:57:27Z,,https://techcrunch.com/article/7503
Your package could not be delivered. Reschedule: https://t.co/update605,1,user_000011,2026-02-01T00:05:16Z,,https://t.co/update605
Weather update: It's snowy in New York today,0,user_000373,2025-11-19T00:36:32Z,,https://twitter.com/article/2406
Working on a new data analysis project. Exciting times ahead!,0,user_000244,2026-01-31T19:21:05Z,,https://twitter.com/article/8634
Reminder: webinar is coming up next week. Looking forward to it!,0,user_000347,2025-09-13T21:44:02Z,,
Working on a new data analysis project. Exciting times ahead!,0,user_000786,2025-10-26T11:00:31Z,,
Weather update: It's snowy in New York today,0,user_000253,2025-12-25T23:55:04Z,,
Reading about climate change - fascinating developments in the field,0,user_000974,2025-10-15T20:36:42Z,,
Just finished reading an interesting article about renewable energy. Thoughts?,0,user_000638,2025-10-23T18:27:51Z,,
Beautiful sunset today in New York! 🌅 #photography,0,user_000754,2025-11-19T18:44:08Z,,https://news.bbc.co.uk/article/6970
Weather update: It's snowy in London today,0,user_000469,2026-01-12T16:46:04Z,,
Weekend plans include cooking. Should be fun!,0,user_000520,2025-12-30T09:49:36Z,,https://wikipedia.org/article/2337
Weather update: It's cloudy in New York today,0,user_000597,2026-01-08T15:31:30Z,,
RT @user_000373: Weather update: It's snowy in New York today,0,user_000777,2025-08-22T10:11:13Z,user_000373,https://twitter.com/article/2406
Weather update: It's rainy in New York today,0,user_000621,2025-10-15T02:43:55Z,,
Just finished reading an interesting article about space exploration. Thoughts?,0,user_000175,2025-09-18T23:52:21Z,,
Great meeting with the product team today. Productive discussions!,0,user_000616,2025-09-16T20:55:58Z,,
Working on a new website project. Exciting times ahead!,0,user_000442,2025-08-22T20:59:52Z,,
Just finished reading an interesting article about AI. Thoughts?,0,user_000444,2025-10-15T10:53:38Z,,https://linkedin.com/article/6780
Final Notice: Google account expires today. Renew now: https://click.me/verify659,1,user_000640,2025-09-27T22:13:10Z,,https://click.me/verify659
Beautiful sunset today in London! 🌅 #photography,0,user_000986,2026-01-06T10:47:49Z,,
Reading about technology trends - fascinating developments in the field,0,user_000239,2026-02-12T04:03:38Z,,https://news.bbc.co.uk/article/7973
Beautiful sunset today in California! 🌅 #photography,0,user_000746,2025-10-28T00:40:17Z,,
Weather update: It's sunny in Sydney today,0,user_000467,2025-09-20T18:48:17Z,,https://twitter.com/article/3973
Congratulations! You've won a smart TV! Claim now: https://claim-reward.org/confirm130 Limited time offer!,1,user_000689,2026-01-12T13:43:03Z,,https://claim-reward.org/confirm130
Just finished reading an interesting article about renewable energy. Thoughts?,0,user_000009,2025-09-24T10:42:34Z,,
Coffee break thoughts: learning never stops What do you think?,0,user_000683,2026-01-13T05:11:53Z,,
Limited Time: Get vacation package absolutely FREE! Click here: https://urgent-action.com/confirm845,1,user_000942,2025-10-10T22:39:48Z,,https://urgent-action.com/confirm845
Reminder: presentation is coming up next week. Looking forward to it!,0,user_000538,2025-11-17T04:13:47Z,,https://github.com/article/1597
Weekend plans include traveling. Should be fun!,0,user_000057,2025-09-16T17:31:09Z,,https://youtube.com/article/2608
Beautiful sunset today in London! 🌅 #photography,0,user_000585,2025-09-26T15:31:04Z,,
Celebrating achievement with the family today! 🎉,0,user_000610,2025-11-02T20:22:23Z,,
Just finished reading an interesting article about space exploration. Thoughts?,0,user_000167,2025-09-03T10:43:42Z,,https://github.com/article/7598
Beautiful sunset today in California! 🌅 #photography,0,user_000010,2025-12-15T07:54:24Z,,
Reading about space exploration - fascinating developments in the field,0,user_000245,2025-12-11T00:52:50Z,,
Celebrating promotion with the family today! 🎉,0,user_000395,2025-10-10T22:27:40Z,,
Just finished reading an interesting article about AI. Thoughts?,0,user_000779,2025-11-23T12:17:06Z,,
Great meeting with the design team today. Productive discussions!,0,user_000221,2025-09-13T03:04:57Z,,
Celebrating promotion with the family today! 🎉,0,user_000341,2025-12-06T01:42:16Z,,
RT @user_000445: Coffee break thoughts: learning never stops What do you think?,0,user_000814,2025-11-12T16:19:17Z,user_000445,
Beautiful sunset today in California! 🌅 #photography,0,user_000099,2025-09-26T18:12:01Z,,https://cnn.com/article/5843
RT @user_000986: Beautiful sunset today in London! 🌅 #photography,0,user_000801,2025-10-11T10:40:41Z,user_000986,
Celebrating birthday with the family today! 🎉,0,user_000389,2025-10-23T17:05:02Z,,https://medium.com/article/4307
Great meeting with the marketing team today. Productive discussions!,0,user_000640,2025-09-26T04:02:19Z,,https://github.com/article/8100
Weekend plans include cooking. Should be fun!,0,user_000264,2025-12-02T12:55:09Z,,https://wikipedia.org/article/8250
Working on a new research project. Exciting times ahead!,0,user_000234,2025-10-11T18:11:19Z,,https://cnn.com/article/2109
Security Alert: Suspicious activity on your Netflix. Confirm identity: https://tinyurl.com/confirm982,1,user_000100,2025-09-05T23:59:27Z,,https://tinyurl.com/confirm982
Weather update: It's snowy in California today,0,user_000194,2025-09-14T23:03:01Z,,
Weekend plans include traveling. Should be fun!,0,user_000946,2025-12-25T05:37:46Z,,https://github.com/article/8643
Your package could not be delivered. Reschedule: https://tinyurl.com/claim743,1,user_000801,2025-12-10T05:11:20Z,,https://tinyurl.com/claim743
Your Google payment failed. Update info to avoid suspension: https://verify-now.net/update164,1,user_000815,2025-11-09T00:36:13Z,,https://verify-now.net/update164
Great meeting with the design team today. Productive discussions!,0,user_000543,2026-01-19T19:26:26Z,,
Beautiful sunset today in Tokyo! 🌅 #photography,0,user_000410,2026-02-05T07:03:38Z,,https://wikipedia.org/article/1142
Working on a new research project. Exciting times ahead!,0,user_000607,2025-11-05T14:25:08Z,,
Coffee break thoughts: innovation drives progress What do you think?,0,user_000470,2025-12-31T01:43:44Z,,https://wikipedia.org/article/1481
Reminder: workshop is coming up next week. Looking forward to it!,0,user_000191,2025-12-18T23:23:34Z,,
Working on a new machine learning project. Exciting times ahead!,0,user_000393,2025-12-13T23:16:54Z,,https://github.com/article/3733
Weather update: It's sunny in London today,0,user_000458,2026-02-07T14:40:29Z,,
Weekend plans include traveling. Should be fun!,0,user_000162,2026-01-06T18:08:40Z,,
Great meeting with the sales team today. Productive discussions!,0,user_000966,2025-12-07T02:35:11Z,,
Just finished reading an interesting article about technology trends. Thoughts?,0,user_000028,2026-01-25T21:59:38Z,,
Weather update: It's snowy in Tokyo today,0,user_000264,2026-01-26T10:47:39Z,,https://linkedin.com/article/5986
Reminder: conference is coming up next week. Looking forward to it!,0,user_000482,2026-01-03T20:09:11Z,,
Coffee break thoughts: learning never stops What do you think?,0,user_000214,2026-01-08T21:54:49Z,,https://wikipedia.org/article/1404
Great meeting with the design team today. Productive discussions!,0,user_000212,2026-01-15T19:42:31Z,,
RT @user_000538: Reminder: presentation is coming up next week. Looking forward to it!,0,user_000165,2025-12-22T06:55:43Z,user_000538,https://github.com/article/1597
Weekend plans include traveling. Should be fun!,0,user_000083,2025-11-15T08:14:07Z,,
Working on a new machine learning project. Exciting times ahead!,0,user_000538,2025-09-22T13:18:27Z,,https://github.com/article/7178
Coffee break thoughts: learning never stops What do you think?,0,user_000272,2025-11-23T19:47:35Z,,https://medium.com/article/7357
Reading about space exploration - fascinating developments in the field,0,user_000848,2025-12-13T11:03:11Z,,
Just finished reading an interesting article about renewable energy. Thoughts?,0,user_000505,2025-09-22T05:51:20Z,,
Weekend plans include cooking. Should be fun!,0,user_000353,2025-12-29T01:56:51Z,,
Reading about AI - fascinating developments in the field,0,user_000932,2025-11-11T07:55:30Z,,
Coffee break thoughts: learning never stops What do you think?,0,user_000305,2025-12-10T18:22:28Z,,
Weekend plans include coding. Should be fun!,0,user_000854,2025-11-25T23:01:36Z,,https://wikipedia.org/article/2684
Coffee break thoughts: collaboration is key What do you think?,0,user_000872,2025-10-12T22:06:30Z,,
Weekend plans include coding. Should be fun!,0,user_000403,2025-08-27T12:18:42Z,,
Reminder: conference is coming up next week. Looking forward to it!,0,user_000408,2026-01-29T18:39:08Z,,https://linkedin.com/article/8708
Just finished reading an interesting article about technology trends. Thoughts?,0,user_000032,2025-09-03T16:12:53Z,,https://linkedin.com/article/9169
RT @user_000234: Working on a new research project. Exciting times ahead!,0,user_000012,2025-11-18T20:04:42Z,user_000234,https://cnn.com/article/2109
RT @user_000057: Weekend plans include traveling. Should be fun!,0,user_000078,2025-12-31T06:06:55Z,user_000057,https://youtube.com/article/2608
Beautiful sunset today in London! 🌅 #photography,0,user_000570,2025-08-18T16:18:04Z,,
🚨 URGENT: Your Netflix account has been flagged! Verify immediately: https://bit.ly/verify641,1,user_000203,2025-08-30T17:28:52Z,,https://bit.ly/verify641
⚠️ Account Locked: Your PayPal needs immediate verification: https://verify-now.net/confirm591,1,user_000589,2026-01-20T09:32:03Z,,https://verify-now.net/confirm591
Celebrating anniversary with the family today! 🎉,0,user_000507,2025-12-28T17:42:13Z,,
Working on a new website project. Exciting times ahead!,0,user_000631,2026-02-04T00:21:25Z,,https://github.com/article/2025
Congratulations! You've won a iPhone 15! Claim now: https://verify-now.net/secure805 Limited time offer!,1,user_000740,2026-01-29T01:04:00Z,,https://verify-now.net/secure805
Celebrating anniversary with the family today! 🎉,0,user_001000,2026-01-11T21:22:33Z,,https://github.com/article/6334
Reading about climate change - fascinating developments in the field,0,user_000216,2025-08-24T09:10:08Z,,
Just finished reading an interesting article about AI. Thoughts?,0,user_000952,2025-12-20T07:02:16Z,,https://twitter.com/article/1267
RT @user_000264: Weekend plans include cooking. Should be fun!,0,user_000216,2025-11-08T04:43:43Z,user_000264,https://wikipedia.org/article/8250
Weather update: It's rainy in California today,0,user_000660,2025-10-16T00:29:46Z,,
Weekend plans include coding. Should be fun!,0,user_000747,2025-12-14T09:35:02Z,,
Weather update: It's rainy in Tokyo today,0,user_000414,2025-09-14T04:44:35Z,,
Coffee break thoughts: learning never stops What do you think?,0,user_000385,2025-12-02T14:02:14Z,,https://linkedin.com/article/6497
Great meeting with the product team today. Productive discussions!,0,user_000543,2025-12-22T08:42:07Z,,https://cnn.com/article/6556
Coffee break thoughts: innovation drives progress What do you think?,0,user_000491,2025-12-05T07:03:14Z,,
Reading about AI - fascinating developments in the field,0,user_000524,2025-10-02T12:16:53Z,,
Weekend plans include reading. Should be fun!,0,user_000527,2026-01-18T11:18:33Z,,https://linkedin.com/article/9201
Coffee break thoughts: learning never stops What do you think?,0,user_000507,2026-01-05T07:39:29Z,,
Weather update: It's rainy in London today,0,user_000549,2025-11-29T00:23:13Z,,
Just finished reading an interesting article about AI. Thoughts?,0,user_000278,2025-12-19T23:57:18Z,,
Great meeting with the marketing team today. Productive discussions!,0,user_000752,2026-01-05T10:27:54Z,,
Working on a new mobile app project. Exciting times ahead!,0,user_000636,2025-09-28T08:32:26Z,,https://techcrunch.com/article/7615
Reading about climate change - fascinating developments in the field,0,user_000889,2026-01-11T13:10:37Z,,
Great meeting with the sales team today. Productive discussions!,0,user_000805,2025-11-16T16:10:37Z,,https://linkedin.com/article/4169
Coffee break thoughts: innovation drives progress What do you think?,0,user_000898,2026-01-23T09:19:25Z,,
Just finished reading an interesting article about space exploration. Thoughts?,0,user_000911,2025-09-22T12:49:21Z,,https://wikipedia.org/article/4453
Weather update: It's sunny in London today,0,user_000371,2025-09-14T01:07:01Z,,
Just finished reading an interesting article about renewable energy. Thoughts?,0,user_000513,2025-09-29T15:43:43Z,,https://twitter.com/article/4566
Great meeting with the marketing team today. Productive discussions!,0,user_000762,2025-08-20T02:31:01Z,,
Working on a new data analysis project. Exciting times ahead!,0,user_000942,2026-01-05T11:29:22Z,,
Weekend plans include reading. Should be fun!,0,user_000281,2026-02-05T01:49:53Z,,
Limited Time: Get laptop absolutely FREE! Click here: https://click.me/confirm710,1,user_000135,2025-11-01T16:06:49Z,,https://click.me/confirm710
Beautiful sunset today in London! 🌅 #photography,0,user_000073,2026-01-11T10:42:20Z,,https://youtube.com/article/3095
Great meeting with the design team today. Productive discussions!,0,user_000096,2025-10-15T23:03:28Z,,
Reminder: meetup is coming up next week. Looking forward to it!,0,user_000857,2025-11-09T00:01:25Z,,
Reminder: webinar is coming up next week. Looking forward to it!,0,user_000276,2026-02-06T00:33:32Z,,https://wikipedia.org/article/2635
Just finished reading an interesting article about renewable energy. Thoughts?,0,user_000244,2026-01-26T06:48:23Z,,
Reading about renewable energy - fascinating developments in the field,0,user_000597,2025-12-26T15:21:14Z,,https://github.com/article/9527
Reminder: presentation is coming up next week. Looking forward to it!,0,user_000885,2025-08-19T09:52:13Z,,
Working on a new machine learning project. Exciting times ahead!,0,user_000801,2025-10-03T08:51:55Z,,
RT @user_000162: Weekend plans include traveling. Should be fun!,0,user_000806,2025-10-06T04:50:37Z,user_000162,
Celebrating anniversary with the family today! 🎉,0,user_000183,2025-09-20T08:31:51Z,,
Reading about space exploration - fascinating developments in the field,0,user_000264,2026-02-10T21:06:27Z,,
Beautiful sunset today in Sydney! 🌅 #photography,0,user_000621,2025-11-09T21:51:52Z,,https://cnn.com/article/6655
Celebrating achievement with the family today! 🎉,0,user_000201,2025-11-30T08:39:31Z,,
RT @user_000083: Weekend plans include traveling. Should be fun!,0,user_000082,2025-10-18T23:11:48Z,user_000083,
Just finished reading an interesting article about climate change. Thoughts?,0,user_000459,2025-12-18T20:48:00Z,,
RT @user_000848: Reading about space exploration - fascinating developments in the field,0,user_000823,2025-12-29T11:11:37Z,user_000848,
Reading about technology trends - fascinating developments in the field,0,user_000238,2026-01-05T06:45:29Z,,
⚠️ Account Locked: Your Amazon needs immediate verification: https://account-update.org/update684,1,user_000271,2025-08-21T22:51:57Z,,https://account-update.org/update684
Working on a new website project. Exciting times ahead!,0,user_000592,2025-12-06T05:22:40Z,,
Weather update: It's sunny in Tokyo today,0,user_000559,2025-09-26T13:06:18Z,,https://techcrunch.com/article/8903
Weather update: It's sunny in Tokyo today,0,user_000570,2025-09-12T03:51:16Z,,https://twitter.com/article/1965
Reminder: presentation is coming up next week. Looking forward to it!,0,user_000981,2026-01-29T22:42:57Z,,https://twitter.com/article/3993
Celebrating promotion with the family today! 🎉,0,user_000965,2025-09-11T12:45:57Z,,https://cnn.com/article/9872
Weekend plans include coding. Should be fun!,0,user_000788,2025-12-15T19:59:23Z,,
RT @user_000201: Celebrating achievement with the family today! 🎉,0,user_000567,2025-09-27T23:13:20Z,user_000201,
Great meeting with the product team today. Productive discussions!,0,user_000077,2026-02-10T10:00:48Z,,https://youtube.com/article/7623
Reminder: workshop is coming up next week. Looking forward to it!,0,user_000704,2026-02-14T03:38:55Z,,
Celebrating graduation with the family today! 🎉,0,user_000441,2025-09-04T12:50:50Z,,
Just finished reading an interesting article about AI. Thoughts?,0,user_000544,2025-12-03T07:34:01Z,,
Just finished reading an interesting article about technology trends. Thoughts?,0,user_000969,2025-11-10T16:47:28Z,,
Celebrating achievement with the family today! 🎉,0,user_000739,2025-11-01T06:35:51Z,,
Great meeting with the sales team today. Productive discussions!,0,user_000517,2026-01-11T15:23:14Z,,
Just finished reading an interesting article about climate change. Thoughts?,0,user_000692,2025-10-11T22:50:18Z,,
Your package could not be delivered. Reschedule: https://short.link/secure461,1,user_000591,2025-12-28T13:22:50Z,,https://short.link/secure461
Beautiful sunset today in London! 🌅 #photography,0,user_000934,2026-01-23T01:23:03Z,,
Weather update: It's rainy in Sydney today,0,user_000589,2025-11-30T19:20:56Z,,
Reminder: workshop is coming up next week. Looking forward to it!,0,user_000794,2025-08-30T15:09:05Z,,
Celebrating promotion with the family today! 🎉,0,user_000618,2025-12-26T21:49:46Z,,
Great meeting with the engineering team today. Productive discussions!,0,user_000238,2025-10-31T23:49:57Z,,
Beautiful sunset today in Tokyo! 🌅 #photography,0,user_000134,2025-11-14T21:53:36Z,,
Celebrating achievement with the family today! 🎉,0,user_000184,2025-10-08T01:45:51Z,,
Celebrating anniversary with the family today! 🎉,0,user_000044,2025-11-07T00:38:41Z,,
Reading about AI - fascinating developments in the field,0,user_000249,2025-09-03T06:35:50Z,,
Weekend plans include reading. Should be fun!,0,user_000198,2026-01-23T01:09:58Z,,https://linkedin.com/article/2438
Coffee break thoughts: learning never stops What do you think?,0,user_000537,2025-11-07T22:14:28Z,,https://youtube.com/article/8574
Great meeting with the design team today. Productive discussions!,0,user_000845,2025-12-18T09:12:54Z,,
Security Alert: Suspicious activity on your Netflix. Confirm identity: https://secure-verify.net/verify640,1,user_000763,2025-09-20T02:46:06Z,,https://secure-verify.net/verify640
Beautiful sunset today in California! 🌅 #photography,0,user_000774,2025-09-16T12:53:19Z,,https://twitter.com/article/1546
Weekend plans include hiking. Should be fun!,0,user_000297,2025-09-17T08:02:40Z,,
RT @user_000524: Reading about AI - fascinating developments in the field,0,user_000450,2025-08-27T03:29:24Z,user_000524,
Coffee break thoughts: learning never stops What do you think?,0,user_000063,2026-01-02T23:53:41Z,,https://github.com/article/8116
Weather update: It's snowy in California today,0,user_000969,2025-09-19T17:05:16Z,,
Weather update: It's windy in Tokyo today,0,user_000357,2026-01-10T16:28:29Z,,
Coffee break thoughts: innovation drives progress What do you think?,0,user_000851,2025-10-08T20:20:08Z,,
Working on a new website project. Exciting times ahead!,0,user_000873,2025-10-21T12:09:01Z,,
Celebrating anniversary with the family today! 🎉,0,user_000988,2025-12-12T15:15:22Z,,
Great meeting with the design team today. Productive discussions!,0,user_000698,2025-11-06T22:55:52Z,,
Weekend plans include reading. Should be fun!,0,user_000411,2026-01-19T06:10:13Z,,
Just finished reading an interesting article about AI. Thoughts?,0,user_000050,2025-09-07T13:36:09Z,,
Working on a new mobile app project. Exciting times ahead!,0,user_000993,2025-08-20T22:48:07Z,,https://cnn.com/article/1338
"Tax refund of $2,100 pending. Claim here: https://t.co/confirm272",1,user_000203,2025-11-20T01:28:05Z,,https://t.co/confirm272
Reading about climate change - fascinating developments in the field,0,user_000385,2025-10-12T06:50:29Z,,
Weather update: It's snowy in Tokyo today,0,user_000075,2025-10-16T09:46:27Z,,
Just finished reading an interesting article about climate change. Thoughts?,0,user_000418,2025-10-21T14:31:27Z,,
Great meeting with the sales team today. Productive discussions!,0,user_000579,2025-10-09T11:30:52Z,,
Congratulations! You've won a iPhone 15! Claim now: https://click.me/secure900 Limited time offer!,1,user_000985,2025-12-13T20:05:05Z,,https://click.me/secure900
Just finished reading an interesting article about AI. Thoughts?,0,user_000814,2026-01-02T14:41:29Z,,
Reminder: presentation is coming up next week. Looking forward to it!,0,user_000851,2025-12-01T22:25:19Z,,
Reading about technology trends - fascinating developments in the field,0,user_000102,2026-01-05T02:41:36Z,,
Reading about AI - fascinating developments in the field,0,user_000963,2026-01-22T15:31:46Z,,
Final Notice: Facebook account expires today. Renew now: https://tinyurl.com/confirm186,1,user_000497,2025-10-02T02:51:42Z,,https://tinyurl.com/confirm186
🚨 URGENT: Your Microsoft account has been locked! Verify immediately: https://secure-verify.net/update374,1,user_000184,2025-09-23T00:24:23Z,,https://secure-verify.net/update374
Celebrating promotion with the family today! 🎉,0,user_000095,2025-12-20T20:10:05Z,,
Coffee break thoughts: learning never stops What do you think?,0,user_000558,2025-12-16T19:12:41Z,,
Coffee break thoughts: learning never stops What do you think?,0,user_000824,2025-09-19T00:53:24Z,,
Your package could not be delivered. Reschedule: https://bit.ly/secure820,1,user_000981,2026-01-21T12:37:58Z,,https://bit.ly/secure820
Working on a new data analysis project. Exciting times ahead!,0,user_000232,2025-12-14T09:49:29Z,,
Beautiful sunset today in New York! 🌅 #photography,0,user_000426,2025-09-23T19:45:00Z,,
Just finished reading an interesting article about space exploration. Thoughts?,0,user_000656,2025-11-20T17:55:21Z,,
Coffee break thoughts: innovation drives progress What do you think?,0,user_000335,2026-02-02T03:24:59Z,,https://news.bbc.co.uk/article/6405
Great meeting with the engineering team today. Productive discussions!,0,user_000174,2025-09-04T19:24:21Z,,https://cnn.com/article/6230
Reading about renewable energy - fascinating developments in the field,0,user_000999,2026-01-10T23:40:57Z,,https://medium.com/article/4240
Weekend plans include traveling. Should be fun!,0,user_000478,2026-01-23T04:09:42Z,,
Limited Time: Get laptop absolutely FREE! Click here: https://secure-verify.net/verify722,1,user_000844,2025-09-25T22:27:47Z,,https://secure-verify.net/verify722
RT @user_000497: Final Notice: Facebook account expires today. Renew now: https://tinyurl.com/confirm186,1,user_000217,2025-08-19T21:22:46Z,user_000497,https://tinyurl.com/confirm186
Just finished reading an interesting article about climate change. Thoughts?,0,user_000883,2026-02-11T16:23:45Z,,
Final Notice: Microsoft account expires today. Renew now: https://claim-reward.org/claim302,1,user_000079,2026-02-11T15:17:15Z,,https://claim-reward.org/claim302
Working on a new machine learning project. Exciting times ahead!,0,user_000213,2025-12-10T01:51:33Z,,
Reminder: presentation is coming up next week. Looking forward to it!,0,user_000870,2025-12-14T19:11:30Z,,https://github.com/article/4468
Coffee break thoughts: learning never stops What do you think?,0,user_000394,2025-10-12T03:31:23Z,,https://medium.com/article/2885
RT @user_000814: Just finished reading an interesting article about AI. Thoughts?,0,user_000167,2025-09-23T21:40:22Z,user_000814,
RT @user_000371: Weather update: It's sunny in London today,0,user_000711,2025-12-03T12:20:12Z,user_000371,
Celebrating graduation with the family today! 🎉,0,user_000913,2025-11-01T07:15:58Z,,https://linkedin.com/article/1443
Reminder: meetup is coming up next week. Looking forward to it!,0,user_000847,2025-09-13T12:10:24Z,,
Reminder: webinar is coming up next week. Looking forward to it!,0,user_000065,2025-10-07T05:42:01Z,,https://wikipedia.org/article/2603
Weekend plans include hiking. Should be fun!,0,user_000923,2025-11-17T12:00:27Z,,
Just finished reading an interesting article about technology trends. Thoughts?,0,user_000167,2026-01-31T22:52:19Z,,
Reading about technology trends - fascinating developments in the field,0,user_000547,2025-11-17T15:44:16Z,,
Security Alert: Suspicious activity on your Google. Confirm identity: https://t.co/claim736,1,user_000265,2025-09-20T15:17:03Z,,https://t.co/claim736
Security Alert: Suspicious activity on your Microsoft. Confirm identity: https://bit.ly/secure138,1,user_000984,2025-12-05T08:34:11Z,,https://bit.ly/secure138
Great meeting with the design team today. Productive discussions!,0,user_000744,2026-01-04T14:03:05Z,,https://techcrunch.com/article/1315
Working on a new machine learning project. Exciting times ahead!,0,user_000873,2025-11-15T15:01:37Z,,https://wikipedia.org/article/9784
Weather update: It's sunny in Tokyo today,0,user_000573,2025-12-20T07:37:21Z,,
Just finished reading an interesting article about space exploration. Thoughts?,0,user_000714,2026-02-04T17:36:58Z,,https://wikipedia.org/article/5296
Reading about technology trends - fascinating developments in the field,0,user_000096,2025-09-29T20:56:30Z,,
Just finished reading an interesting article about AI. Thoughts?,0,user_000885,2025-08-31T10:45:20Z,,
Celebrating anniversary with the family today! 🎉,0,user_000147,2025-09-10T11:38:22Z,,
Security Alert: Suspicious activity on your Google. Confirm identity: https://tinyurl.com/confirm705,1,user_000243,2025-11-21T16:48:57Z,,https://tinyurl.com/confirm705
Just finished reading an interesting article about AI. Thoughts?,0,user_000299,2026-01-07T04:04:10Z,,
Just finished reading an interesting article about renewable energy. Thoughts?,0,user_000383,2025-12-08T13:38:27Z,,
Beautiful sunset today in New York! 🌅 #photography,0,user_000302,2025-12-11T03:46:04Z,,
Reading about technology trends - fascinating developments in the field,0,user_000637,2025-10-05T16:18:24Z,,
Great meeting with the engineering team today. Productive discussions!,0,user_000536,2025-10-13T00:37:46Z,,
Celebrating birthday with the family today! 🎉,0,user_000958,2026-02-06T06:07:50Z,,
Coffee break thoughts: innovation drives progress What do you think?,0,user_000836,2025-08-23T03:32:30Z,,
Reading about space exploration - fascinating developments in the field,0,user_000049,2025-11-05T21:31:41Z,,
Congratulations! You've won a laptop! Claim now: https://urgent-action.com/secure827 Limited time offer!,1,user_000380,2025-09-12T00:03:07Z,,https://urgent-action.com/secure827
Celebrating achievement with the family today! 🎉,0,user_000999,2025-12-07T15:12:21Z,,
Beautiful sunset today in Sydney! 🌅 #photography,0,user_000088,2025-12-22T02:14:15Z,,
Weather update: It's cloudy in New York today,0,user_000178,2025-10-15T14:46:15Z,,
Great meeting with the sales team today. Productive discussions!,0,user_000065,2025-10-04T19:50:20Z,,
Weekend plans include coding. Should be fun!,0,user_000466,2025-10-24T23:56:39Z,,https://wikipedia.org/article/9675
Reminder: conference is coming up next week. Looking forward to it!,0,user_000914,2025-08-31T12:38:59Z,,
🚨 URGENT: Your PayPal account has been suspended! Verify immediately: https://urgent-action.com/update613,1,user_000711,2025-11-15T14:00:24Z,,https://urgent-action.com/update613
Limited Time: Get iPhone 15 absolutely FREE! Click here: https://tinyurl.com/confirm241,1,user_000148,2025-08-25T13:18:22Z,,https://tinyurl.com/confirm241
Coffee break thoughts: innovation drives progress What do you think?,0,user_000918,2025-11-29T11:17:47Z,,
Weekend plans include hiking. Should be fun!,0,user_000341,2026-02-07T23:01:49Z,,
RT @user_000579: Great meeting with the sales team today. Productive discussions!,0,user_000244,2025-09-30T13:47:01Z,user_000579,
Beautiful sunset today in California! 🌅 #photography,0,user_000897,2025-10-29T13:29:21Z,,https://news.bbc.co.uk/article/9402
Beautiful sunset today in Sydney! 🌅 #photography,0,user_000708,2025-12-03T13:26:47Z,,https://medium.com/article/9759
Beautiful sunset today in Tokyo! 🌅 #photography,0,user_000733,2026-01-17T20:41:24Z,,https://medium.com/article/2824
RT @user_000883: Just finished reading an interesting article about climate change. Thoughts?,0,user_000953,2025-09-27T04:24:55Z,user_000883,
Beautiful sunset today in Tokyo! 🌅 #photography,0,user_000799,2025-09-21T22:27:36Z,,
Working on a new data analysis project. Exciting times ahead!,0,user_000677,2025-09-19T18:19:04Z,,
RT @user_000385: Reading about climate change - fascinating developments in the field,0,user_000750,2025-10-23T23:12:40Z,user_000385,
Security Alert: Suspicious activity on your PayPal. Confirm identity: https://verify-now.net/update435,1,user_000148,2026-01-16T15:54:55Z,,https://verify-now.net/update435
Weekend plans include hiking. Should be fun!,0,user_000817,2025-09-10T23:34:09Z,,https://cnn.com/article/2218
Weekend plans include reading. Should be fun!,0,user_000926,2026-01-28T08:20:18Z,,
Beautiful sunset today in California! 🌅 #photography,0,user_000679,2025-09-03T20:19:01Z,,https://medium.com/article/6555
Reminder: presentation is coming up next week. Looking forward to it!,0,user_000437,2025-10-15T12:50:02Z,,https://news.bbc.co.uk/article/3658
Just finished reading an interesting article about renewable energy. Thoughts?,0,user_000497,2026-01-04T16:27:12Z,,
RT @user_000733: Beautiful sunset today in Tokyo! 🌅 #photography,0,user_000998,2025-11-30T16:45:30Z,user_000733,https://medium.com/article/2824
Reading about technology trends - fascinating developments in the field,0,user_000696,2025-11-17T11:58:41Z,,
Working on a new mobile app project. Exciting times ahead!,0,user_000995,2025-08-30T08:57:21Z,,https://medium.com/article/2369
Beautiful sunset today in New York! 🌅 #photography,0,user_000847,2026-01-18T07:11:09Z,,https://news.bbc.co.uk/article/3696
Great meeting with the sales team today. Productive discussions!,0,user_000780,2025-09-12T14:13:49Z,,
Reading about climate change - fascinating developments in the field,0,user_000487,2025-08-23T01:31:04Z,,
Great meeting with the product team today. Productive discussions!,0,user_000473,2025-08-23T09:19:04Z,,
Celebrating graduation with the family today! 🎉,0,user_000795,2025-10-02T11:58:32Z,,
"Tax refund of $1,200 pending. Claim here: https://click.me/update565",1,user_000503,2025-10-18T23:51:54Z,,https://click.me/update565
RT @user_000897: Beautiful sunset today in California! 🌅 #photography,0,user_000559,2025-10-16T23:09:01Z,user_000897,https://news.bbc.co.uk/article/9402
Reminder: workshop is coming up next week. Looking forward to it!,0,user_000573,2025-10-10T22:54:06Z,,
Working on a new machine learning project. Exciting times ahead!,0,user_000566,2025-12-23T05:38:31Z,,https://news.bbc.co.uk/article/9508
RT @user_000050: Just finished reading an interesting article about AI. Thoughts?,0,user_000552,2025-12-17T18:54:47Z,user_000050,
Great meeting with the marketing team today. Productive discussions!,0,user_000436,2025-09-09T01:17:18Z,,
Reminder: webinar is coming up next week. Looking forward to it!,0,user_000489,2025-09-26T15:48:28Z,,
Weather update: It's sunny in California today,0,user_000809,2026-02-11T19:07:56Z,,
RT @user_000814: Just finished reading an interesting article about AI. Thoughts?,0,user_000083,2025-12-22T13:06:04Z,user_000814,
Tax refund of $850 pending. Claim here: https://bit.ly/update313,1,user_000193,2026-02-02T16:42:41Z,,https://bit.ly/update313
Just finished reading an interesting article about space exploration. Thoughts?,0,user_000700,2025-09-17T01:45:39Z,,https://youtube.com/article/6006
Great meeting with the design team today. Productive discussions!,0,user_000105,2025-08-30T15:56:15Z,,
Coffee break thoughts: collaboration is key What do you think?,0,user_000363,2025-09-24T11:09:40Z,,
BREAKING: Apple is giving away smart TV! Get yours: https://bit.ly/claim826,1,user_000692,2025-12-15T21:09:55Z,,https://bit.ly/claim826
Reminder: meetup is coming up next week. Looking forward to it!,0,user_000750,2025-09-07T01:08:27Z,,
Great meeting with the engineering team today. Productive discussions!,0,user_000297,2026-02-01T15:11:28Z,,
Beautiful sunset today in California! 🌅 #photography,0,user_000395,2025-11-03T13:36:41Z,,
BREAKING: Tesla is giving away iPhone 15! Get yours: https://verify-now.net/confirm225,1,user_000339,2025-10-04T18:22:01Z,,https://verify-now.net/confirm225
Reading about AI - fascinating developments in the field,0,user_000170,2026-01-23T19:38:22Z,,
Beautiful sunset today in London! 🌅 #photography,0,user_000928,2025-11-11T19:14:30Z,,
Great meeting with the marketing team today. Productive discussions!,0,user_000014,2025-12-20T13:57:42Z,,
RT @user_000708: Beautiful sunset today in Sydney! 🌅 #photography,0,user_000498,2026-01-24T01:31:42Z,user_000708,https://medium.com/article/9759
Beautiful sunset today in London! 🌅 #photography,0,user_000587,2025-08-26T17:35:20Z,,
Just finished reading an interesting article about space exploration. Thoughts?,0,user_000732,2025-11-20T18:26:54Z,,
Your Apple payment failed. Update info to avoid suspension: https://bit.ly/claim619,1,user_000339,2026-01-11T07:55:55Z,,https://bit.ly/claim619
Weekend plans include reading. Should be fun!,0,user_000135,2026-01-14T21:55:23Z,,
Weather update: It's windy in London today,0,user_000066,2026-01-20T07:09:18Z,,https://cnn.com/article/4249
Weather update: It's sunny in London today,0,user_000370,2025-11-13T13:52:06Z,,https://cnn.com/article/7059
